foodname,calories,protein,fat,carbs,salt
"Hafer ganzes Korn, roh",343,11.375,7.09,53.7,0.02
Hafer Flocken,348,13.22,6.65,53.3,0.00495
"Gerste ganzes Korn, roh",332,11.244,2.1,62.6,0.045
Gerste Mehl,340,11.3,2.0,62.6,0.02
Mais roh,336,8.656,3.8,62.84,0.015
Mais Mehl,330,8.663,2.82,62.84,0.002
"Reis poliert, roh",351,7.931,0.62,77.1,0.03942
"Reis parboiled, poliert, roh",333,8.125,1.03,72.1,0.005
"Teigwaren eifrei, roh",346,12.4,1.6,68.833,0.0078
"Vollkornteigwaren eifrei, roh",356,14.3,2.93,62.9,0.01
Erdbeere roh,38,0.82,0.4,5.917,0.002
Himbeere roh,43,1.0,0.3,5.2,0.0012
Maulbeere roh,51,1.37,0.39,8.1,0.015
Rucola roh,21,3.6,0.4,0.0,0.075
"Stielmus/Rübstiel, roh",18,1.5,0.3,0.81,0.1
"Gemüsepaprika grün, roh",38,1.08,0.24,6.88,0.012
"Gemüsepaprika rot, roh",36,1.025,0.2,6.19,0.00312
"Kohlrübe/Steckrübe, roh",22,1.25,0.16,2.3,0.025
Knollensellerie roh,30,1.55,0.33,2.77,0.192
"Weiße Rübe/Wasserrübe/Herbstrübe, roh",40,0.99,0.22,6.58,0.145
"Alfalfasprossen/Alfalfakeimlinge, roh",29,4.0,0.69,0.3,0.015
"Linsensprossen/Linsenkeimlinge, roh",29,4.65,0.39,0.3,0.015
Tofu,115,15.51,5.63,0.0,0.032
Seidentofu,46,4.57,2.9,0.0,0.018
Roquefort mind. 50 % Fett i. Tr.,363,21.5,30.6,0.0,3.74
Gorgonzola mind. 48 % Fett i. Tr.,329,18.65,28.06,0.0,1.868
"Milchpulver mit hohem Fettgehalt (Sahnepulver, Rahmpulver)",586,21.6,42.0,28.3,0.675
Vollmilchpulver,483,24.687,26.2,35.1,0.928
Magermilchpulver,347,34.287,0.48,50.5,1.392
Buttermilchpulver,363,32.719,6.75,42.12,0.885
Kaffeeersatzpulver,279,3.97,0.08,51.25,0.2312
Zichorienkaffeepulver,304,6.8,1.6,51.25,0.39
Apfelwein,44,0.0,0.0,4.0,0.01
Obstbrand/Obstwasser,274,0.0,0.0,0.0,0.002
Wodka,225,0.0,0.0,0.0,0.002
"Rum 37,5/40 % vol",214,0.0,0.0,0.0,0.002
Honig,305,0.4,0.0,74.091,0.008
Blütenhonig (Nektarhonig),318,0.38,0.0,78.557,0.005
Hering roh,150,17.2,9.005,0.0,0.24
Bückling (Hering) heiß geräuchert,224,21.2,15.5,0.0,1.63
Sprotte geräuchert,243,19.4,18.4,0.0,1.962
Steinbutt roh,82,16.7,1.73,0.0,0.285
"Heilbutt/Weißer Heilbutt, roh",133,20.1,5.83,0.0,0.168
Karpfen roh,119,18.0,5.18,0.0,0.075
"Blei/Brachsen/Brasse, roh",96,16.6,3.31,0.0,0.082
"Barsch/Flussbarsch, roh",79,18.4,0.6,0.0,0.118
"Rotbarsch/Goldbarsch, roh",92,15.3,3.47,0.0,0.2
Hummer roh,81,15.9,1.9,0.0,0.675
"Garnele/Granat/Krabbe, roh",87,18.6,1.44,0.0,0.365
Europäische Auster roh,67,9.0,2.94,1.09,0.4
Miesmuschel roh,60,10.51,1.955,0.0,0.74
"Schwein Fettwamme, ohne Schwarten, geringer Magerfleischanteil (S XI) roh",645,6.3,68.82,0.0,0.124
"Schaf Fettgewebe, intermuskulär roh",637,5.06,68.5,0.0,0.085
"Schaf Brust, mittelfett, roh",179,19.6,11.2,0.0,0.215
"Schaf Brust, fett, roh",381,12.0,37.0,0.0,0.2
"Schaf Bug/Schulter, mager, roh",140,19.7,6.76,0.0,0.175
"Schaf Hinterhaxe, mager, roh",112,20.4,3.35,0.0,0.205
"Kaninchen Fleisch, roh",133,20.8,5.5,0.0,0.132
"Hase Fleisch, roh",113,21.6,3.01,0.0,0.11
"Schwein Hirn, roh",123,10.6,9.0,0.0,0.382
"Schaf Hirn, roh",119,10.4,8.58,0.0,0.28
Hafer Schrot,343,11.375,7.09,53.7,0.02
Hafer Grütze,351,15.9,5.84,53.3,0.0158
Hafer Mehl,360,14.238,7.15,53.2,0.015
Hafer Kleie,371,15.6,7.7,53.3,0.00495
Gerste Graupen,313,10.399,1.36,62.6,0.012
Gerste Schrot,332,11.244,2.1,62.6,0.045
Gerste Grütze,316,8.502,1.5,62.01,0.008
Gerste Flocken,332,11.244,2.1,62.6,0.045
Gerste Grieß,340,11.3,2.0,62.6,0.02
Mais Stärke,348,0.431,0.08,85.9,0.008
Reis Mehl,347,7.198,0.65,77.1,0.01
"Reis unpoliert, roh",360,8.384,2.7,73.43,0.009765
Mais Grieß,330,8.663,2.82,62.84,0.002
Mais Grütze,330,8.663,2.82,62.84,0.002
Eierteigwaren roh,342,13.2,2.0,66.093,1.25
Wald-Erdbeere roh,38,0.82,0.4,5.917,0.002
Loganbeere roh,36,1.1,0.3,3.4,0.008
Brombeere roh,49,1.3,0.2,10.2,0.002
Moltebeere roh,43,1.0,0.3,5.2,0.0012
"Johannisbeere rot, roh",39,1.438,0.2,4.3,0.005
Boysenbeere roh,48,0.5,0.3,7.01,0.0012
Heidelbeere roh,61,0.5,0.6,9.7,0.005
Wald-Himbeere roh,43,1.0,0.3,5.2,0.0012
"Pfefferschote grün, roh",41,2.0,0.2,6.88,0.018
"Gemüsepaprika gelb, roh",28,0.8,0.2,4.422,0.002
"Pfefferschote rot, roh",40,1.87,0.44,6.19,0.022
"Mungbohnensprossen/Mungbohnenkeimlinge, roh",19,3.2,0.3,0.3,0.012
"Sojabohnensprossen/Sojabohnenkeimlinge, roh",40,6.306,1.025,0.3,0.075
Feta mind. 45 % Fett i. Tr.,284,15.68,24.09,0.0,2.392
Edelpilzkäse mind. 50 % Fett i. Tr.,346,21.4,28.7,0.0,2.2
Edelpilzkäse mind. 45 % Fett i. Tr.,329,18.65,28.06,0.0,1.868
Edelpilzkäse mind. 60 % Fett i. Tr.,409,17.6,37.4,0.1,1.955
Süßmolkenpulver,349,10.9,1.1,72.8,2.0
Fruchtwein (Obstwein),43,0.0,0.0,4.0,0.01
Most,37,0.0,0.0,1.6,0.01
Whisky/Whiskey,231,0.0,0.0,0.0,0.00035
Arrak,214,0.0,0.0,0.0,0.002
Rum 80 % vol,455,0.0,0.0,0.0,0.002
Agavenbrand (Mezcal/Tequila),234,0.0,0.0,0.0,0.002
Brand aus Zuckerrohr (Cachaca),214,0.0,0.0,0.0,0.002
Calvados,227,0.0,0.0,0.0,0.002
Spirituosen mit Kümmel/Aquavit,274,0.0,0.0,0.0,0.002
Obstgeist,274,0.0,0.0,0.0,0.002
Gerstenmalzextrakt,359,4.4,0.0,73.8,0.025
Honigtauhonig (Waldhonig),362,0.38,0.0,85.927,0.005
Sardine roh,151,19.4,8.15,0.0,0.34
"Schillerlocken (Dornhai, Bauchlappen, heiß geräuchert)",286,21.3,22.3,0.0,1.558
Sprotte roh,186,16.7,13.3,0.0,0.225
"Goldbutt/Scholle, roh",76,17.2,0.8,0.0,0.153
Schwarzer Heilbutt roh,161,13.217,12.0,0.0,0.215
"Katfisch/Steinbeißer, roh",82,15.8,2.13,0.0,0.262
Schleie roh,77,17.7,0.74,0.0,0.082
Wels roh,128,15.3,7.4,0.0,0.048
"Pangasius/Schlankwels, roh",76,14.91,1.82,0.0,0.585
Zander roh,86,20.0,0.66,0.0,0.06
Meeräsche roh,108,20.4,2.89,0.0,0.172
Schafskopf (Meerbrasse) roh,102,20.2,2.41,0.0,0.178
"Edelkrebs/Flusskrebs, roh",64,15.0,0.47,0.0,0.632
Languste roh,79,17.2,1.1,0.0,0.455
Große Sandklaffmuschel roh,54,10.5,1.31,0.0,0.302
Venusmuschel roh,73,14.7,0.96,1.4,0.822
"Pilgermuschel/Jakobsmuschel, roh",63,15.6,0.1,0.0,0.74
"Schwein Rückenspeck, kernig, ohne Schwartenzug (S VIII) roh",746,4.41,80.92,0.0,0.0992
"Schwein Speck, ohne Schwartenzug (S VII) roh",660,6.94,70.23,0.0,0.1142
"Schwein Fettabschnitte, geringer Schwartenzug, sehr geringer Magerfleischanteil (S IX) roh",661,7.68,70.04,0.0,0.1195
"Lamm Fettgewebe, intermuskulär roh",637,5.49,68.3,0.0,0.085
"Schaf Kochfleisch (Brust, fett) roh",381,12.0,37.0,0.0,0.2
"Hammel Brust, roh",381,12.0,37.0,0.0,0.232
"Lamm Brust, roh",290,16.3,25.0,0.0,0.2
"Schaf Bug/Schulter, fett, roh",294,17.2,25.0,0.0,0.242
"Lamm Bug/Schulter, roh",121,19.8,4.6,0.0,0.175
"Schaf Gulasch (Bug, mager) roh",140,19.7,6.76,0.0,0.175
"Schaf Bratenfleisch (Bug, mager) roh",140,19.7,6.76,0.0,0.175
"Schaf Keule, mager, roh",128,22.6,4.2,0.0,0.16
"Schaf Vorderhaxe, mager, roh",112,20.4,3.35,0.0,0.205
"Wildkaninchen Fleisch, roh",104,20.9,2.32,0.0,0.125
"Hammel Hirn, roh",126,10.9,9.1,0.0,0.28
Hafer Grieß,360,14.238,7.15,53.2,0.015
Wildreis roh,363,13.14,0.953,73.43,0.01452
"Glasnudeln aus Mungbohnenstärke, roh",350,0.237,0.056,85.9,0.039
Weizen Stärke,335,0.431,0.14,82.5,0.005
Kartoffelstärke (Kartoffelmehl),338,0.614,0.1,83.1,0.02
Reis Stärke,344,0.819,0.08,85.0,0.028
Reis Grieß,347,7.198,0.65,77.1,0.01
Reisnudeln roh,365,7.198,0.56,81.9,0.242
Eierteigwaren Tortellini (Fleischfüllung) getrocknet,369,13.51,7.01,61.85,2.162
Eierteigwaren Tortelloni (Ricotta-Spinat-Füllung) getrocknet,278,10.52,4.51,47.76,1.35
Wald-Brombeere roh,49,1.3,0.2,10.2,0.002
Moosbeere roh,69,0.4,0.7,9.93,0.005
Preiselbeere roh,43,0.6875,0.53,6.231,0.005
"Johannisbeere weiß, roh",45,1.1,0.2,6.1,0.005
Johannisbeere schwarz roh,57,1.375,0.22,8.71,0.00282
"Salzlakenkäse aus Kuhmilch, Hirtenkäse, mind. 45 % Fett i. Tr.",259,16.361,21.0,0.0,2.498
"Salzlakenkäse aus Schafmilch, mind. 20 % Fett i. Tr.",161,18.846,9.0,0.0,2.875
"Salzlakenkäse aus Ziegenmilch, mind. 45 % Fett i. Tr.",271,14.9,23.0,0.0,2.288
"Salzlakenkäse aus Schafmilch, mind. 45 % Fett i. Tr.",283,15.445,24.09,0.0,2.392
Danablu mind. 50 % Fett i. Tr.,354,21.5,29.5,0.0,2.9
Spirituosen mit Wacholder,231,0.0,0.0,0.0,0.00035
Spirituosen mit Anis,231,0.0,0.0,0.0,0.00035
Getreidebrand (Korn),231,0.0,0.0,0.0,0.00035
Weinbrand/Brandy,221,0.0,0.0,0.0,0.005
Gin,246,0.0,0.0,0.0,0.00035
Stint roh,85,17.4,1.7,0.0,0.39
Sardelle roh,204,20.1,13.7,0.0,0.26
Seeteufel roh,66,14.9,0.76,0.0,0.272
"Goldbutt/Scholle, tiefgefroren",76,16.4,1.2,0.0,0.368
Flunder roh,88,16.5,2.39,0.0,0.4
Meerbarbe roh,98,20.1,2.0,0.0,0.178
Tintenfisch roh,73,16.1,0.98,0.0,0.968
Schwein Speck/Rückenspeck (grüner Speck) roh,746,4.41,80.92,0.0,0.0992
"Rind Fettgewebe, intermuskulär roh",671,8.2,70.9,0.0,0.072
"Schaf Gulasch (Bug, fett) roh",294,17.2,25.0,0.0,0.242
"Schaf Bratenfleisch (Bug, fett) roh",294,17.2,25.0,0.0,0.242
"Hammel Bug/Schulter, roh",287,15.6,25.0,0.0,0.242
"Ziege Fleisch, roh",127,20.55,5.005,0.0,0.16
"Schaf Keule, mittelfett, roh",180,18.8,11.6,0.0,0.15
"Schaf Schnitzel (Keule, mager) roh",128,22.6,4.2,0.0,0.16
"Schaf Keule, fett, roh",234,18.0,18.0,0.0,0.168
Schlehe roh,52,0.75,0.22,7.82,0.00282
Holunderbeere roh,72,2.53,1.7,7.83,0.002
Tapioka/Tapiokastärke,346,0.625,0.24,84.9,0.01
Kartoffelpüree Instantpulver,329,7.4,0.467,70.7,0.345
Pfeilwurzelmehl/Marantastärke,341,0.3,0.1,83.1,0.005
Cognac,221,0.0,0.0,0.0,0.005
Spirituosen mit bitterem Geschmack (Bitter),325,0.0,0.0,0.0,0.00035
Schnecken roh,68,14.4,1.2,0.0,0.175
Seezunge roh,87,17.5,1.86,0.0,0.25
Rotzunge roh,71,15.5,1.0,0.0,0.302
"Kalb Fettgewebe, intermuskulär roh",671,8.2,70.9,0.0,0.072
"Schaf Hinterhaxe, mittelfett, roh",180,18.8,11.6,0.0,0.15
"Schaf Schnitzel (Keule, mittelfett) roh",180,18.8,11.6,0.0,0.15
"Hammel Keule, roh",234,18.0,18.0,0.0,0.195
Kartoffelkloß (aus rohen Kartoffeln) Trockenprodukt,320,6.03,0.227,70.7,3.475
Kartoffelkloß (aus gekochten Kartoffeln) Trockenprodukt,324,5.76,1.09,70.7,3.0
Seezunge tiefgefroren,73,16.7,0.7,0.0,0.288
"Schaf Vorderhaxe, mittelfett, roh",180,18.8,11.6,0.0,0.15
Roggenvollkornbrot,193,6.04,1.81,32.49,1.1012
Roggenmischbrot,218,7.38,0.97,41.96,1.47
Weizenbrot/Weißbrot,272,8.69,2.97,50.54,1.4205
Weizenbrötchen,280,10.09,1.81,53.97,1.828
Weizen Keim,324,28.48,8.34,24.54,0.0018
"Quinoa weiß, roh",361,12.56,6.29,59.65,0.0088
Weizen Vollkornmehl,339,12.76,1.78,61.78,0.0018
"Weizen Backschrot, Type 1700",341,12.52,1.8,62.39,0.0018
"Weizen Mehl, Type 812",352,12.44,1.38,69.29,0.0055
"Weizen Mehl, Type 1050",352,13.08,1.7,67.91,0.0018
"Weizen Mehl, Type 1600",339,14.52,2.44,59.27,0.0018
"Weizen Mehl, Type 405",348,10.46,0.93,71.77,0.0022
"Weizen Mehl, Type 550",349,11.94,1.09,70.55,0.0018
Weizen Kleie,266,17.2,3.95,18.92,0.0028
"Roggen Mehl, Type 815",323,7.54,0.92,65.17,0.0018
Dinkel Vollkornmehl,335,13.42,2.3,60.13,0.003
Buchweizen roh,339,13.05,3.13,61.86,0.0008
Hirse roh,352,11.79,3.13,67.6,0.001
Cornflakes gesüßt,366,6.24,1.75,79.35,0.8638
Cornflakes ungesüßt,376,7.18,0.84,82.96,0.1472
Reiswaffeln ungesalzen,371,8.0,2.42,77.47,0.0125
Maiswaffeln gesalzen,389,7.98,3.93,79.4,0.2612
"Cerealien extrudiert, gesüßt, ungefüllt, mit Frucht-/Honig-/Karamell-/Schokogeschmack",371,7.92,2.76,75.33,0.547
"Cerealien extrudiert, gesüßt, divers gefüllt",481,6.98,21.08,63.7,0.2962
"Weizenpops/Weizen gepufft, gesüßt",372,9.34,1.8,76.52,0.0048
"Cerealien aus Vollkornweizenschrot, gesüßt, ungefüllt, Natur/Frucht/Schokolade",363,10.36,1.8,71.29,0.0045
Reisdrink ungesüßt,59,0.0,1.04,12.31,0.0975
Haferdrink ungesüßt,29,0.74,1.01,4.0,0.118089
Zwieback eifrei,414,11.05,7.86,72.21,0.6725
Erdnuss geröstet,620,29.0,49.7,9.9,0.008
Salzbrezeln/Salzstangen (Laugendauergebäck),389,11.54,4.3,73.72,4.025
Butterkekse/Butterplätzchen (Mürbeteig),456,7.54,16.12,68.89,0.8212
Hühnerei roh,135,13.175,9.0,0.34,0.385
Hühnerei Pulver,562,46.0,41.8,0.56,1.302
"Hühnerei Eigelb, roh",345,15.6,31.3,0.21,0.13
"Hühnerei Eigelb, getrocknet",671,34.2,59.3,0.23,0.228
"Hühnerei Eiklar, roh",42,9.9,0.03,0.41,0.462
"Hühnerei Eiklar, getrocknet",338,81.1,0.12,3.1,3.55
Rhabarber roh,20,0.6,0.14,1.359,0.005
Apfel roh,58,0.424,0.5,11.7,0.002
Aprikose roh,42,0.8,0.13,8.22,0.005
Aprikose getrocknet,216,2.66,0.23,44.0,0.0052
"Sauerkirsche gezuckert, Konserve, abgetropft",52,0.84,0.21,11.06,0.002
Hagebutte roh,111,3.6,0.6,16.2,0.06
Sanddornbeere roh,51,1.42,3.2,2.4,0.01
"Cranberries getrocknet, gezuckert",287,0.53,0.34,68.61,0.0382
Avocado roh,132,1.37,12.5,1.37,0.012
Banane roh,79,1.319,0.4,15.89,0.0013
Dattel getrocknet,356,2.64,0.36,79.3,0.0118
Feige roh,52,1.3,0.5,9.6,0.002
Feige getrocknet,276,3.54,1.28,55.17,0.335
Granatapfel roh,79,0.7,0.6,16.1,0.005
Kaki roh,67,0.7,0.3,14.125,0.004
"Maracuja/Passionsfrucht, roh",57,0.71331,0.2,9.54,0.0224
Acerola roh,16,0.21,0.23,2.66,0.008
Kiwi roh,61,0.9,0.5,10.1,0.008
Litschi roh,83,0.86,0.3,18.4,0.005
Mango roh,60,0.7,0.45,12.0,0.022
Papaya roh,46,0.7,0.09,9.6,0.035
Brotfrucht roh,100,1.3,0.3,22.529,0.02
"Netzmelone/Cantaloupmelone, roh",25,0.84,0.19,4.5,0.025
Jackfrucht roh,78,1.1,0.45,15.31,0.005
"Karambole/Sternfrucht, roh",27,1.2,0.5,3.5,0.005
Kaktusfeige roh,52,1.0,0.4,8.63,0.0
"Feijoa/Ananas-Guave, roh",53,0.8,0.42,8.4,0.008
"Mandarine gezuckert, Konserve, abgetropft",72,0.51,0.31,16.15,0.0128
"Bananenchips frittiert, gesüßt",490,1.88,30.32,49.35,0.002
Basilikum roh,23,3.15,0.64,0.31,0.01
Schnittlauch roh,29,2.6,0.74,1.54,0.024
Schnittlauch getrocknet,169,21.2,3.5,0.0,0.175
"Feldsalat/Rapunzel, roh",18,1.9,0.36,0.808,0.02515
Kopfsalat roh,18,1.5,0.22,1.7,0.078
Radicchio roh,20,1.4,0.25,2.6,0.055
"Römischer Salat/Romanasalat, roh",14,1.2,0.13,1.3,0.022
Spinat roh,18,2.067,0.3,0.93,0.125
Petersilienblatt getrocknet,238,26.6,5.5,7.3,1.13
Brennnessel roh,46,7.37,0.61,1.309,0.0
Löwenzahn roh,34,3.13,0.62,2.44,0.19
Sauerampfer roh,25,3.19,0.36,1.16,0.0
Gartenkresse roh,31,4.2,0.7,0.23,0.03158
Blumenkohl roh,35,2.424,0.28,5.33,0.03
Broccoli roh,35,3.622,0.5967,2.3,0.065
Rotkohl roh,28,1.563,0.18,3.732,0.028
Rotkohlgemüse (küchenfertig) Konserve,56,1.3,0.15,10.29,1.0688
Weißkohl roh,32,1.382,0.19,4.54,0.012
"Sauerkraut Konserve, abgetropft",34,1.15,0.41,2.37,0.9812
"Fenchelblatt/Bologneser Fenchel, roh",33,2.43,0.3,3.24,0.215
Spargel roh,28,1.96,0.156,3.98,0.00535
"Porree/Lauch, roh",36,2.14,0.25,5.0,0.0012
Okra roh,32,2.1,0.2,3.05,0.01
Tomate roh,22,0.95,0.11,3.25,0.01
Zuckermais roh,67,3.28,1.23,9.4,0.005
"Zuckermais Konserve, abgetropft",79,2.71,1.94,10.84,0.3725
Kürbis Pumpkin (C. pepo) roh,36,1.1,0.13,5.81,0.002228
Zucchini roh,22,1.3,0.287,3.0,0.0027
"Rote Rübe/Rote Bete, roh",43,2.063,0.1,7.22,0.142
"Karotte/Möhre, roh",40,0.84,0.4,6.471,0.0568
Nori-Blatt geröstet,261,38.26,4.36,1.76,1.83
Sojalecithin,760,0.0,83.0,3.2,0.0
Erdnussbutter/Erdnusscreme,606,24.08,47.78,16.09,0.7912
Haselnuss,667,16.25,63.3,4.2,0.0
"Kokos Fruchtfleisch, roh",378,4.623,36.5,3.5,0.088
"Kokos Fruchtfleisch, geraspelt, getrocknet",676,7.38,65.2,7.8,0.0502
Kokoswasser (Fruchtwasser),10,0.25,0.4,1.28,0.118
Cashewkern,618,21.01,47.1,26.0,0.025
Paranuss,704,16.96,68.1,2.8,0.059
Edelkastanie/Marone,210,2.925,1.9,41.2,0.005
Pistazie geröstet ohne Fett,603,24.18,49.3,7.6,0.0065
Kürbiskern,588,35.49,46.34,2.81,0.0692
Gartenbohne reif,344,22.6185,1.6,45.751,0.01
"Sojaschnetzel/Sojagranulat, texturiert, trocken",351,50.2,6.74,13.46,0.004
Mungbohne reif,292,23.9,1.15,38.7,0.035
Mandeldrink ungesüßt,24,0.87,2.159,0.2,0.12751099
"Dessert/Puddingalternative, pflanzlich",89,2.32,3.78,10.85,0.065
Soja-Joghurtalternative ungesüßt,44,4.17,2.67,0.33,0.0852
Sojakochcreme,157,2.2,15.7,1.4,0.132
Miso/Sojabohnenpaste,174,10.6,10.5,6.2,10.75
"Sonnenblumenkernaufstrich, Brotaufstrich pflanzlich",308,4.15,27.75,7.84,1.1238
Vegetarische Bratwurst (aus Tofu und Weizenprotein),195,18.38,9.79,5.31,1.713
Veganes Schnitzel,297,15.6,18.55,13.57,1.7825
Veganer Aufschnitt (Wurstalternative),195,16.8,11.25,4.67,2.47
"Vegetarischer Aufschnitt (Wurstalternative, mit Ei)",179,7.88,13.41,2.5,2.275
"Kartoffel geschält, roh",83,1.94,0.1,17.9,0.0085
"Kartoffelchips/Stapelchips, diverse Sorten",526,5.5,34.3,45.88,1.59
"Maniok/Cassava, roh",146,1.0,0.23,33.5,0.002
"Batate/Süßkartoffel, roh",119,1.63,0.6,25.2,0.01
"Topinambur/Erdartischocke, roh",55,2.44,0.41,4.0,0.0
Yamswurzel roh,123,2.0,0.13,25.7,0.025
Champignon roh,28,3.66,0.274,2.9,0.10332
Morchel roh,29,2.488,0.32,0.6,0.005
Pfifferling roh,26,3.91,0.271,0.551,0.008
Shiitakepilz roh,30,2.5,0.2,2.38,0.0025
Austernpilz roh,32,3.31,0.22,1.27,0.015
"Vegetarische Pastete, Brotaufstrich hefebasiert",229,4.95,18.15,7.9,1.1475
"Milch fettarm, frisch, 1,5 % Fett, pasteurisiert",44,3.49,1.54,3.86,0.088
"Vollmilch frisch, 3,5 % Fett, pasteurisiert",62,3.55,3.49,4.03,0.0872
"Rohmilch/Vorzugsmilch, mind. 3,5 % Fett",67,3.262,3.78,4.716,0.12
"H-Milch fettarm, 1,5 % Fett, ultrahocherhitzt",44,3.16,1.45,4.21,0.0928
"H-Vollmilch 3,5 % Fett, ultrahocherhitzt",62,3.18,3.49,4.19,0.0895
"Joghurt mild, mind. 3,5 % Fett",67,3.98,3.46,4.13,0.1
Schlagsahne mind. 36 % Fett,363,2.2,38.0,3.0,0.08
"Kondensmagermilch max. 1 % Fett, gezuckert",269,10.0,0.2,56.7,0.45
"Kondensmilch mind. 8 % Fett, gezuckert",322,7.91,8.7,52.9,0.28
Kondensmilch 10 % Fett,195,7.63,10.19,17.9,0.3162
"Joghurt mild, aus entrahmter Milch, max. 1 % Fett, mit Fruchtzubereitung, gesüßt",75,3.45,0.42,13.26,0.1255
"Joghurt mild, max. 3,8 % Fett, mit Fruchtzubereitung, gesüßt",96,3.01,2.96,13.0,0.104
Emmentaler mind. 45 % Fett i. Tr.,374,27.5,29.15,0.0,0.532
Schnittkäse mind. 45 % Fett i. Tr.,337,25.22,26.04,0.0,1.3488
Gouda 48 % Fett i. Tr.,379,22.47,31.58,0.0,2.17
Schnittkäse halbfest mind. 45 % Fett i. Tr.,316,21.46,25.06,0.1,1.5662
Brie mind. 60 % Fett i. Tr.,329,15.22,29.7,0.01,0.9912
Camembert mind. 45 % Fett i. Tr.,257,19.58,19.82,0.05,1.3955
Limburger mind. 40 % Fett i. Tr.,249,21.18,18.22,0.019,1.985
"Schnittkäse aus Ziegenmilch, mind. 50 % Fett i. Tr.",384,19.16,33.63,0.022,1.2912
"Weichkäse aus Ziegenmilch, mind. 45 % Fett i. Tr.",285,17.86,22.66,1.92,1.4775
"Frischkäsezubereitung Natur, mind. 60 % Fett i. Tr.",252,6.6,23.25,3.69,0.7112
"Speisequark Magerstufe, Magerquark < 10 % Fett i. Tr.",66,11.85,0.18,3.68,0.084
"Frischkäse aus Ziegenmilch, Natur, mind. 45 % Fett i. Tr.",230,17.94,16.42,2.02,1.0488
Schmelzkäsezubereitung 45 - 52 % Fett i. Tr.,284,11.8,23.7,5.3,2.3088
"Frischkäsezubereitung mind. 60 % Fett i. Tr., mit Gemüse/Kräutern",234,5.57,21.46,3.89,0.875
Trinkwasser,0,0.0,0.0,0.0,0.0058
Kaffee (Getränk),1,0.12,0.0,0.0,0.01
Instantkaffeepulver,150,19.5,1.2,4.1,0.12
"Cappuccino Instantpulver, gesüßt",403,10.34,10.9,60.5,1.702
Grüntee (Getränk),0,0.1,0.0,0.0,0.005
"Malzgetränk, alkoholfrei",43,0.38,0.0,10.32,0.006
Rosewein lieblich,72,0.1,0.0,2.5,0.01
Haselnussöl,899,0.0,99.9,0.0,0.0
Mandelöl,900,0.0,100.0,0.0,0.0
Kürbiskernöl,900,0.0,100.0,0.0,0.001108
Butter mild gesäuert,747,1.188,82.2,0.571,0.028
Fischleberöl/Lebertran,900,0.0,100.0,0.0,2e-05
Rinderfett/Rindertalg,897,0.425,99.5,0.0,0.025
Tahin (Sesammus),595,18.0,56.0,0.7,0.14
Speisesalz/Siedesalz/Tafelsalz,0,0.0,0.0,0.0,95.3625
Nitritpökelsalz,0,0.0,0.0,0.0,99.0
Nitritpökelsalz jodiert,0,0.0,0.0,0.0,99.0
Apfelessig,18,0.2,0.0,0.147,0.045
Senf mittelscharf,111,5.51,6.96,2.94,3.275
Tomatenketchup,98,1.4,0.1,21.16,1.9
Sojasauce/Sojasoße,66,6.3,0.88,5.47,11.5325
"Feinkostsauce/Grillsauce, Mayonnaise-Basis",274,1.1,24.58,11.15,1.3925
Basilikum getrocknet,211,23.0,4.07,1.71,0.19
"Pfeffer schwarz, getrocknet",304,10.92,2.77,46.07,0.032
Backpulver,88,0.09,0.124,21.6,29.5
"Hirschhornsalz (Ammoniumhydrogencarbonat, E 503)",0,0.0,0.0,0.0,0.0
Sahnestandmittel,369,0.067,0.045,92.057,0.208
Backhefe getrocknet (Trockenbackhefe),334,40.4,7.61,14.3,0.128
Backhefe frisch (Frischbackhefe),128,16.7,1.2,10.0,0.085
Gelatine/Speisegelatine,341,85.1,0.1,0.0,0.412
Milchsäure 80 % (E 270),240,0.0,0.0,0.0,0.0
Citronensäure/Zitronensäure (E 330),300,0.0,0.0,0.0,0.0
Ascorbinsäure (E 300),0,0.0,0.0,0.0,0.0
Essigsäure 60 % (E 260),180,0.0,0.0,0.0,0.0
"Fleisch Bouillon/Brühe/Suppe (Brühwürfel, Pulver)",207,7.24,6.48,27.76,48.9888
"Gemüse Bouillon/Brühe/Suppe (Brühwürfel, Pulver)",195,5.82,5.8,27.91,51.7312
"Hühner Bouillon/Brühe/Suppe (Brühwürfel, Pulver)",201,6.96,4.3,32.75,55.2875
Zucker weiß (Raffinadezucker/Weißzucker),400,0.0,0.0,100.0,0.012
Zucker braun (Kandisfarin/Rohzucker),387,0.0,0.0,96.7,0.005
Traubenzucker (Dextrose/Glukose),400,0.0,0.0,100.0,0.0
Milchzucker (Laktose),400,0.0,0.0,100.0,0.0
Malzzucker (Maltose),400,0.0,0.0,100.0,0.0
Fruchtzucker (Fruktose),400,0.0,0.0,100.0,0.0
Nuss-Nougat-Creme,530,6.9,30.55,54.75,0.0715
Glukosesirup maltosehaltig,413,0.0,0.0,79.5,0.0
Sorbit Pulver (E 420),235,0.0,0.0,98.0,0.0
Schokoladeneis,232,3.62,10.48,29.25,0.092
Walnusseis,240,3.4,12.8,26.74,0.0855
Lakritze,311,5.21,0.5,70.64,0.51
"Milchschokoladen-Riegel gefüllt mit Karamell, gerösteten Erdnüssen und Candycreme",494,9.08,25.48,54.96,0.6525
Schokoladen-Schaumkuss,380,2.96,8.66,68.47,0.101
Milchschokoladen-Riegel gefüllt mit Candycreme/mit Candycreme und Karamell,446,3.72,17.05,68.7,0.4712
Vollmilchschokoladen-Riegel gefüllt mit Milchcreme,565,7.51,40.26,39.39,0.1975
Kakaopulver schwach entölt,365,22.61,19.8,10.9,0.73
Aal roh,288,15.1,25.3,0.0,0.162
Dorschleber roh,549,4.4,59.0,0.0,0.12
"Hornfisch/Hornhecht, roh",107,19.5,3.2,0.0,0.155
Kabeljaurogen roh,113,22.4,2.6,0.0,0.265
Makrele roh,149,18.6,8.31,0.0,0.382
"Dorsch/Kabeljau, roh",79,17.8,0.84,0.0,0.18
"Köhler/Seelachs, roh",99,19.32,2.39,0.0,0.1298
Lachs roh,180,19.9,11.2,0.0,0.0798
Lachs geräuchert (Räucherlachs),170,21.25,9.2,0.16,2.925
Forelle geräuchert,137,21.2,5.52,0.0,2.0975
Matjesfilet (Heringsfilet) nordische Art,177,14.64,12.6,0.0,8.65
"Heringsfilet in Tomatencreme/Tomatensauce, Konserve",205,13.5,14.6,4.46,0.9312
Surimi (Krebsfleischimitat aus Fischmuskeleiweiß geformt),89,7.77,3.63,6.25,2.178
"Tintenfischringe paniert, tiefgefroren, gebacken (Ofen)",284,10.62,15.44,21.54,2.48
"Schwein Hackfleisch, roh",271,17.88,22.14,0.0,0.1318
"Rind Blut, roh",72,17.8,0.13,0.0,0.825
"Rind Keule, roh",148,21.0,7.1,0.0,0.15
"Schwein Fettbacke, ohne Schwartenzug (S VI) roh",425,13.16,41.37,0.0,0.1445
"Schwein Maske, ohne Mager- und Fettbacke (S XII) roh",315,19.1,26.46,0.0,0.2858
"Schwein Wamme, mittelfett, ohne Schwartenzug (S X) roh",489,11.43,49.28,0.0,0.123
"Schwein Schwarte, gekocht",237,28.71,13.58,0.0,0.1468
"Schwein Blut, roh",75,18.5,0.11,0.0,0.518
"Schwein Filet/Lende, roh",118,22.79,2.97,0.0,0.1225
Schwein Kotelett (Rücken/cranial) roh,175,21.02,10.08,0.0,0.1218
Schwein Kotelett (Rücken/caudal) roh,115,23.56,2.35,0.0,0.1095
Schwein Bauch (wie gewachsen) roh,324,17.74,28.06,0.0,0.1522
"Schwein Brustspitze, roh",196,19.66,13.07,0.0,0.174
Schwein Dicker Bug (mit Fett und Schwarte) roh,198,20.4,12.92,0.0,0.1422
Schwein Dünner Bug (ohne Fett und Schwarte) roh,135,20.51,5.83,0.0,0.1605
Schwein Restbug (Teile) roh,121,21.51,3.83,0.0,0.1542
"Schwein Vordereisbein/Vorderhaxe, roh",200,22.99,12.06,0.0,0.2512
"Schwein Rohschinken, mager, Rohpökelware, geräuchert",138,28.45,2.02,0.12,5.55
"Schwein Rohschinken, mit Fettrand, Rohpökelware, geräuchert",270,24.05,18.85,0.14,4.6375
"Schwein Nuss, roh",109,21.77,2.43,0.0,0.1358
"Schwein Hüfte/Schinkenspeck, roh",127,22.28,4.23,0.0,0.1188
Schwein Unterschale (mit Rolle) roh,222,19.9,15.79,0.0,0.1435
Schwein Oberschale (ohne Deckel) roh,115,23.01,2.51,0.0,0.1192
"Schwein Hintereisbein/Hinterhaxe, roh",222,20.12,15.7,0.0,0.2122
"Schaf Rücken, roh",120,21.6,3.77,0.0,0.15
"Schaf Hals/Kamm/Nacken, roh",180,18.1,11.9,0.0,0.165
Rindfleischbrühe Konserve,8,1.48,0.22,0.0,0.638
"Hähnchen ganz, entbeint, mit Haut, roh",186,18.37,12.53,0.0,0.1612
"Schwein Herz, roh",117,16.9,5.53,0.0,0.275
"Kalb Hirn, roh",109,10.1,7.6,0.0,0.395
"Rind Leber, roh",131,19.21,3.66,5.3,0.29
"Kalb Leber, roh",86,14.9,1.15,4.1,0.218
"Schwein Leber, roh",131,20.96,4.77,1.0,0.2492
"Rind Lunge, roh",98,18.1,2.9,0.0,0.495
"Schaf Lunge, roh",90,16.7,2.6,0.0,0.392
"Schaf Milz, roh",97,17.2,3.1,0.0,0.21
"Lamm Milz, roh",97,17.2,3.1,0.0,0.21
"Lamm Niere, roh",87,16.1,2.54,0.0,0.398
"Schaf Bries, roh",81,13.2,3.16,0.0,0.148
"Schwein Zunge, roh",190,17.27,13.44,0.0,0.2325
"Hähnchen Herz, roh",165,13.09,12.5,0.0,0.2625
"Hähnchen Leber, roh",112,17.44,4.15,1.2,0.28
"Hähnchen Magen, roh",82,15.9,2.0,0.0,0.2045
Streichmettwurst/Streichmettwurst mit Zwiebeln,231,12.1,19.8,0.22,2.575
Teewurst fein/grob/Rügenwalder Art,373,12.72,35.6,0.0,2.888
Geflügelsalami mit Pflanzenfett,307,20.35,24.35,0.009,3.7875
Wiener Würstchen,289,12.9,26.15,0.0,2.0405
Lyoner/Lyoner Wurst,281,12.25,25.5,0.25,2.0125
"Fleischkäse einfach, fein/Original Bayerischer Leberkäse fein",282,13.5,24.9,0.57,2.26
Bierwurst/Blasenwurst,275,13.73,24.0,0.46,1.84
Delikatess Leberwurst/Feine Leberwurst/Gutsleberwurst,357,12.3,33.15,2.05,1.875
Mettwurst gekocht,315,16.32,27.42,0.26,1.76
"Lachsschinken, Rohpökelware, geräuchert",123,24.43,2.08,0.76,3.8375
Lebkuchen schokoliert,399,6.74,11.5,64.64,0.2325
Hühnerbrühe,5,0.5,0.3,0.0,0.85
Gemüsebrühe,4,0.32,0.1,0.54,0.67
Leinsamen,470,22.27,36.5,1.7,0.142
Fischbrühe,8,1.0,0.4,0.0,0.738
Fleischbrühe (Rind),3,0.4,0.2,0.0,0.562
Walnuss,721,16.07,70.6,3.0,0.0
Vanilleeis,194,2.38,10.16,22.64,0.1035
Sesam,565,20.896,50.4,1.42,0.112
Sonnenblumenkern,564,26.11,47.6,4.8,0.0
Mohn,528,23.821,42.2,2.99,0.052
"Oliven grün, gesäuert, abgetropft",132,1.21,13.55,0.0,4.232
Bambussprossen roh,17,2.5,0.3,0.96,0.015
Buttermilch,39,3.23,0.56,4.73,0.094
Petersilienblatt roh,33,4.088,0.36,1.31,0.3138
Rosenkohl roh,40,4.45,0.34,2.26,0.022
Speisezwiebel roh,34,1.156,0.15,6.01,0.022
Aubergine roh,19,0.57,0.18,3.02,0.01
Gurke roh,16,1.062,0.2,1.97,0.008
Pastinake roh,59,2.6875,0.43,9.7,0.02
"Bohne grün, roh",28,2.238,0.24,3.4,0.00495
"Dicke Bohne unreif, roh",63,5.4,0.6,6.2,0.048
"Erbse grün, roh",88,5.9,0.48,12.303,0.005
Zuckererbse roh,38,3.6,0.2,4.4,0.04
Vegetarische Wiener Würstchen,248,21.6,15.07,5.45,1.7688
"Schwein Kamm, roh",175,19.21,10.9,0.0,0.1358
Roggenvollkornschrotbrot,193,6.04,1.81,32.49,1.1012
Weizentortilla,296,8.85,7.85,46.639,1.542
Weizentoastbrot/Buttertoastbrot,261,8.29,3.59,46.8,1.495
"Amaranth gepufft, ungesüßt",393,13.24,5.9,66.92,0.0028
Amaranth roh,377,14.04,5.93,62.38,0.0018
"Quinoa tricolore, roh",369,13.33,6.2,60.17,0.003
"Quinoa gepufft, ungesüßt",380,9.04,3.3,75.65,0.0085
Hartweizen Vollkornmehl,346,14.4,2.32,60.94,0.0018
Einkorn Vollkornmehl,337,13.93,2.86,58.9,0.0018
"Weizen gepufft, ungesüßt",368,15.4,2.0,67.5,0.005
Emmer Vollkornmehl,342,13.09,2.34,63.27,0.0018
"Weizen ganzes Korn, roh",331,12.8125,1.833,59.213,0.02
Hartweizen Grieß,352,13.36,1.48,68.92,0.0018
Weizen Dunst,355,10.64,0.82,73.72,0.0018
Weichweizen Grieß,355,10.72,0.88,73.97,0.0018
"Roggen Mehl, Type 997",321,7.74,1.05,63.73,0.0018
Roggen Grieß,323,7.54,0.92,65.17,0.0018
Roggen Vollkornmehl,312,9.0,1.33,56.56,0.0018
"Roggen Mehl, Type 1150",319,8.03,1.14,61.74,0.0018
"Roggen Mehl, Type 1740",315,8.98,1.27,57.46,0.0018
"Roggen Mehl, Type 1370",318,8.85,1.22,59.18,0.0018
"Roggen Backschrot, Type 1800",312,9.0,1.37,55.91,0.0018
Dinkel Grieß,342,12.52,1.81,65.75,0.0018
"Dinkel ganzes Korn, roh",337,14.25,2.45,58.82,0.0018
Dinkel Vollkornschrot,338,14.85,2.42,58.73,0.0018
"Dinkel Mehl, Type 630",352,13.17,1.38,68.35,0.0018
"Grünkern ganzes Korn, roh",329,11.07,2.68,59.18,0.0018
"Dinkel Mehl, Type 1050",348,13.87,2.16,65.06,0.0018
"Dinkel Mehl, Type 812",352,13.7,1.57,67.58,0.0018
Dinkel Kleie,270,17.06,5.88,18.24,0.0018
Buchweizen Vollkornmehl,355,11.703,2.71,68.201,0.002
Buchweizen Mehl,350,12.52,3.12,65.08,0.0008
Buchweizen Schrot,339,13.05,3.13,61.86,0.0008
Buchweizen Grütze,322,13.05,1.55,61.16,0.002
Hirse Schrot,352,11.79,3.13,67.6,0.001
Hirse Flocken,352,11.79,3.13,67.6,0.001
Hirse Mehl,378,11.6,4.25,71.6,0.03
"Cornflakes gesüßt, angereichert mit Vitaminen",366,6.24,1.75,79.35,0.8638
"Reis gepufft, ungesüßt",365,7.5,2.3,77.47,0.0125
Popcorn ungesüßt,338,12.0,4.4,55.3,0.015
Tortillachips (Nachos),471,5.96,21.2,61.9,0.825
"Cerealien extrudiert, gesüßt, ungefüllt, mit Zimtgeschmack",424,8.36,9.38,73.36,0.3175
"Cerealien extrudiert, gesüßt, ungefüllt, mit Frucht-/Honig-/Karamell-/Schokogeschmack, angereichert mit Vitaminen und Mineralstoffen",371,7.92,2.76,75.33,0.547
"Cerealien extrudiert, gesüßt, divers gefüllt, angereichert mit Vitaminen und Mineralstoffen",481,6.98,21.08,63.7,0.2962
"Cerealien aus Vollkornweizenschrot, gesüßt, ungefüllt, Natur/Frucht/Schokolade, angereichert mit Vitaminen und Mineralstoffen",363,10.36,1.8,71.29,0.0045
"Reisdrink ungesüßt, angereichert mit Vitaminen und Calcium",59,0.0,1.04,12.31,0.0975
"Haferdrink ungesüßt, angereichert mit Vitaminen, Calcium und Jod",29,0.74,1.01,4.0,0.118089
Doppelkekse mit Kakaocremefüllung,471,5.37,17.59,71.18,0.3812
Gänseei roh,177,13.9,13.3,0.34,0.345
Wachtelei roh,135,13.175,9.0,0.34,0.385
Putenei roh,163,13.7,11.9,0.34,0.378
"Hühnerei Eigelb, Pulver",671,34.2,59.3,0.23,0.228
"Hühnerei Eiklar, Pulver",338,81.1,0.12,3.1,3.55
Quitte roh,53,0.42,0.5,8.2,0.005
Birne roh,58,0.3,0.29,13.16,0.001945
"Apfelkompott/Apfelmark, ungesüßt, Konserve",63,0.4,0.27,14.07,0.001
"Apfel geschält, roh",43,0.3,0.13,8.9,0.002
"Eberesche süß, roh",73,1.3,1.2,12.7,0.0015
"Japanische Wollmispel/Loquat, roh",48,0.55,0.2,9.8,0.01
Mispel roh,45,0.5,0.2,9.2,0.01
"Apfel geschält, getrocknet",242,1.29,0.0,53.43,0.202
Pflaume roh,48,0.3,0.17,10.71,0.002
Nektarine roh,48,1.06,0.2,9.2,0.0012
Pfirsich roh,39,0.7,0.11,8.02,0.001718
Pfirsich getrocknet,282,4.9,0.6,54.11,0.0052
Kochbanane roh,130,1.18,0.07,29.5,0.008
Cherimoya roh,79,1.54,0.3,15.89,0.02
Rosine/Sultanine (Weinbeere getrocknet),288,2.7,1.0,61.8,0.028
Tamarillo roh,75,1.7,0.8,14.125,0.004
"Kapstachelbeere/Physalis, roh",81,2.3,1.1,14.125,0.004
Mangostane roh,67,0.6,0.6,14.125,0.002
Rambutan roh,63,1.0,0.1,13.7,0.002
Honigmelone roh,46,0.505,0.1,10.09,0.035
Wassermelone roh,35,0.6,0.4,6.96,0.008
Guave roh,45,0.9,0.5,6.0,0.01
Maracujasaft/Passionsfruchtsaft,51,0.8,0.4,10.04,0.0365168
Orange roh,49,1.0,0.2,8.85,0.005
Grapefruitsaft,37,0.53,0.1,7.305,0.002
Mandarinensaft,49,0.9,0.3,9.59,0.005
"Endivie/Escariol, roh",13,1.25,0.2,0.83,0.108
Chicoree roh,20,2.39,0.18,1.3,0.115
"Schnittsalat/Pflücksalat, roh",15,1.2,0.1,1.26,0.07
Portulak roh,14,1.482,0.34,0.587,0.005
Bleichsellerie roh,17,1.2,0.1,1.5,0.195
Eisbergsalat roh,15,0.8,0.2,1.62,0.022
Mangold roh,17,1.85,0.28,0.872,0.5422
Gemüseamaranth roh,20,2.46,0.33,0.93,0.05
Neuseeländer Spinat roh,15,1.5,0.2,0.93,0.325
Artischocke roh,44,2.4,0.12,2.69,0.118
Romanesco roh,35,2.424,0.28,5.33,0.03
Grünkohl roh,53,4.16,0.67,3.32,0.062
Wirsing roh,37,2.779,0.32,4.1,0.022
Spitzkohl roh,31,1.21,0.18,4.54,0.045
Chinakohl roh,18,1.8,0.2,1.38,0.032
Kohlrabi roh,28,1.94,0.16,3.88,0.05
"Sauerkraut abgetropft, roh",23,1.125,0.31,0.99,1.19
Palmenherz roh,32,2.7,0.2,3.98,0.035
"Frühlingszwiebel/Lauchzwiebel, roh",27,1.9,0.19,3.0,0.03
Knoblauch roh,97,6.05,0.42,3.0,0.0196695
Silberzwiebel roh,34,1.156,0.15,6.01,0.022
Frühlingszwiebel/Lauchzwiebel (ohne Laub) roh,32,0.9,0.15,5.99,0.032
Perlzwiebel roh,34,1.156,0.15,6.01,0.022
Schalotte roh,33,2.0,0.1,3.2,0.028
"Tomate geschält, Konserve",24,1.2,0.3,3.25,0.01
Kürbis Hokkaido (C. maxima) roh,30,1.4,0.2,5.298,0.018
Chayote roh,34,0.78,0.1,5.81,0.005
Schwarzwurzel roh,61,1.39,0.43,8.8,0.012
Wurzelpetersilie roh,76,2.88,0.47,13.8,0.03
Meerrettich roh,84,5.875,0.3,11.67,0.022
Wachsbohne roh,27,2.1,0.2,3.4,0.00495
Sojabohne unreif (Edamame) roh,146,13.0,6.8,6.2,0.038
"Erbse grün, tiefgefroren",77,4.9,0.7,10.0,0.01
Erdnussmus,620,29.0,49.7,9.9,0.008
Pekannuss,723,10.967,72.0,3.0,0.008
Cashewnussmus,623,17.6,49.4,26.0,0.038
Pinienkern,660,16.4,61.9,6.2,0.445
Mandel süß,544,22.333,46.6,3.87,0.00518
Macadamianuss geröstet ohne Fett,758,9.19,76.1,5.2,0.01
Pistazie,599,20.802,51.6,7.6,0.7285
"Pistazie geröstet ohne Fett, gesalzen",588,23.0,49.3,8.6,1.198
Chia-Samen,479,22.11,32.79,3.66,0.0008
"Oliven geschwärzt, in Salzlake, abgetropft",140,0.84,14.84,0.0,1.838
Augenbohne reif,319,23.5,1.26,45.751,0.04
Dicke Bohne reif,349,27.0,1.53,46.7,0.032
Kidneybohne reif,316,22.8,0.83,40.3,0.06
Weizenkleber/Weizengluten,394,80.6,1.85,13.46,0.072
Sojamehl vollfett,514,38.362,22.8,24.0,0.01
Hefe Flocken/Nährhefe,305,48.7,4.5,6.2,0.352
Linse reif,323,23.357,1.7,44.8,0.018
Erbse reif,311,23.023,1.44,40.5,0.06
Sojabohne reif,388,38.2,18.267,6.6,0.012
Kichererbse reif,317,18.583,5.915,39.6,0.058
Limabohne (Butterbohne Mondbohne) reif,325,20.6,1.4,48.635,0.032
"Mandeldrink ungesüßt, angereichert mit Vitaminen und Calcium",24,0.87,2.159,0.2,0.12751099
Sojadrink ungesüßt,30,3.22,1.297,0.4,0.063690872
"Dessert/Puddingalternative, pflanzlich, angereichert mit Vitaminen und Calcium",89,2.32,3.78,10.85,0.065
"Soja-Joghurtalternative ungesüßt, angereichert mit Vitaminen und Calcium",44,4.17,2.67,0.33,0.0852
"Pommes frites tiefgefroren, frittiert",203,2.9,9.04,25.94,0.066
"Kartoffel ungeschält, roh",86,2.05,0.1,18.46,0.02
"Pommes frites tiefgefroren, gebacken",167,3.03,4.33,27.4,0.0715
Pommes frites tiefgefroren,123,2.23,3.22,20.17,0.054
Kartoffelchips energiereduziert,464,6.2,21.5,57.9,1.825
Kartoffelsticks,502,6.5,31.5,46.52,1.8
Edel-Reizker roh,36,2.833,0.67,2.9,0.015
Steinpilz roh,46,5.4,0.4,3.27,0.015
Hallimasch roh,37,3.171,0.68,2.9,0.10332
Trüffel roh,73,8.288,0.51,0.6,0.192
"Milch entrahmt, frisch, höchstens 0,1 % Fett, pasteurisiert",34,3.418,0.07,4.8,0.132
"Milch fettarm, 1,5 % Fett, laktosefrei, pasteurisiert",44,3.49,1.54,4.11,0.118
Sahneersatz (Mischung aus pflanzlichen Fetten und Milch),182,1.57,18.0,3.43,0.0702
"Vollmilch 3,5 % Fett, laktosefrei, pasteurisiert",62,3.55,3.49,4.15,0.0872
Ziegenmilch mind. 3 % Fett,67,3.615,3.92,4.2,0.105
"Schafmilch mind. 4,5 % Fett",92,5.163,5.967,4.432,0.128
"Joghurt fettarm, mind. 1,5 % bis max. 1,8 % Fett",62,5.035,1.6,6.046,0.142
"H-Milch fettarm, 1,5 % Fett, laktosefrei, ultrahocherhitzt",46,3.16,1.45,4.61,0.0928
Kondensmagermilch max. 1 % Fett,85,8.2,0.24,12.1,0.3
"H-Vollmilch 3,5 % Fett, laktosefrei, ultrahocherhitzt",63,3.18,3.49,4.59,0.0895
"Kondensmilch teilentrahmt, mind. 1 % bis < 7,5 % Fett",109,7.6,4.1,10.3,0.28
"Joghurt mind. 3,5 % Fett, mit Magermilchpulverzusatz",74,4.2,3.5,5.8,0.15
"Joghurt mind. 3,5 % Fett, laktosefrei",68,3.98,3.46,4.36,0.1
"Dickmilch/Sauermilch, mind. 3,5 % Fett",67,3.3,3.5,4.8,0.125
Sahnejoghurt mind. 10 % Fett,124,3.3,10.0,4.5,0.115
"Kefir mind. 3,5 % Fett",63,3.164,3.5,4.13,0.115
Schafjoghurt,90,3.87,6.2,4.02,0.0972
Süßmolke,25,0.82,0.24,4.7,0.112
Schlagsahne mind. 30 % Fett,308,2.312,31.7,3.27,0.085
Kaffeesahne mind. 10 % Fett,124,3.037,10.5,4.05,0.1
"Kondensmilch mind. 7,5 % Fett",132,6.358,7.57,9.32,0.245
"Trinkjoghurt aus entrahmter Milch, max. 0,5 % Fett, mit Fruchtzubereitung, gesüßt",75,3.45,0.42,13.26,0.1255
"Joghurt mild, max. 3,8 % Fett, mit Fruchtzubereitung, gesüßt, laktosefrei",97,3.01,2.96,13.2,0.104
"Trinkjoghurt mind. 3,5 % Fett, mit Fruchtzubereitung, gesüßt",96,3.01,2.96,13.0,0.104
Chester (Cheddar) mind. 50 % Fett i. Tr.,387,22.984,32.2,0.206,1.45025
Bergkäse mind. 45 % Fett i. Tr.,395,28.9,30.805,0.0,0.75
Bergkäse mind. 50 % Fett i. Tr.,423,26.9,34.8,0.0,0.988
Chester (Cheddar) mind. 45 % Fett i. Tr.,370,26.6,28.8,0.0,1.75
Provolone mind. 45 % Fett i. Tr.,398,26.08,31.98,0.0,2.075
Hartkäse mind. 45 % Fett i. Tr.,374,27.5,29.15,0.0,0.532
Jarlsberg mind. 45 % Fett i. Tr.,352,26.7,26.9,0.0,1.5
Tilsiter mind. 60 % Fett i. Tr.,419,19.0,37.8,0.0,1.5
Wilstermarschkäse mind. 45 % Fett i. Tr.,321,23.4,24.9,0.0,1.75
Fontina mind. 50 % Fett i. Tr.,386,25.6,31.1,0.0,1.95
Raclettekäse mind. 45 % Fett i. Tr.,342,22.8,27.5,0.0,1.595
Edamer mind. 50 % Fett i. Tr.,369,25.0,29.6,0.0,1.5
Edamer mind. 45 % Fett i. Tr.,355,24.295,28.3,0.0,1.28
Tilsiter mind. 50 % Fett i. Tr.,359,22.3,29.6,0.0,1.5
Tilsiter mind. 45 % Fett i. Tr.,355,25.764,27.7,0.025,1.74
Edamer mind. 30 % Fett i. Tr.,262,28.046,16.2,0.049,1.28
Edamer mind. 40 % Fett i. Tr.,317,25.85,23.4,0.0,1.92
Danbo mind. 45 % Fett i. Tr.,323,23.6,25.0,0.05,1.695
Halloumi Grillkäse,315,21.46,25.06,0.1,1.5662
Butterkäse mind. 50 % Fett i. Tr.,347,21.46,28.8,0.01,1.98
Esrom mind. 45 % Fett i. Tr.,328,23.7,25.7,0.01,1.945
Steinbuscher mind. 50 % Fett i. Tr.,316,20.0,26.0,0.01,2.0
Weißlacker mind. 40 % Fett i. Tr.,268,21.8,19.7,0.01,3.5
Butterkäse mind. 45 % Fett i. Tr.,310,23.614,23.5,0.1,1.98
Steinbuscher mind. 45 % Fett i. Tr.,296,21.6,23.0,0.01,2.5
Weißlacker mind. 50 % Fett i. Tr.,327,20.0,27.0,0.01,3.5
Weißlacker mind. 45 % Fett i. Tr.,294,20.8,23.0,0.01,3.5
Trappistenkäse mind. 50 % Fett i. Tr.,374,23.5,30.7,0.01,1.5
Butterkäse mind. 60 % Fett i. Tr.,384,17.0,34.7,0.01,1.98
Steinbuscher mind. 30 % Fett i. Tr.,243,26.5,15.0,0.01,1.5
Trappistenkäse mind. 45 % Fett i. Tr.,345,25.1,26.8,0.01,1.5
Camembert mind. 60 % Fett i. Tr.,378,17.9,34.0,0.01,1.772
"Weinkäse, Weichkäse, mind. 60 % Fett i. Tr.",382,17.0,34.7,0.01,2.0
Weichkäse mind. 70 % Fett i. Tr.,413,13.2,40.0,0.01,1.75
Weichkäse mind. 60 % Fett i. Tr.,367,16.8,33.2,0.01,1.75
Brie mind. 50 % Fett i. Tr.,341,22.139,27.9,0.107,1.575
Camembert mind. 50 % Fett i. Tr.,313,20.082,25.7,0.101,1.672
Camembert mind. 30 % Fett i. Tr.,214,23.021,13.5,0.0,1.672
Brie mind. 45 % Fett i. Tr.,264,21.0,19.82,0.0,1.75
Weichkäse mind. 50 % Fett i. Tr.,310,19.8,25.5,0.0,1.75
Weichkäse mind. 45 % Fett i. Tr.,257,19.58,19.82,0.0,1.3955
Münster mind. 45 % Fett i. Tr.,292,21.6,22.6,0.01,2.55
Romadur mind. 40 % Fett i. Tr.,275,23.1,20.1,0.01,1.772
Romadur mind. 50 % Fett i. Tr.,313,20.0,25.7,0.01,1.772
"Weinkäse, Weichkäse, mind. 45 % Fett i. Tr.",294,21.18,23.0,0.01,2.5
Münster mind. 50 % Fett i. Tr.,322,20.9,26.3,0.01,2.25
Limburger mind. 50 % Fett i. Tr.,327,20.0,27.2,0.01,2.0
Romadur mind. 20 % Fett i. Tr.,180,23.9,9.16,0.01,1.772
Limburger mind. 20 % Fett i. Tr.,185,26.4,8.57,0.01,1.772
Weichkäse mind. 40 % Fett i. Tr.,249,21.18,18.22,0.01,1.985
"Schnittkäse aus Schafmilch, mind. 50 % Fett i. Tr.",383,19.16,33.63,0.012,1.2912
"Weichkäse aus Schafmilch, mind. 45 % Fett i. Tr.",279,17.86,22.66,0.6,1.4775
"Brotaufstrich aus pflanzlichen Fetten, Rahm, Joghurt entrahmt",230,4.8,22.1,2.47,0.418
"Speisequark Rahmstufe, 50 % Fett i. Tr.",178,8.3,14.5,2.9,0.1
"Frischkäsezubereitung Natur, mind. 50 % Fett i. Tr.",202,9.74,16.61,2.73,0.8
Mozzarella mind. 45 % Fett i. Tr.,259,17.12,20.99,0.0,0.468
"Sauerrahm/Creme fraiche, 30 % Fett",265,2.4,27.03,2.55,0.078
"Schmelzkäse aus Frischkäse, streichfähig, mind. 60 % Fett i. Tr.",328,10.7,29.6,4.1,1.8
Kochkäse < 10 % Fett i. Tr.,84,15.2,0.5,4.2,1.0
Körniger Frischkäse < 10 % Fett i. Tr.,73,11.8,1.2,3.0,0.5
Körniger Frischkäse mind. 20 % Fett i. Tr.,109,13.3,4.3,3.64,0.575
Schichtkäse mind. 10 % Fett i. Tr.,91,12.441,2.42,4.14,0.1
Schichtkäse mind. 20 % Fett i. Tr.,111,11.9,4.96,3.94,0.1
"Speisequark Viertelfettstufe, 10 % Fett i. Tr.",84,11.6,2.0,4.1,0.1
"Speisequark Halbfettstufe, 20 % Fett i. Tr.",110,12.245,5.1,3.04,0.088
Sauermilchkäse < 10 % Fett i. Tr.,128,30.031,0.473,0.0,2.638
"Frischkäsezubereitung mind. 10 % Fett i. Tr., mit Gemüse/Kräutern",107,16.0,3.0,3.3,0.975
"Skyr, Frischkäse < 10 % Fett i. Tr.",64,10.35,0.84,3.19,0.0832
"Frischkäse aus Schafmilch, Natur, mind. 45 % Fett i. Tr.",229,17.94,16.42,1.74,1.0488
"Schmelzkäse schnittfest, mind. 50 % Fett i. Tr.",348,17.0,29.0,4.1,3.0
Schmelzkäsezubereitung mind. 40 % Fett i. Tr.,254,15.0,19.0,5.1,2.75
"Schmelzkäse schnittfest, mind. 30 % Fett i. Tr.",221,14.8,13.6,9.0,3.0
"Schmelzkäse schnittfest, mind. 45 % Fett i. Tr.",299,15.7,23.6,5.1,2.8
Natürliches Mineralwasser still,0,0.0,0.0,0.0,0.0068
Natürliches Mineralwasser mit Kohlensäure,0,0.0,0.0,0.0,0.0068
Natürliches Mineralwasser mit geringem Mineraliengehalt,0,0.0,0.0,0.0,0.0035
Quellwasser,0,0.0,0.0,0.0,0.0058
Türkischer Mokka (Getränk),0,0.12,0.0,0.0,0.01
Kaffee (Getränk) entkoffeiniert,0,0.12,0.0,0.0,0.01
Espresso (Getränk),2,0.4,0.0,0.0,0.018
Kaffee (Getränk) koffeinreduziert,0,0.12,0.0,0.0,0.01
"Kaffee (Getränk) entkoffeiniert, aus Instantpulver",2,0.33,0.0,0.0,0.002
Instantkaffeepulver entkoffeiniert,150,19.5,1.2,4.1,0.12
Mate-Tee (Getränk),0,0.1,0.0,0.0,0.005
Schwarztee (Getränk) entkoffeiniert,0,0.0,0.0,0.0,0.005
"Hefeweizen/Weizenbier, 0,0 % vol",26,0.478,0.0,5.9,0.0032
"Hefeweizen/Weizenbier, alkoholfrei",22,0.484,0.0,4.7,0.0032
Lagerbier hell,36,0.4,0.0,2.283,0.012
Lagerbier dunkel,27,0.4,0.0,0.172,0.008
Bier kohlenhydratreduziert,32,0.422,0.0,0.8,0.0038
Leichtbier,27,0.422,0.0,2.2,0.0038
"Pilsner Bier, alkoholfrei",18,0.416,0.0,3.7,0.0038
Kölsch,38,0.422,0.0,2.218,0.0038
Altbier,40,0.502,0.0,2.284,0.004
Bockbier,49,0.9,0.0,2.1275,0.012
Stout,46,0.4,0.0,5.3,0.004
Doppelbock,50,0.503,0.0,2.131,0.004
Eiswein,141,0.077,0.0,23.06,0.0038
Wein alkoholfrei,18,0.097,0.0,3.0,0.0048
Aperitif alkoholfrei,64,0.129,0.0,15.0,0.0042
Federweißer (Traubenmost teilweise vergoren),73,0.15,0.0,1.288,0.005
Weißwein Beerenauslese/Trockenbeerenauslese,130,0.124,0.0,18.55,0.0042
Weißwein süß,89,0.143,0.0,6.15,0.0048
Weißwein lieblich,77,0.148,0.0,2.43,0.005
Portwein,161,0.1,0.0,11.9,0.01
Rotwein süß,95,0.0,0.0,5.15,0.0048
Rotwein lieblich,86,0.0,0.0,2.29,0.005
Sherry medium dry,119,0.1,0.0,5.9,0.068
Wermutwein trocken,105,0.1,0.0,3.0,0.028
Bitterlikör 11 % vol,150,0.0,0.0,25.0,0.0038
"Perlwein/Perlwein mit zugesetzer Kohlensäure, trocken",74,0.0,0.0,2.09,0.005
"Qualitätsschaumwein, Sekt, halbtrocken",80,0.0,0.0,3.9,0.005
"Qualitätsschaumwein, Sekt, süß",86,0.0,0.0,5.5,0.0048
"Qualitätsschaumwein, Sekt, herb/brut",69,0.0,0.0,0.63,0.005
"Qualitätsschaumwein, Sekt, extra trocken",72,0.0,0.0,1.34,0.005
Sekt alkoholfrei,22,0.0,0.0,5.2,0.0048
Rosewein trocken,64,0.1,0.0,0.7,0.01
Rosewein süß,78,0.1,0.0,4.85,0.01
Rosewein halbtrocken,65,0.1,0.0,1.17,0.01
Walnussöl,899,0.0,99.9,0.0,0.0
Olivenöl,899,0.0,99.9,0.0,0.00372
Erdnussöl,899,0.0,99.9,0.0,0.0
Rapsöl/Rüböl,900,0.0,100.0,0.0,0.00412
Maiskeimöl,900,0.0,100.0,0.0,0.002
Sojaöl,900,0.0,100.0,0.0,0.0
Sonnenblumenöl,900,0.0,100.0,0.0,0.00322
Halbfettbutter,377,4.0,39.8,0.571,0.2
Butterschmalz,897,0.25,99.5,0.0,0.005
"Mischfett mit überwiegend Milchfett, ungesalzen",647,0.59,71.28,0.645,0.0178
Süßrahmbutter,747,0.59,82.5,0.6,0.03
Sauerrahmbutter,747,1.188,82.2,0.571,0.028
"Rind Fettgewebe, subkutan roh",852,1.5,94.0,0.0,0.025
Hammelfett/Hammeltalg,747,3.85,81.3,0.0,0.005
"Speisesalz jodiert/Jodsalz, mit Fluorid",0,0.0,0.0,0.0,95.3625
"Speisesalz jodiert/Jodsalz, mit Fluorid und Folsäure",0,0.0,0.0,0.0,95.3625
Steinsalz,0,0.0,0.0,0.0,95.3625
Speisesalz jodiert/Jodsalz,0,0.0,0.0,0.0,95.3625
Meersalz,0,0.0,0.0,0.0,95.3625
Weinessig,25,0.0,0.0,0.0,0.208
Senf extra scharf,111,5.51,6.96,2.94,3.275
Senf scharf,111,5.51,6.96,2.94,3.275
Senf süß,177,4.25,5.37,25.1,2.5245
Curry-Gewürzketchup,98,1.4,0.1,21.16,1.9
"Feinkostsauce/Grillsauce, Tomaten-Basis",102,1.46,0.56,21.36,1.9912
Tomaten passiert/Tomatenpüree,29,1.18,0.1,3.94,0.31072
Mayonnaise (Fertigprodukt),750,1.49,81.2,2.3,0.91
Bratensoße Instantpulver,324,7.71,8.65,51.942,19.875
"Bouillon/Brühe/Suppe (Brühwürfel, Pulver)",195,5.82,5.8,27.91,51.7312
Marshmallow (Schaumzuckerware),373,1.8,0.2,84.0,0.062
Orangeat,260,0.0,0.2,62.9,0.14
Hartkaramelle (Bonbon),421,0.0,0.2,92.8,0.095
Invertzuckercreme,331,0.15,0.0,82.5,0.048
Puderzucker,400,0.0,0.0,100.0,0.012
Vanillezucker,400,0.0,0.0,100.0,0.012
Fondant (Fondantmasse),339,0.7,3.1,77.0,0.042
Vanillinzucker,400,0.0,0.0,100.0,0.012
Melasse,229,1.2,0.1,55.9,0.27
Fruchtgummi (Gummibonbon),312,4.8,0.3,70.7,0.142
Milchschokolade gefüllt mit Mandel-Karamell,494,9.08,25.48,54.96,0.6525
Pralinen gefüllt mit Mandel-Karamell,494,9.08,25.48,54.96,0.6525
Pralinen gefüllt mit Karamellcreme,446,3.72,17.05,68.7,0.4712
Sahneschokolade,567,7.0,36.02,51.917,0.167
Milchschokolade,532,6.83,31.34,54.026,0.1885
Pralinen gefüllt mit Milch-/Joghurtcreme,565,7.51,40.26,39.39,0.1975
Pralinen gefüllt,565,7.51,40.26,39.39,0.1975
Schokolade weiß,554,6.18,33.44,56.786,0.2525
Schokolade,520,5.49,28.36,57.5,0.0218
Vollmilchschokolade,555,6.34,35.13,52.01,0.1855
Kakaopulver stark entölt,311,25.503,11.2,12.3,0.822
Bitterschokolade,563,9.1,41.33,33.7,0.02
Aal geräuchert (Räucheraal),329,17.9,28.6,0.0,1.25
Hecht roh,84,18.4,1.13,0.0,0.188
Kaviar echt (Stör),244,26.1,15.5,0.0,4.85
Heringsrogen roh,131,26.0,3.05,0.0,0.228
Lachsrogen roh,113,22.4,2.6,0.0,0.265
Thunfisch roh,139,22.4,5.52,0.0,0.108
Makrele geräuchert,338,18.89,29.2,0.0,1.805
Schellfisch roh,74,17.1,0.58,0.0,0.17
Stockfisch (getrocknet),339,79.2,2.5,0.0,5.082
"Merlan/Wittling, roh",85,18.4,1.31,0.0,0.202
Seehecht roh,86,17.2,1.93,0.0,0.252
Leng roh,82,19.0,0.62,0.0,0.268
"Dorsch/Kabeljau, tiefgefroren",72,16.562,0.6,0.0,0.228
"Alaska-Pollack/Alaska-Seelachs, roh",57,12.3,0.82,0.0,0.272
"Köhler/Seelachs, tiefgefroren",81,17.75,1.1,0.0,0.17
Dornhai roh,181,12.6,14.5,0.0,0.042
Königslachs roh,180,19.9,11.2,0.0,0.12
Forelle gesalzen,137,21.2,5.52,0.0,2.0975
Forelle roh,156,21.552,7.63,0.0,0.112
Matjeshering mild gesalzen,272,16.0,22.6,0.0,6.25
"Rind Hinterhesse, roh",140,21.4,6.0,0.0,0.1875
"Rind Bug/Schulter, roh",128,20.2,5.3,0.0,0.125
"Rind Muskelfleisch, roh",106,22.0,1.9,0.103,0.165
"Rind Hüfte, roh",110,22.1,2.35,0.0,0.142
"Kalb Keule, roh",89,20.7,0.72,0.0,0.215
"Rind Oberschale, roh",124,20.86,4.527,0.0,0.118
"Schwein Fleisch, sehnenfrei, sichtbarer Fettanteil max. 5 % (S II) roh",136,21.41,5.61,0.0,0.147
"Schwein Filetmedaillon, roh",102,22.7,1.2,0.0,0.1225
"Schaf Filetsteak, roh",118,22.79,2.97,0.0,0.1225
"Schaf Filetmedaillon, roh",118,22.79,2.97,0.0,0.1225
"Schwein Fleisch, geringer Feinsehnenanteil, sichtbarer Fettanteil max. 3 - 5 % (S II/III) roh",137,22.77,5.08,0.0,0.108
"Schwein Fleisch, fett- und sehnenfrei (S I) roh",105,22.16,1.85,0.0,0.108
"Schwein Stielkotelett, roh",175,21.02,10.08,0.0,0.1218
"Schwein Lachsbraten, roh",115,23.56,2.35,0.0,0.1095
"Kasseler, Rohpökelware, geräuchert",107,21.97,2.17,0.0,3.075
"Schwein Schmetterlingssteak, roh",145,22.4,6.2,0.0,0.1095
"Schwein Kammbraten, roh",175,19.21,10.9,0.0,0.1358
"Schwein Kammsteak, roh",175,19.21,10.9,0.0,0.1358
"Wildschwein Fleisch, roh",162,19.5,9.3,0.0,0.235
"Schwein Ladenbauch, roh",324,17.74,28.06,0.0,0.1522
"Schwein Bauch, mager, sichtbarer Fettanteil max. 25 % (S IV) roh",289,16.79,24.63,0.0,0.143
"Schwein Bauch, kernig, sichtbarer Fettanteil max. 60 % (S V) roh",307,16.6,26.68,0.0,0.1495
Schwein Kochfleisch (Bauch) roh,324,17.74,28.06,0.0,0.1522
"Schwein Grillbauch, roh",324,17.74,28.06,0.0,0.1522
Schwein Dicke Rippe roh,196,19.66,13.07,0.0,0.174
"Schwein Fleisch, höherer Sehnenanteil, sichtbarer Fettanteil max. 7 - 10 % (S III) roh",203,19.7,13.76,0.0,0.1458
Schwein Bratenfleisch (Bug mit Fett und Schwarte) roh,198,20.4,12.92,0.0,0.1422
Schwein Bratenfleisch (Bug ohne Fett und Schwarte) roh,135,20.51,5.83,0.0,0.1605
Schwein Gulasch (Restbug) roh,121,21.51,3.83,0.0,0.1542
Parmaschinken,307,26.72,21.8,0.13,5.3
"Schwarzwälder Schinken, Rohpökelware, geräuchert",307,26.5,21.9,0.13,5.35
Schwein Bratenfleisch (Nuss) roh,109,21.77,2.43,0.0,0.1358
Schwein Schnitzel (Nuss) roh,109,21.77,2.43,0.0,0.1358
"Schwein Muskelfleisch, roh",105,22.0,1.86,0.0,0.178
Schwein Bratenfleisch (Hüfte/Schinkenspeck) roh,127,22.28,4.23,0.0,0.1188
Schwein Schwartenbraten (Krustenbraten) roh,222,19.9,15.79,0.0,0.1435
Schwein Roulade (Oberschale) roh,115,23.01,2.51,0.0,0.1192
Schwein Schnitzel (Oberschale) roh,106,22.2,1.9,0.0,0.18
"Schaf Muskelfleisch, roh",112,20.4,3.41,0.0,0.235
"Hammel Kotelett, roh",348,14.9,32.0,0.0,0.225
"Lamm Kotelett, roh",217,18.5,15.9,0.0,0.15
"Lamm Nuss, roh",121,20.0,4.6,0.0,0.15
"Lamm Hals/Kamm/Nacken, roh",191,18.6,13.0,0.0,0.165
"Hammel Filet/Lende, roh",194,18.7,13.2,0.0,0.188
"Schaf Filet/Lende, roh",194,18.7,13.2,0.0,0.188
Schaf Gulasch (Hals/Kamm/Nacken) roh,180,18.1,11.9,0.0,0.165
Fleischfond Konserve,8,1.48,0.22,0.0,0.638
"Suppenhuhn Fleisch, mit Haut, roh",257,18.5,20.3,0.0,0.1612
"Hähnchen Brustfilet, roh",109,23.25,1.81,0.0,0.128
"Hähnchen Flügel, mit Haut, roh",199,18.33,13.94,0.0,0.2318
"Wildente Fleisch, mit Haut, roh",206,17.4,15.2,0.0,0.14
"Poularde Fleisch, mit Haut, roh",175,19.0,11.0,0.0,0.098
"Hähnchen Fleisch, ohne Haut, roh",131,20.2,5.6,0.0,0.198
"Pute Fleisch, mit Haut, roh",157,20.2,8.5,0.0,0.158
"Rebhuhn Fleisch, roh",248,35.0,12.0,0.0,0.25
"Lamm Herz, roh",132,17.6,6.8,0.0,0.292
"Rind Leberhack, roh",131,19.21,3.66,5.3,0.29
"Lamm Leber, roh",131,20.6,4.92,1.0,0.168
"Kalb Lunge, roh",90,17.5,2.17,0.0,0.385
"Schwein Lunge, roh",114,13.5,6.67,0.0,0.378
"Hammel Lunge, roh",94,18.4,2.3,0.0,0.512
"Schwein Milz, roh",102,17.2,3.64,0.0,0.25
"Rind Milz, roh",100,18.5,2.9,0.0,0.248
"Hammel Milz, roh",108,18.0,4.0,0.0,0.21
"Schaf Niere, roh",89,15.7,2.95,0.0,0.39
"Rind Niere, roh",111,16.2,5.14,0.0,0.49
"Schwein Niere, roh",102,17.0,3.765,0.0,0.368
"Hammel Niere, roh",93,16.5,3.03,0.0,0.495
"Lamm Bries, roh",81,13.2,3.16,0.0,0.142
"Lamm Zunge, roh",227,14.8,18.6,0.0,0.192
"Gans Leber, roh",109,16.4,4.28,1.2,0.35
"Suppenhuhn Innereien, roh",154,17.9,9.21,0.0,0.192
"Ente Leber, roh",121,18.7,4.64,1.2,0.27
"Rind Magen/Kutteln, roh",80,13.5,2.84,0.0,0.222
"Schwein Magen, roh",158,16.8,10.1,0.0,0.188
Salami (Schwein),374,23.54,30.9,0.0,4.1
Geflügelmortadella,229,12.57,19.09,0.009,2.3
Cocktailwürstchen Konserve,228,12.5,19.5,0.0,1.778
Wiener Würstchen Konserve,228,12.5,19.5,0.0,1.778
Geflügel-Wiener Würstchen,232,13.62,18.98,1.01,2.2125
"Lyoner/Lyoner Wurst, Konserve",281,12.25,25.5,0.25,2.0125
Mortadella/Schinkenwurst fein zerkleinert,264,13.5,23.0,0.25,2.0125
Lyoner weiß,281,12.25,25.5,0.25,2.0125
Lyoner grob,281,12.25,25.5,0.25,2.0125
Fleischwurst,306,12.11,28.3,0.25,2.438
Gelbwurst,298,11.55,27.7,0.25,2.5
"Bierwurst/Blasenwurst, Konserve",275,13.73,24.0,0.46,1.84
Leberwurst Konserve,357,12.3,33.15,2.05,1.875
Kalbsleberwurst,351,13.55,32.0,1.933,1.96
"Schwein Kochschinken, Kochpökelware",130,22.5,3.7,0.74,2.26
Geflügelkraftbrühe (Huhn),5,0.5,0.3,0.0,0.85
Fischkraftbrühe,8,1.0,0.4,0.0,0.738
Rinderkraftbrühe,3,0.4,0.2,0.0,0.562
Wildbrühe,3,0.4,0.2,0.0,0.562
Doppelte Rinderkraftbrühe,3,0.4,0.2,0.0,0.562
Kalbsbrühe,3,0.4,0.2,0.0,0.562
Wildkraftbrühe,3,0.4,0.2,0.0,0.562
Weizen Vollkornschrot,331,12.8125,1.833,59.213,0.02
Weizen Flocken,331,12.8125,1.833,59.213,0.02
Hartweizen Vollkorngrieß,346,14.4,2.32,60.94,0.0018
"Hartweizen ganzes Korn, roh",346,14.4,2.32,60.94,0.0018
Bulgur (Hartweizen) roh,353,12.4,2.0,68.0,0.028
Couscous (Hartweizen) roh,350,11.692,1.7,68.92,0.016
Weizen Grütze,352,13.36,1.48,68.92,0.0018
"Roggen ganzes Korn, roh",302,11.0,1.7,53.844,0.01
Dinkel Flocken,337,14.25,2.45,58.82,0.0018
Reis Kleie,380,14.1,20.8,17.2,0.012
"Emmer ganzes Korn, roh",342,13.09,2.34,63.27,0.0018
Emmer Flocken,342,13.09,2.34,63.27,0.0018
Einkorn Flocken,337,13.93,2.86,58.9,0.0018
"Einkorn ganzes Korn, roh",337,13.93,2.86,58.9,0.0018
Grünkern Vollkornmehl,321,10.399,2.0,59.18,0.008
Grünkern Vollkornschrot,329,11.07,2.68,59.18,0.0018
Grünkern Grütze,329,11.07,2.68,59.18,0.0018
Buchweizen Grieß,350,12.52,3.12,65.08,0.0008
Braunhirse Mehl,337,11.1,3.74,55.81,0.001
"Cerealien extrudiert, gesüßt, ungefüllt, mit Zimtgeschmack, angereichert mit Vitaminen und Mineralstoffen",424,8.36,9.38,73.36,0.3175
Entenei roh,182,12.8,14.4,0.34,0.25
Apfelsaft angereichert mit Vitamin C,44,0.097,0.0,10.585,0.015
Traubensaft,68,0.21,0.0,16.35,0.008
Ananassaft,47,0.4,0.1,10.709,0.01
Sauerkirsche roh,69,0.9,0.5,13.746,0.002
Zwetschge roh,48,0.3,0.17,10.71,0.002
Süßkirsche roh,70,0.9,0.31,15.33,0.00059
Weintraube roh,61,0.75,0.28,12.18,0.015
Mirabelle roh,74,0.73,0.2,16.78,0.0
Stachelbeere roh,50,0.875,0.15,9.836,0.005
Zitrone roh,40,0.7,0.4,3.16,0.01
"Pampelmuse/Pomelo, roh",46,0.9,0.4,7.77,0.005
Clementine roh,48,0.85,0.15,9.19,0.002
Grapefruit roh,35,0.5,0.15,6.5,0.002
Mandarine roh,53,1.0,0.3,10.1,0.0072
"Lulo/Naranjilla, roh",48,1.0,0.15,8.85,0.005
Korinthe (Weinbeere getrocknet),309,2.2,1.0,67.512,0.0249
Zuckerhutsalat roh,13,1.25,0.2,0.83,0.108
Gemüsefenchel roh,27,1.4,0.2,3.43,0.068
Pak Choi roh,16,1.8,0.2,1.0,0.032
Rettich roh,21,1.05,0.15,2.97,0.055
Radieschen roh,18,1.05,0.14,2.31,0.055
"Gemüseartischocke/Kardone, roh",19,0.7,0.1,2.69,0.425
Bärlauch roh,26,1.9,0.19,2.934,0.03
"Kapern gesäuert, abgetropft",22,2.12,0.42,0.0,6.95
"Ingwer/Ingwerwurzel, roh",48,1.92,0.75,6.8,0.03
Wasabi roh,90,4.8,0.63,11.67,0.042
Lupinenmehl,327,37.716,8.8,6.6,0.012
Erbsenmehl,280,20.905,1.3,40.5,0.06
Kichererbsenmehl,322,20.043,5.8,39.6,0.058
Pekannuss geröstet ohne Fett,750,11.2,74.3,4.3,0.002
Macadamianuss,736,8.797,73.0,5.2,0.01
Mandel bitter,544,22.333,46.6,3.87,0.00518
"Mandel süß, blanchiert",544,22.333,46.6,3.87,0.00518
"Mandel süß, geröstet ohne Fett",550,22.0,46.6,3.87,0.325
Linse rot reif,334,25.6,2.17,48.8,0.018
Sojaproteinisolat,384,88.3,3.39,0.0,2.5
"Sojadrink ungesüßt, angereichert mit Vitaminen und Calcium",30,3.22,1.297,0.4,0.063690872
Butterpilz roh,31,2.548,0.36,3.27,0.015
Birkenpilz roh,46,4.7,0.62,3.27,0.005
Rotkappe roh,34,2.173,0.78,3.27,0.0
Mozzarella mind. 20 % Fett i. Tr.,158,19.912,8.5,0.0,0.542
"Milch entrahmt, höchstens 0,1 % Fett, laktosefrei, pasteurisiert",35,3.418,0.07,5.1,0.132
"H-Milch entrahmt, höchstens 0,5 % Fett, ultrahocherhitzt",35,3.51,0.208,4.676,0.1
"Joghurt aus entrahmter Milch, max. 0,5 % Fett",48,5.27,0.1,5.83,0.138
Sahnekefir mind. 10 % Fett,120,2.95,10.0,3.85,0.108
"Kefir aus entrahmter Milch, max. 0,5 % Fett",37,3.261,0.5,4.25,0.118
"Kefir fettarm, mind. 1,5 % bis max. 1,8 % Fett",46,3.228,1.5,4.22,0.118
"Dickmilch/Sauermilch, fettarm, mind. 1,5 % bis max. 1,8 % Fett",52,3.4,1.5,5.2,0.125
"Joghurt fettarm, mind. 1,5 % bis max. 1,8 % Fett, laktosefrei",63,5.035,1.6,6.31,0.142
"Joghurt fettarm, mind. 1,5 % bis max. 1,8 % Fett, mit Magermilchpulverzusatz",59,4.3,1.5,6.1,0.15
"Sahnedickmilch/Sahnesauermilch, mind. 10 % Fett",123,3.1,10.0,4.5,0.125
"Sahnejoghurt mind. 10 % Fett, mit Magermilchpulverzusatz",131,4.0,10.0,5.5,0.15
"Sauerrahm/Saure Sahne, mind. 10 % Fett",119,3.1,10.0,4.1,0.1
Sauermolke,22,0.68,0.09,4.2,0.122
"Sauerrahm/Creme fraiche, 40 % Fett",397,2.1,42.0,2.0,0.072
"Sauerrahm/Schmand, mind. 20 % Fett",206,2.8,20.0,3.0,0.1
Appenzeller mind. 50 % Fett i. Tr.,403,26.646,32.5,0.0004,1.55
Greyerzer mind. 50 % Fett i. Tr.,399,26.9,32.1,0.0,1.475
Parmesan mind. 30 % Fett i. Tr.,391,35.6,27.43,0.056,1.668
Gouda mind. 30 % Fett i. Tr.,266,29.587,16.0,0.0,2.325
Tilsiter mind. 30 % Fett i. Tr.,273,28.7,17.2,0.049,1.432
Schnittkäse mind. 30 % Fett i. Tr.,266,27.882,16.8,0.049,1.272
Tilsiter mind. 40 % Fett i. Tr.,303,24.8,22.3,0.0,1.5
Gouda mind. 40 % Fett i. Tr.,313,24.7,23.4,0.0,2.325
Schnittkäse mind. 40 % Fett i. Tr.,317,25.86,23.4,0.0,1.92
Schnittkäse mind. 50 % Fett i. Tr.,375,24.8,30.3,0.0,1.485
Havarti mind. 45 % Fett i. Tr.,342,24.0,26.8,0.074,1.888
Schnittkäse mind. 60 % Fett i. Tr.,419,19.0,37.8,0.0,1.5
Wilstermarschkäse mind. 50 % Fett i. Tr.,362,21.623,30.3,0.0,1.618
Bel Paese mind. 50 % Fett i. Tr.,376,25.4,30.2,0.01,1.98
Schnittkäse halbfest mind. 60 % Fett i. Tr.,384,17.0,34.7,0.01,1.98
Steppenkäse mind. 30 % Fett i. Tr.,246,26.3,15.4,0.01,2.0
Schnittkäse halbfest mind. 30 % Fett i. Tr.,245,26.525,15.2,0.01,1.502
Steppenkäse mind. 45 % Fett i. Tr.,328,24.1,25.4,0.01,1.5
Schnittkäse halbfest mind. 40 % Fett i. Tr.,268,21.878,19.7,0.01,3.512
Schnittkäse halbfest mind. 50 % Fett i. Tr.,329,19.913,27.3,0.01,3.485
Weichkäse mind. 30 % Fett i. Tr.,214,23.021,13.5,0.0,1.672
Weichkäse mind. 20 % Fett i. Tr.,185,26.4,8.57,0.01,1.772
"Speisequark Fettstufe, 40 % Fett i. Tr.",159,10.874,11.4,2.6,0.085
"Frischkäsezubereitung mind. 50 % Fett i. Tr., mit Gemüse/Kräutern",190,9.3,15.3,3.0,1.0
Schichtkäse mind. 40 % Fett i. Tr.,160,10.8,11.3,3.2,0.105
"Frischkäsezubereitung Natur, mind. 10 % Fett i. Tr.",86,11.6,2.8,3.0,0.5
Frischkäsezubereitung Natur < 10 % Fett i. Tr.,64,11.9,0.2,3.0,0.5
"Frischkäsezubereitung Natur, mind. 45 % Fett i. Tr.",173,12.2,12.0,3.34,0.528
"Frischkäsezubereitung Natur, mind. 40 % Fett i. Tr.",165,12.4,11.0,3.39,0.535
"Frischkäsezubereitung mind. 20 % Fett i. Tr., mit Gemüse/Kräutern",137,13.2,7.5,3.6,0.975
Kochkäse mind. 20 % Fett i. Tr.,124,13.8,5.6,3.8,1.0
Kochkäse mind. 40 % Fett i. Tr.,156,12.8,10.5,1.7,1.365
Schmelzkäsezubereitung mind. 30 % Fett i. Tr.,219,15.0,14.0,7.4,2.75
"Frischkäsezubereitung < 10 % Fett i. Tr., mit Gemüse/Kräutern",84,16.461,0.2,3.4,1.002
Colagetränk koffeinhaltig,41,0.0,0.0,10.3,0.002
Natürliches Mineralwasser,0,0.0,0.0,0.0,0.0068
Brause,37,0.0,0.0,9.0,0.022
Limonade mit Süßungsmitteln,1,0.0,0.0,0.1,0.025
Brause mit Zucker und Süßungsmitteln,15,0.0,0.0,3.5,0.025
Limonade mit Gewürzauszügen und Süßungsmitteln,2,0.0,0.0,0.0,0.002
Pfefferminztee (Getränk),0,0.0,0.0,0.0,0.0072
"Pilsner Bier, 0,0 % vol",19,0.413,0.0,4.4,0.0038
Export dunkel,27,0.4,0.0,0.172,0.008
Rotling trocken,64,0.1,0.0,0.7,0.01
Wermutwein süß,140,0.1,0.0,14.6,0.025
Madeirawein,153,0.1,0.0,11.9,0.01
Sherry sweet,211,0.1,0.0,36.7,0.045
Fruchtaromalikör,294,0.1,0.0,31.8,0.068
Fruchtsaftlikör,235,0.1,0.0,31.8,0.068
Sherry dry,101,0.1,0.0,0.08,0.072
Sherry cream,141,0.1,0.0,13.4,0.062
Traubenkernöl,900,0.0,100.0,0.0,0.00412
Distelöl/Safloröl,900,0.0,100.0,0.0,0.00412
Leinöl,900,0.0,100.0,0.0,0.00412
Hanföl,900,0.0,100.0,0.0,0.00412
Sesamöl,900,0.0,100.0,0.0,0.002
Weizenkeimöl,900,0.0,100.0,0.0,0.002
Mohnöl,900,0.0,100.0,0.0,0.0
"Palmfett/Palmöl, raffiniert",900,0.0,100.0,0.0,0.0
Entenfett,900,0.0,100.0,0.0,0.025
Gänsefett/Gänseschmalz,900,0.0,100.0,0.0,0.025
Branntweinessig,25,0.0,0.0,0.0,0.208
Tomatenmark,81,3.4,0.2,13.2,0.8
Ahornsirup,240,0.04,0.06,59.9,0.03
Fondant mit Pfefferminzgeschmack,339,0.7,3.1,77.0,0.042
Fondantkonfekt,339,0.7,3.1,77.0,0.042
Fondantcreme,351,0.7,3.1,80.0,0.042
Trinkschokoladenpulver,370,7.97,5.87,68.131,0.0218
Getränkepulver kakaohaltig,377,5.2,2.36,80.395,0.203
Schokoladen-Dekor,520,5.49,28.36,57.5,0.0218
Pralinen,555,6.34,35.13,52.01,0.1855
Sahnepralinen,567,7.0,36.02,51.917,0.167
Zartbitter-/Halbbitterschokolade,534,6.62,32.26,49.6,0.0218
Toffee/Sahnetoffee,500,2.0,15.9,75.1,0.78
"Thunfisch im eigenen Saft, Konserve, abgetropft",95,22.87,0.41,0.0,0.9
Gelbflossen-Thun roh,102,24.4,0.49,0.0,0.12
Weißer Thun roh,121,27.2,1.37,0.0,0.1942
Pelamide roh,139,22.4,5.52,0.0,0.108
Thunfisch tiefgefroren,107,25.2,0.7,0.0,0.165
"Brosme/Lumb, roh",74,17.3,0.55,0.0,0.282
Schellfisch geräuchert,93,22.1,0.47,0.0,1.392
"Alaska-Pollack/Alaska-Seelachs, tiefgefroren",72,16.4,0.7,0.0,0.17
Buckellachs roh,124,21.0,4.4,0.0,0.155
Wildlachs roh,180,19.9,11.2,0.0,0.12
"Forelle/Regenbogenforellen-Filet mit Haut, roh",136,18.96,6.47,0.0,0.1098
"Felchen/Maräne/Renke/Schnäpel, roh",113,20.625,3.21,0.0,0.37
Meerforelle roh,108,18.4,3.61,0.0,0.145
Forelle tiefgefroren,129,19.9,5.3,0.0,0.275
"Rentier Fleisch, roh",106,22.6,1.7,0.0,0.16
"Rind Fleisch, vom Knochen, roh",105,22.0,1.9,0.0,0.165
"Rind Knochenmark, roh",852,1.5,94.0,0.0,0.025
"Kalb Fettgewebe, subkutan roh",852,1.5,94.0,0.0,0.025
"Kalb Bug/Schulter, roh",94,21.2,1.01,0.0,0.218
Rind Gulasch (Bug) roh,128,20.2,5.3,0.0,0.125
"Rind Hals/Kamm/Nacken, roh",149,19.25,8.05,0.0,0.108
Rind Bratenfleisch (Bug) roh,128,20.2,5.3,0.0,0.125
Rind Kochfleisch (Bug) roh,128,20.2,5.3,0.0,0.125
"Rind Vorderhesse, roh",128,20.2,5.3,0.0,0.125
Rind Kochfleisch (Hüfte) roh,110,22.1,2.35,0.0,0.142
"Rind Filet/Lende, roh",121,21.2,4.0,0.0,0.1
Rind Roulade (Oberschale) roh,124,20.86,4.527,0.0,0.118
"Rind Fleisch, fett- und sehnenfrei (R I) roh",124,20.86,4.527,0.0,0.165
"Rind Bindegewebe, roh",140,21.4,6.0,0.0,0.1875
"Rind Ochsenschwanz, roh",188,21.0,11.5,0.0,0.272
"Kalb Unterschale/Schwanzstück, roh",89,20.7,0.72,0.0,0.215
Kalb Roulade (Keule) roh,89,20.7,0.72,0.0,0.215
Kalb Schnitzel (Keule) roh,89,20.7,0.72,0.0,0.215
"Kalb Kugel/Nuss, roh",89,20.7,0.72,0.0,0.215
"Schwein Fleisch, vom Knochen, roh",105,22.0,1.86,0.0,0.178
"Schaf Kotelett, roh",348,14.9,32.0,0.0,0.225
"Hammel Muskelfleisch, roh",112,20.4,3.41,0.0,0.235
"Lamm Muskelfleisch, roh",116,20.8,3.7,0.0,0.168
"Ente Fleisch, mit Haut, roh",227,18.1,17.2,0.0,0.095
"Wildente Schenkel, mit Haut, roh",206,17.4,15.2,0.0,0.14
"Hähnchen Brust, ohne Haut, roh",109,21.81,2.42,0.0,0.149
"Pute Brust, ohne Haut, roh",105,24.1,0.99,0.0,0.115
"Pute Flügel, mit Haut, roh",192,20.2,12.3,0.0,0.138
"Hähnchen Oberschenkel, mit Haut, roh",212,17.17,15.96,0.0,0.19
"Hähnchen Unterschenkel, mit Haut, roh",151,18.55,8.58,0.0,0.2368
"Suppenhuhn Schenkel, mit Haut, roh",257,18.5,20.3,0.0,0.1612
"Pute Innereien, roh",154,17.9,9.21,0.0,0.192
"Ente Innereien, roh",154,17.9,9.21,0.0,0.192
"Gans Innereien, roh",154,17.9,9.21,0.0,0.192
"Perlhuhn Fleisch, mit Haut, roh",152,23.4,6.45,0.0,0.168
"Gans Fleisch, ohne Haut, roh",155,22.8,7.13,0.0,0.218
"Baby-Pute Fleisch, mit Haut, roh",151,22.4,6.79,0.0,0.165
"Pute Keule, ohne Haut, roh",114,20.5,3.61,0.0,0.215
"Taube Fleisch, mit Haut, roh",169,20.9,9.5,0.0,0.225
"Hammel Herz, roh",128,16.8,6.8,0.0,0.295
"Schaf Herz, roh",117,16.5,5.68,0.0,0.222
"Rind Herz, roh",121,16.8,6.0,0.0,0.27
"Schaf Leber, roh",131,20.4,5.02,1.0,0.175
"Hammel Leber, roh",132,21.2,3.95,3.0,0.238
"Kalb Magen/Gekröse, roh",134,14.8,8.3,0.0,0.222
"Kalb Milz, roh",100,18.2,3.0,0.0,0.285
"Kalb Niere, roh",124,16.7,6.37,0.0,0.472
"Kalb Bries, roh",99,17.2,3.4,0.0,0.218
"Rind Zunge, roh",207,16.0,15.9,0.0,0.25
"Schaf Zunge, roh",218,15.7,17.2,0.0,0.195
"Hammel Zunge, roh",187,13.5,14.8,0.0,0.262
Salami,374,23.54,30.9,0.0,2.925
"Mortadella/Schinkenwurst fein zerkleinert, Konserve",264,13.5,23.0,0.25,2.0125
Fleischwurst Konserve,306,12.11,28.3,0.25,2.438
Kalbsleberwurst Konserve,351,13.55,32.0,1.933,1.96
"Schwein Kochschinken, Kochpökelware, Konserve (Dosenschinken)",184,20.2,10.7,0.74,2.26
Roggen Flocken,293,9.0,1.7,53.844,0.01
Roggen Vollkornschrot,310,8.43,1.35,56.47,0.0018
"Weintraube rot, roh",80,0.6,0.1,17.5,0.002
Dattel roh,140,1.5,0.1,31.6,0.018
"Weintraube weiß, roh",72,0.7,0.2,15.54,0.002
Traubensaft angereichert mit Eisen,68,0.21,0.0,16.35,0.008
Ananas roh,46,0.5,0.1,9.4,0.01
Limette roh,28,0.5,0.2,1.9,0.0055
Kumquat roh,51,0.65,0.3,10.1,0.015
Tangerine roh,53,1.0,0.3,10.1,0.0072
Satsuma roh,50,0.8,0.3,9.6,0.0072
Mandelmus,559,25.3,46.6,4.51,0.018
"H-Milch entrahmt, höchstens 0,5 % Fett, laktosefrei, ultrahocherhitzt",36,3.51,0.208,4.97,0.1
"Joghurt aus entrahmter Milch, max. 0,5 % Fett, laktosefrei",49,5.27,0.1,6.13,0.138
"Joghurt aus entrahmter Milch, max. 0,5 % Fett, mit Magermilchpulverzusatz",46,4.3,0.1,6.2,0.15
"Dickmilch/Sauermilch, entrahmt, max. 0,5 % Fett",37,3.2,0.1,5.2,0.132
Mascarpone mind. 80 % Fett i. Tr.,395,4.5,40.33,3.38,0.1088
Appenzeller mind. 20 % Fett i. Tr.,242,33.8,11.4,0.0004,2.025
Hartkäse mind. 50 % Fett i. Tr.,399,26.9,32.1,0.0,1.475
Hartkäse mind. 30 % Fett i. Tr.,391,35.6,27.43,0.056,1.668
"Frischkäsezubereitung mind. 40 % Fett i. Tr., mit Gemüse/Kräutern",146,9.7,10.2,3.2,0.975
"Ricotta, Molkeneiweißkäse, mind. 45 % Fett i. Tr.",159,8.58,12.3,3.43,0.462
"Schmelzkäse schnittfest, mind. 20 % Fett i. Tr.",217,24.5,11.5,3.1,3.0
Kochkäse mind. 10 % Fett i. Tr.,104,14.7,3.0,3.9,1.0
"Colagetränk koffeinhaltig, mit Süßungsmitteln",0,0.0,0.0,0.0,0.002
Colagetränk koffeinfrei,41,0.0,0.0,10.3,0.002
"Kaffeelikör/Kakaolikör, klar",335,0.1,0.4,46.0,0.022
Bitterlikör/Kräuterlikör/Gewürzlikör,282,0.1,0.0,28.78,0.068
"Sonnenblumenmargarine Vollfett, angereichert mit Vitamin D",720,0.17,79.94,0.0,0.2025
"Pflanzenmargarine Dreiviertelfett, angereichert mit Vitaminen",541,0.06,60.13,0.0,0.0638
"Pflanzliches Streichfett mit > 41 % und < 60 % Fett, angereichert mit Vitaminen",405,0.03,44.94,0.0,0.072
"Rapsölmargarine Vollfett, angereichert mit Vitaminen",725,0.04,80.48,0.0,0.3198
"Mischfett mit überwiegend Pflanzenfett, ungesalzen, angereichert mit Vitaminen",499,0.39,54.66,1.24,0.4435
"Pflanzenmargarine Vollfett, angereichert mit Vitaminen",718,0.11,79.6,0.163578,0.223
"Pflanzenmargarine Halbfett, angereichert mit Vitaminen",371,0.26,39.66,3.14,0.4805
"Pflanzliches Streichfett mit > 62 - < 80 % Fett, angereichert mit Vitaminen",628,0.12,69.57,0.346631,0.3132
"Pflanzliches Streichfett mit < 39 % Fett, angereichert mit Vitaminen",286,0.75,30.18,2.68,0.3998
Ziehmargarine,718,0.0,79.8,0.0,0.512
Backmargarine,717,0.0,79.7,0.0,0.512
Weichkaramelle,500,2.0,15.9,75.1,0.78
Zartbitter-/Halbbitter-Kuvertüre,534,6.62,32.26,49.6,0.0218
"Schildmakrele/Stöcker, roh",119,19.75,4.46,0.0,0.16
Grenadier roh,76,17.5,0.7,0.0,0.282
Bachsaibling roh,109,21.2,2.73,0.0,0.112
Rind Filetsteak roh,121,21.2,4.0,0.0,0.1
"Kalb Filetsteak, roh",121,21.2,4.0,0.0,0.1
"Rind Tatar/Schabefleisch, roh",115,22.0,3.0,0.0,0.165
"Kalb Filet/Lende, roh",101,21.2,1.82,0.0,0.238
Rind Roastbeef (Rücken) roh,130,22.45,4.45,0.0,0.138
"Kalb Hals/Nacken/Kamm, roh",109,21.2,2.66,0.0,0.26
Kalb Gulasch (Bug) roh,94,21.2,1.01,0.0,0.218
Kalb Bratenfleisch (Bug) roh,94,21.2,1.01,0.0,0.218
"Hirsch Fleisch, roh",112,20.6,3.34,0.0,0.158
"Fasan Fleisch, mit Haut, roh",154,23.75,6.55,0.0,0.08
"Ente Fleisch, ohne Haut, roh",122,19.0,5.1,0.0,0.225
"Gans Fleisch, mit Haut, roh",342,15.7,31.0,0.0,0.215
"Pute Fleisch, ohne Haut, roh",102,20.5,2.2,0.0,0.232
"Putenbrust, Kochpökelware, geräuchert",107,23.02,1.63,0.0,3.05
"Ente Schenkel, mit Haut, roh",212,17.17,15.96,0.0,0.258
"Gans Schenkel, mit Haut, roh",231,17.17,18.073,0.0,0.19
"Kalb Herz, roh",109,15.9,5.06,0.0,0.26
"Kalb Zunge, roh",172,16.9,11.6,0.0,0.232
Schnittkäse mind. 20 % Fett i. Tr.,242,33.8,11.4,0.0004,2.025
Schmelzkäsezubereitung mind. 20 % Fett i. Tr.,191,17.0,10.0,7.6,3.0
"Frischkäsezubereitung mind. 30 % Fett i. Tr., mit Gemüse/Kräutern",140,11.0,9.0,3.0,0.975
"Colagetränk koffeinfrei, mit Süßungsmitteln",0,0.0,0.0,0.0,0.002
Mandellikör,335,0.1,0.4,46.0,0.022
Schwertfisch roh,106,19.4,3.11,0.0,0.255
"Rind Hochrippe, roh",155,20.55,8.05,0.0,0.128
Rind Steak (Rücken) roh,130,22.45,4.45,0.0,0.138
"Rind Rostbraten, roh",130,22.45,4.45,0.0,0.138
Rind Kotelett (Rücken) roh,130,22.45,4.45,0.0,0.138
"Kalb Rücken, roh",107,20.9,2.62,0.0,0.232
"Hirsch Rücken, roh",112,20.6,3.34,0.0,0.158
"Pferd Fleisch, roh",108,20.6,2.67,0.4,0.11
"Reh Keule, roh",97,21.4,1.25,0.0,0.15
"Reh Rücken, roh",122,22.4,3.55,0.0,0.21
"Wachtel Fleisch, ohne Haut, roh",128,21.8,4.53,0.0,0.128
Schnittkäse halbfest mind. 20 % Fett i. Tr.,242,33.82,11.4,0.0004,2.025
"Rind Brustkern/Mittelbrust, roh",200,18.585,13.993,0.0,0.155
"Kalb Muskelfleisch, roh",92,21.3,0.81,0.0,0.235
Kalb Steak (Rücken) roh,107,20.9,2.62,0.0,0.232
Kalb Kotelett (Rücken) roh,107,20.9,2.62,0.0,0.232
Kalb Kochfleisch (Brust) roh,200,18.585,13.993,0.0,0.155
"Kalb Brust, roh",201,18.4,14.2,0.0,0.262
"Kalb Fleisch, vom Knochen, roh",92,21.3,0.81,0.0,0.235
Rahmnockerln gebraten,193,6.7,12.3,13.6,0.2
Tomaten gebacken provenzalische Art,96,1.0,7.95,3.83,0.482
Buchweizen-Wasserbiskuitboden,305,10.63,4.93,53.4,0.318
"Eier-Frischteigwaren mit Grieß, grün, selbstgemacht, roh",236,10.66,3.4,39.1,1.055
"Käsealternative, Basis Pflanzenfett, vegan",293,0.156,23.043,21.168,2.152
Weiße Rüben gedünstet (mit Fett und Salz),68,0.81,4.5,4.75,0.45
"Speiseeis Vanille, überzogen mit Schokolade",292,3.67,16.3,31.75,0.1282
"Schwein Hintereisbein/Hinterhaxe, gegrillt",282,26.1,19.73,0.0,0.2582
"Rind Magen/Kutteln, gekocht",97,17.4,3.04,0.0,0.142
Brownies,489,7.26,32.84,38.7,0.27
Mehrkornknusperbrot angereichert mit Vitaminen und Spurenelementen,353,10.7,2.3,66.4,1.3
"Ente Schenkel, mit Haut, gebraten ohne Fett (Ofen)",194,26.02,9.98,0.0,0.342
Vollkornbrot mit Quark,213,7.92,1.02,38.0,1.202
"Köhler/Seelachs, pochiert",100,19.32,2.549,0.0,0.1522
"Vollkornpfannkuchen/Vollkorneierkuchen, ungesüßt, mit Milch 3,5 % Fett, gebraten",231,8.98,13.4,17.04,0.275
Dinkelvollkornknäckebrot mit Ölsamen und Hartkäse,424,17.8,18.1,43.0,1.835
Vanillecremeeis,176,4.3,9.42,18.5,0.102
"Knuspermüslimischung, klassisch, gesüßt, angereichert mit Vitaminen und Mineralstoffen",421,9.0,15.95,56.4,0.53
"Hähnchen Flügel, mit Haut, mariniert, roh",211,16.56,15.26,1.66,1.07
Kürbis gedünstet (mit Fett und Salz),56,1.34,3.2,4.97,0.468
Kartoffelpuffer/Reibekuchen (mit saurer Sahne und Grieß) gebraten,185,3.6,8.9,21.6,0.38
Rotkohl mit Apfel gedünstet,62,1.01,3.74,4.9,0.19
Zander tiefgefroren,86,20.0,0.66,0.0,0.06
Rhabarber-Streuselkuchen (Hefeteig),169,3.52,6.0,23.0,0.04
"Blei/Brachsen/Brasse, gesalzen",110,18.58,3.91,0.0,2.215
Weizenmischbrötchen mit Mohn,291,9.0,3.3,53.0,1.432
"Joghurt mind. 3,5 % Fett, mit Schokoladenzubereitung, gesüßt",117,3.46,4.475,14.914,0.102
"Schaf Bratenfleisch (Bug, mager) gebraten ohne Fett (Ofen)",176,26.7,7.73,0.0,0.212
"Fruchtmischung (Apfel, Banane, Mandarine) ungesüßt",64,0.729,0.5,12.7,0.002
Wirsing gedünstet (mit Fett und Salz),70,2.28,4.6,3.7,0.365
Roggenvollkornknäckebrot,327,9.44,1.39,59.32,1.3258
Rind Pökelfleisch (Brust) geräuchert,191,17.658,13.295,0.25,1.8
"Hafer Grütze, gekocht (mit Fett und Salz)",71,2.8,2.18,9.2,0.1282
"Suppenhuhn Innereien, geschmort ohne Fett",244,30.9,13.4,0.0,0.245
Mehrkornvollkornknäckebrot,339,10.6,2.4,60.0,1.205
Roggenvollkornknäckebrot mit Milch,327,9.69,1.38,59.18,1.375
Thüringer Obstkuchen (Hefeteig),165,7.1,4.9,22.0,0.1
"Milchmischgetränk < 1 % Fett, probiotisch, aromatisiert, mit Zucker und Süßungsmitteln, angereichert mit Vitaminen",28,3.473,0.071,3.2,0.135
"Rind Zunge, Kochpökelware",175,15.579,12.257,0.498,1.8
Süßkartoffeln gedünstet (mit Fett und Salz),124,1.44,3.1,21.3,0.4
"Sauerteigbrot mit Sonnenblumenkernen, glutenfrei",231,7.9,7.6,30.9,1.002
Kokoskuchen (Rührmasse),444,7.33,28.64,37.8,0.52
Kartoffelgratin ohne Käse,117,2.4,5.03,15.0,0.32
Vollkornbrot mit Ölsamen,229,8.1,3.17,37.0,1.15
"Schaf Keule, mager, mariniert, roh",120,20.9,3.88,0.34,1.022
Roggenbrötchen mit Sesam,275,8.42,3.55,48.0,1.392
"Lamm Brust, gebraten ohne Fett (Ofen)",336,21.507,27.778,0.0,0.235
Bayerisches Kraut gedünstet,58,1.009,3.712,3.84,0.178
Weizenbrötchen mit Quark,298,10.2,2.68,56.0,1.445
"Hähnchen Oberschenkel, mit Haut, gebraten ohne Fett (Ofen)",256,24.88,17.35,0.0,0.2258
Misosuppe,11,0.6,0.4,0.85,1.135
Bouillabaisse,44,8.0,0.7,1.1,0.542
Blumenkohl gebraten ohne Fett (Pfanne),71,4.848,0.56,10.65,0.06
Käse-Schinken-Hörnchen (Quark-Öl-Teig),305,14.45,14.25,28.3,1.372
Vanillefondant,390,0.011,4.602,85.3,0.01
"Pfefferschote rot, gebraten ohne Fett (Pfanne)",68,3.17,0.75,10.49,0.038
Apfelkuchen (Sandmasse),244,3.1,12.42,29.1,0.095
Anisplätzchen (Biskuitmasse),350,8.0,2.87,71.82,0.152
"Hirsebrei ungesüßt, mit Milch 3,5 % Fett",134,6.0,4.18,17.82,0.1128
Mehlmischung für Kuchen glutenfrei,347,1.8,0.5,82.9,0.008
Lachssteaks gebraten,224,23.4,14.484,0.0,0.6085
Zwetschgen-Streuselkuchen (Hefeteig),192,3.34,6.02,30.0,0.04
Apfelstrudel (Mürbeteig),289,4.6,16.1,29.8,0.058
"Eierteigwaren Tortelloni (Ricotta-Spinat-Füllung) getrocknet, gekocht",106,4.142,1.776,17.862,0.265
Roggenbrötchen mit Ölsamen,281,9.1,5.17,45.0,1.32
Buchweizen gekocht (mit Fett und Salz),102,3.33,2.51,15.8,0.1852
Springerle,392,7.84,2.36,83.67,0.135
Mandelbiskuitboden,307,11.98,9.95,41.49,0.24
Schokoladensahneeis,322,3.9,25.59,18.4,0.078
Schwein Bauch (wie gewachsen) Rohpökelware,294,16.69,25.08,0.47,4.5
"Schokolade weiß, mit Kaffee",546,6.4,32.8,55.8,0.25
Quarkkrapfen frittiert,340,7.0,16.3,39.4,0.255
Braune Lebkuchen unglasiert,332,7.0,12.1,47.5,0.542
Roggenmischbrot mit Quark,223,7.31,0.76,43.0,1.238
"Spanisch Fricco (Kartoffel-Eintopf mit Schweinefleisch, Naturjoghurt und saurer Sahne)",173,7.13,11.3,10.0,0.22
Heringsrogen gesalzen,147,28.821,3.569,0.0,3.54
Apfelkuchen (Quark-Öl-Teig),177,3.4,6.34,25.2,0.195
Schokoladen-Haselnuss-Cookies,505,7.8,27.39,54.7,0.562
Banane getrocknet,290,4.89,1.5,58.9,0.00482
Eiweißbrot/Proteinbrot,226,23.4,8.2,11.0,0.97
"Milchmischgetränk 3,5 % Fett, aromatisiert, gesüßt",78,3.38,3.33,8.5,0.082
Rührei gebraten in Butter,172,13.31,12.99,0.42,0.728
Sauerampfer gekocht,35,4.557,0.514,1.656,0.0
Sauerkraut gedünstet,29,0.76,1.05,1.68,0.72
Spinat gedünstet,22,2.49,0.361,1.12,0.15
Schweinebraten ohne Sauce,264,27.24,17.24,0.0,0.622
Erbsenpüree von grünen Erbsen,121,4.7,5.795,9.8,0.258
"Getreideflakes gesüßt, mit Schokolade, angereichert mit Vitaminen und Mineralstoffen",376,8.1,5.8,69.3,0.88
Himbeersaft,35,0.9,0.24,5.53,0.008
"Schwein Leber, gebraten ohne Fett (Pfanne)",147,23.15,5.55,1.163,0.2462
Roggenvollkornknäckebrot mit Sonnenblumenkernen,367,12.21,9.39,49.8,1.3368
"Getreideflakes gesüßt, angereichert mit Vitaminen und Mineralstoffen",348,9.7,1.6,70.2,0.835
Schwein Schnitzel (Oberschale) gegrillt,137,28.8,2.388,0.0,0.22
Weizenbrötchen mit Kümmel und Salz,291,9.3,2.69,55.0,2.165
"Schwein Kochschinken, Kochpökelware, geräuchert",106,19.24,3.04,0.465,1.8
"Schwein Hintereisbein/Hinterhaxe, Kochpökelware, geräuchert",163,16.35,10.63,0.437,1.8
Nussbiskuitboden,319,11.42,11.5,41.5,0.238
Pfeffernüsse,397,8.85,4.48,78.6,0.408
"Weizenvollkornknäckebrot mit Ölsamen, Hartkäse und Möhre",417,16.1,15.3,48.0,1.878
Mayonnaise mit Essig,719,2.0,78.57,0.41,1.272
Kathrinchen (Honigteigplätzchen),401,7.14,8.91,71.43,0.075
Frühlingszwiebel/Lauchzwiebel (ohne Laub) gekocht,37,1.0,0.173,6.91,0.022
Knacker einfach/Schüblinge einfach/Servela einfach,210,12.2,17.86,0.08,2.0
Fleischersatz glutenhaltig (Seitan),199,28.4,7.2,4.0,1.6312
"Kalbsleber mehliert, gebraten",141,19.22,2.94,9.2,0.53
Mehrkornbrötchen,302,9.8,5.44,50.0,1.282
Brötchen glutenfrei,303,4.4,4.2,61.0,1.3
Grünkohl gedünstet (mit Fett und Salz),77,3.02,4.29,3.7,0.19
Möhren-Nuss-Kuchen (Rührmasse),360,7.35,20.04,36.0,0.37
Ottilienkuchen (Rührmasse),456,7.1,26.98,45.1,0.208
Putenei gekocht,163,13.7,11.9,0.34,0.378
"Sauerkraut abgetropft, gedünstet",22,1.114,0.307,0.98,1.178
"Schaf Filetmedaillon, gebraten ohne Fett (Ofen)",146,29.26,3.21,0.0,0.1408
Eiweißbrötchen/Proteinbrötchen,328,33.9,11.9,16.0,1.402
"Kalb Hirn, gekocht",103,10.694,6.706,0.0,0.21
"Schwein Kammsteak, mariniert, gegrillt",312,27.29,22.4,0.19,1.5
Weizenvollkornbrot mit Nüssen,242,8.8,4.29,38.0,1.122
Napfkuchen mit Sultaninen und Zitronat (Rührmasse),402,7.1,17.6,52.0,0.418
Roquefortsauce,430,12.436,41.23,1.876,1.982
Haferbrötchen,302,10.5,4.47,52.0,1.432
"Rind Keule, tiefgefroren",148,21.0,7.1,0.0,0.15
Zwetschgenkuchen (Quark-Öl-Teig),180,3.36,6.37,26.4,0.195
Schwein Oberschale (ohne Deckel) gekocht,145,30.01,2.73,0.0,0.0778
"Sahnejoghurt mind. 10 % Fett, mit Schokoladenzubereitung, gesüßt",151,2.9,8.87,14.3,0.1
Wiener Tortenboden kakaohaltig (dunkel),362,8.99,16.29,44.0,0.228
Sojasprossen gedünstet (mit Fett und Salz),86,6.38,6.04,0.3,0.225
"Schwein Kotelett (Rücken/cranial) Kochpökelware, geräuchert",131,17.07,6.82,0.437,1.8
Joghurt-Dip,93,3.64,6.6,4.0,0.45
Mandelkuchen (Hefeteig),429,10.07,22.77,44.0,0.068
Käsewaffeln salzig (Rührmasse),481,10.7,35.96,27.5,0.315
Fondantkonfekt mit Zartbitterschokolade überzogen,361,1.3,6.0,75.0,0.04
"Speisequarkzubereitung mind. 30 % Fett i. Tr., mit Kräutern",119,8.35,7.78,3.32,0.842
"Speisequarkzubereitung mind. 40 % Fett i. Tr., mit Kräutern",137,8.53,9.66,3.52,0.802
Haselnusszopf (Mürbeteig),431,8.47,25.17,41.2,0.182
"Bratensoße dunkel, Konserve",43,1.32,1.56,5.7,1.475
"Dorsch/Kabeljau, pochiert",69,15.5,0.78,0.0,0.185
Weißkraut gedünstet (mit Fett und Salz),58,1.009,3.71,3.83,0.23
Semmelknödel getrocknet,390,17.35,10.66,54.32,2.7
"Schokobiskuitrolle/Schokobiskuitroulade, ungefüllt",290,11.59,6.78,44.4,0.278
Weizenbrötchen mit Sesam,299,9.6,3.43,55.0,1.438
Schokoladen-Milchkaltschale gebunden mit Stärke,86,3.72,3.52,9.8,0.122
"Schweinekotelett natur, gebraten",230,26.92,13.59,0.02,0.3832
Roggenbrot mit Nüssen,230,6.12,3.97,38.0,1.132
Tomatenkartoffeln gedünstet,100,1.76,4.2,12.98,0.368
Weizenvollkornbrötchen mit Ölsamen,299,11.2,5.61,46.0,1.36
"Kalb Fleisch, sehnenfrei, sichtbarer Fettanteil > 20 % (KA IV) roh",296,16.702,25.412,0.0,0.178
"Pfannkuchen/Eierkuchen, ungesüßt, mit Milch 1,5 % Fett, gebraten",211,8.75,5.0,31.6,0.348
Mandelboden (mit Eiklar zubereitet),375,10.6,16.218,44.95,0.148
"Schwein Schnitzel (Oberschale) mariniert, gegrillt",184,26.38,8.52,0.16,1.2
Kokosmilch/Kokosnussmilch,227,2.774,21.9,2.1,0.055
Grillhähnchen,257,24.18,17.78,0.0,0.5658
Honigkuchen,366,6.77,6.5,68.4,0.435
Sojabohnen (Edamame) gedünstet (mit Fett und Salz),161,10.8,10.0,5.1,0.295
Apfelkuchen (Rührmasse),220,3.8,9.97,27.8,0.175
Senf-Honig-Dressing für Salat,404,0.62,41.3,5.17,0.925
Mandelkuchen (Rührmasse),430,10.47,23.96,41.3,0.358
Buttergebäck kakaohaltig (Mürbeteig),497,7.42,27.08,54.0,0.195
Getreidechips umhüllt mit Milchschokolade,513,5.24,27.67,59.4,0.338
Couscous (Hartweizen) gekocht,156,4.914,0.68,31.05,0.0118
"Alaska-Pollack/Alaska-Seelachs, gegrillt",73,15.9,1.04,0.0,0.358
Schwarzwurzel gedünstet,60,1.363,0.422,8.6,0.012
Ingwer kandiert,215,1.01,0.39,51.1,0.022
Scheiterhaufen gebacken,168,4.9,4.9,25.1,0.39
Sahnelikör,262,0.75,10.178,18.0,0.03
Vollkornhefeteig süß roh,273,8.4,8.26,38.0,0.165
Grissini,354,11.63,13.0,44.0,0.575
"Kaffee (Getränk) mit Kondensmilch 7,5 % Fett und Zucker",13,0.32,0.248,2.105,0.018
Kokos-Praline mit Cremefüllung und blanchierter Mandel,604,6.7,46.8,36.5,0.3
Birnenkraut,206,0.8,0.7,47.7,0.008
Mandelgebäck (Mürbeteig),539,8.39,32.93,49.9,0.15
"Schaf Filetmedaillon, gegrillt",161,31.25,3.95,0.0,0.161
"Bratensoße aus Instantpulver, zubereitet mit Wasser",10,0.225,0.247,1.731,0.648
Mehlschmarren (süddeutsche Mehlspeise) gebraten,254,7.78,11.04,29.92,0.138
Fleischsalat-Grundmasse,261,10.24,24.01,0.96,2.0
"Sacherguss/Schokoladenglasur, für Gebäck/Torten",345,3.31,15.75,45.4,0.015
Graved Lachs,152,19.009,7.74,1.493,2.922
"Cocktail, Gin Tonic",55,0.0,0.0,5.368,0.002
Apfeltaschen (Hefeteig),244,5.5,7.0,38.0,0.062
Buttermilch-Dressing mit Honig für Salat,104,2.86,6.28,8.03,0.515
Rührei gebraten mit Pfifferlingen,166,9.26,13.59,1.11,0.575
"Fruchtmischung gezuckert, roh",87,0.694,0.4,18.9,0.005
Brombeersaft,40,1.17,0.2,9.2,0.002
Stachelbeere gedünstet,56,0.972,0.167,10.929,0.005
Debreziner Bohnengulasch (mit Schweinefleisch),97,10.52,4.8,2.3,0.312
"Lamm Bries, gekocht",91,15.4,3.28,0.0,0.11
Stint gebraten ohne Fett (Pfanne),100,20.662,1.912,0.0,0.415
"Weizenvollkornknäckebrot mit Müslizutaten, gesüßt",438,13.6,18.1,50.0,0.47
Weizenmischbrot mit Quark,224,7.79,0.85,43.0,1.205
Französische Schokoladentorte (Rührmasse),452,5.66,23.7,52.4,0.472
Früchtekuchen (ohne Fett zubereitet),380,7.4,12.3,56.4,0.225
"Blätterteig eifrei, roh",425,4.18,32.19,28.65,0.398
Pralinen gefüllt mit Fruchtcreme,550,4.3,35.3,51.1,0.13
"Wildente Fleisch, mit Haut, gebraten ohne Fett (Ofen)",243,27.0,15.0,0.0,0.178
"Hammel Keule, geschmort ohne Fett",309,26.719,22.5,0.0,0.182
Weizenvollkornbrötchen mit Kürbiskernen,297,11.7,5.66,45.0,1.355
"Gerste ganzes Korn, gekocht",176,6.001,1.062,33.4,0.02
Vollkornbrot mit Sonnenblumenkernen,230,8.1,3.29,37.0,1.145
"Milchmischgetränk 3,5 % Fett, aromatisiert, gesüßt, angereichert mit Vitaminen",78,3.38,3.33,8.5,0.082
Dinkelvollkornbrötchen mit Ölsamen,297,11.5,5.97,45.0,1.368
"Hähnchenbrustfilet mit Cornflakes paniert, gebraten",191,23.14,8.13,6.13,0.52
Rumtopf,333,0.3,0.1,17.4,0.005
Erdbeersahneeis,241,2.9,20.88,9.83,0.065
"Nearwater/Aqua Plus Getränk, aromatisiert, mit Zucker und Süßungsmitteln",14,0.0,0.0,3.6,0.008
"Pute Flügel, mit Haut, tiefgefroren",192,20.2,12.3,0.0,0.138
Meeresfrüchtemischung roh,72,14.614,1.51,0.0,0.695
"Bechamelsauce mit Milch 3,5 % Fett",119,4.21,8.01,7.24,0.21
Omelett gebraten mit Tomaten,142,6.2,11.81,2.13,0.308
Rindergulasch mit Gemüse,100,8.0,4.0,7.0,0.5
Kräuterquark (aus Magerquark),80,9.49,2.7,3.8,0.48
Weizenmischbrötchen,289,8.8,2.72,54.0,1.46
Westfälischer Pfefferpotthast mit Rindfleisch und Sauce,122,12.45,6.2,3.44,0.495
Fleischkäse fettreduziert,147,18.25,8.1,0.16,2.2
Brathähnchen gebraten im Ofen,230,22.69,15.44,0.017,0.5045
Müslimischung Bircher Art (mit Trockenfrüchten und Nüssen) ungesüßt,366,11.8,11.0,49.4,0.02
Mais gekocht,88,2.284,0.95,16.583,0.002
Currybratwurst,215,10.92,19.01,0.04,1.9058
"Ganze Tomaten gedünstet, mit Sahne",83,1.215,6.643,3.68,0.245
"Kalb Zunge, Kochpökelware",144,15.977,8.682,0.483,1.8
Krautgulasch (mit Rindfleisch),129,11.34,7.1,3.93,0.24
Dinkelbrot mit Nüssen,253,8.66,5.01,41.0,1.132
Raspeli,450,6.3,23.388,50.4,0.18
Englischer Kuchen (Sandmasse) mit Alkohol,424,5.8,22.2,48.3,0.135
Schwein Dünner Bug (ohne Fett und Schwarte) gebraten ohne Fett (Ofen),169,27.44,6.57,0.0,0.1852
Stint gedünstet,77,15.536,1.619,0.0,0.395
"Suppengrün/Suppenkraut, roh",33,2.154,0.335,3.4,0.14
Kirschenmichel gebacken,152,5.0,4.84,21.58,0.398
"Schaf Kotelett, mariniert, roh",320,13.87,29.2,0.34,1.08
Weizenvollkornbrot mit Sonnenblumenkernen,236,9.3,3.37,38.0,1.122
"Kalb Bug/Schulter, gekocht",119,27.257,1.082,0.0,0.202
Dinkeleierteigwaren roh,366,14.51,2.29,68.48,0.042
Aprikosensaft,49,0.7,0.104,10.8,0.005
Johannisbeertorte mit Baiser/Träublestorte (Mürbeteig),320,6.7,12.9,41.75,0.112
Käse-Weißbrot-Auflauf,260,15.3,14.01,17.34,1.075
Schokoladenbaiser,406,8.1,10.81,66.3,0.268
Makronenkuchen (Rührmasse),456,8.8,26.23,44.6,0.165
"Hamburger Rauchfleisch (Rind Oberschale) Rohpökelware, geräuchert",118,19.495,4.231,0.492,4.5
"Dicke Bohne unreif, tiefgefroren",70,6.0,0.7,6.6,0.048
Kekse/Plätzchen (Vollkornmürbeteig),522,7.13,29.77,53.1,0.2
Quicheboden (Mürbeteig),442,8.2,25.85,42.5,0.408
"Getreideflakes gesüßt, mit Schokolade",376,8.1,5.8,69.3,0.88
"Gemüsemischung asiatische Art, roh",30,2.0,0.3,3.6,0.018
Vollkornbrot glutenfrei,227,6.6,6.0,32.0,0.832
Hammelfleisch gedünstet mit Weißkraut (Irish Stew),155,6.36,9.8,9.45,0.488
Roggenmischbrot mit Kümmel,219,6.53,0.75,43.0,1.232
Schokoladen-Milchsuppe gebunden mit Grieß,87,3.9,3.4,10.0,0.118
Rehrücken gebacken (Sandmasse),479,9.35,30.58,39.3,0.205
"Kalb Zunge, gekocht",174,19.012,10.875,0.0,0.13
Geflügelbockwurst mit Schweinefleisch,137,12.73,9.6,0.0,2.0
Rind Bratenfleisch (Bug) tiefgefroren,128,20.2,5.3,0.0,0.125
Petersilienblatt tiefgefroren,33,4.088,0.36,1.31,0.3138
Croissant (Hefeblätterteig/Plunderteig),426,8.0,23.57,44.0,0.872
Weizenbrötchen mit Kürbiskernen,307,10.7,5.17,52.0,1.36
Rotweinkuchen (Rührmasse),429,7.92,28.01,34.2,0.335
"Schmelzkäsezubereitung 45 - 52 % Fett i. Tr., mit Schinken",279,12.19,22.98,5.14,2.308
Zimtschnecken (Hefeteig),352,7.5,10.09,56.3,0.088
"Pute Innereien, tiefgefroren",154,17.9,9.21,0.0,0.192
"Gemüsemischung Leipziger Allerlei, tiefgefroren",57,3.2,0.398,8.2,0.025
"Getreideflakes gesüßt, mit Nüssen",370,10.8,6.93,60.9,0.778
Grundsauce dunkel/braun (von Wildbrühe),76,1.14,5.4,5.53,0.642
Frankfurter Würstchen/Schinkenwürstchen,270,12.4,24.4,0.08,2.0
Stachelbeerkuchen (Rührmasse) mit Baiser,275,4.1,12.25,35.6,0.185
Maracujanektar/Passionsfruchtnektar,56,0.2,0.1,13.209,0.015
Friesenkekse (Mürbeteig),511,6.5,27.31,58.36,0.06
Quarkspeise mit Pfirsichen,113,5.8,4.92,10.88,0.088
"Kartoffeln geschält, roh gebraten",222,2.88,12.753,22.601,0.0088
Ratatouille,58,1.2,3.36,4.6,0.43
Weißkraut-Karotten-Eintopf mit weißen Bohnen und Hammelfleisch,131,7.159,7.916,6.0,0.202
Quarkstollen (Rührmasse),379,8.1,15.7,48.6,0.312
Paella,102,8.5,3.3,9.0,0.625
Kiwisaft,48,0.8,0.4,9.1,0.008
Quarkspeise mit Himbeeren,112,5.8,4.87,10.0,0.085
Quarkspeise mit Erdbeeren,111,5.75,4.88,10.26,0.085
"Milchreis gesüßt, mit Milch 3,5 % Fett und Rosinen, aufgezogen, gebacken",140,4.1,4.3,20.8,0.105
Schneckennudeln/Rosenkuchen (Hefeteig),348,7.1,11.9,51.0,0.098
Hefeteig (feiner) gebacken,359,8.6,14.06,48.0,0.298
Bitterschokolade gefüllt mit Karamell,549,8.1,37.6,40.0,0.115
Bauernbratwurst/Westfälinger,281,19.24,22.58,0.15,2.5
Hefeteig (einfacher) gebacken,322,8.71,8.98,50.0,0.335
"Edelkrebs/Flusskrebs, gesalzen",73,16.935,0.56,0.0,1.88
Gänsezervelatwurst mit Schweinefleisch,366,23.2,30.38,0.0,3.8
Käsefondue (mit Alkohol),252,16.9,19.01,0.12,0.738
Gugelhupf mit Rosinen (Hefeteig),382,8.8,16.8,47.0,0.095
Salami Ungarische Art,386,21.81,33.08,0.18,3.8
Katenrauchwurst,263,25.15,17.93,0.18,3.8
Chinakohl gekocht,20,2.025,0.225,1.56,0.035
Nuss-Spritzgebäck (Rührmasse),558,7.9,40.54,38.6,0.172
Streuselkuchen (Hefeteig),425,7.27,17.97,57.0,0.06
Kartoffel-Tomaten-Gratin mit Mozzarella,97,2.76,5.2,9.09,0.408
"Batate/Süßkartoffel, gebacken",152,2.09,0.769,32.4,0.012
Weichkaramelle gefüllt,432,2.327,18.23,63.0,0.088
Früchtetee (Getränk) mit Zucker,7,0.0,0.0,1.861,0.005
"Rind Filet/Lende, gebraten ohne Fett (Ofen)",136,25.126,3.951,0.0,0.105
Glühwein,96,0.242,0.0,8.21,0.005
Grapefruit gezuckert,74,0.4,0.134,16.5,0.002
"Rote Rübe/Rote Bete, gedünstet",43,2.023,0.098,7.08,0.14
"Eier-Frischteigwaren, selbstgemacht, roh",283,11.07,5.76,44.97,1.128
Lammfleisch-Zervelatwurst,371,21.23,31.81,0.0,3.8
"Rind Steak (Rücken) mariniert, roh",144,20.41,6.75,0.14,0.995
"Schmelzkäsezubereitung 45 - 52 % Fett i. Tr., mit Nüssen",317,12.12,27.22,5.1,2.1355
"Grießbrei einfach, gesüßt",100,4.29,3.39,12.94,0.105
"Batate/Süßkartoffel, gekocht",65,1.7,0.2,12.8,0.01
Rinderkraftbrühe mit Reis,26,0.92,0.2,5.0,0.588
Weizenfladenbrot,248,8.2,2.3,47.0,1.26
Kartoffelgulasch,75,1.0,3.2,10.1,0.38
Käseklößchen,371,17.37,26.4,15.32,1.142
Knoblauch gebacken,112,7.118,0.494,3.0,0.0231405
"Porridge gesüßt, mit Wasser",81,2.613,1.308,13.5,0.025
Makrele gegrillt,188,23.7,10.36,0.0,0.498
"Erdnuss geröstet, gesalzen",614,28.7,49.2,9.9,0.96
Schnittlauchquark (aus Sahnequark),132,8.84,9.18,2.94,0.458
"Frankfurter Würstchen/Schinkenwürstchen, Konserve",226,12.5,19.5,0.08,2.0
Weizenvollkornbrötchen mit Sonnenblumenkernen,300,11.2,5.75,46.0,1.355
"Schwein Zunge, Kochpökelware",202,20.88,12.87,0.618,1.8
Englische Muffins/Toasties (Hefeteig) gebraten ohne Fett (Pfanne),371,10.55,8.47,61.0,1.215
Teewurst fettreduziert,200,21.63,12.56,0.1,2.925
Vollkornbrötchen mit Ölsamen,294,10.7,5.54,45.0,1.358
Lachs tiefgefroren,180,19.9,11.2,0.0,0.0798
"Gemüsepaprika grün, geschmort ohne Fett",42,1.175,0.261,7.56,0.012
Haferschleim,20,0.768,0.386,3.1,0.034
Heidesand (Mürbeteig),521,5.28,25.88,65.4,0.08
Mischpilze roh,34,3.5,0.3,2.16,0.012
Weizenmischbrot mit Kürbiskernen,238,8.42,3.06,41.0,1.15
"Ente Fleisch, ohne Haut, gegrillt",153,25.9,5.5,0.0,0.288
Schokozwieback,466,9.1,20.2,58.0,0.55
"Wachtel Fleisch, ohne Haut, tiefgefroren",128,21.8,4.53,0.0,0.128
Asia-Dressing,236,1.84,22.05,4.9,3.198
Broccoli gebraten ohne Fett (Pfanne),71,7.244,1.1934,4.6,0.13
Laugengebäck mit Sesam,276,8.9,3.61,50.0,1.288
Geflügelfleischkäse mit Schweinefleisch,193,16.86,13.9,0.11,2.0
Seezunge gedünstet,78,15.625,1.77,0.0,0.252
Weizenvollkornbrot mit Buttermilch,222,8.7,1.19,40.0,1.18
Käsewindbeutel salzig (Brandmasse) ungefüllt,245,12.3,14.16,16.5,0.422
Kohlrabi gekocht,28,1.898,0.157,3.8,0.04
Heidelbeer-Muffins (Rührmasse),336,5.7,14.23,44.3,0.24
Konfitüre extra,234,0.4,0.2,56.3,0.008
"Schwein Brustspitze, gebraten ohne Fett (Ofen)",228,25.24,14.13,0.0,0.1928
"Sauerteigbrot mit Ölsamen, glutenfrei",229,7.9,7.3,30.6,1.002
"Zartbitter-/Halbbitterschokolade, gefüllt mit Kokoscreme",564,5.51,37.37,48.1,0.068
Kaffeeeis,171,4.4,9.2,17.6,0.098
Eiswaffeln/Waffelhörnchen (Rührmasse),295,5.44,13.02,37.9,0.07
"Wildschwein Fleisch, geschmort ohne Fett",204,26.848,10.783,0.0,0.205
Schwein Kochfleisch (Bauch) gekocht,357,22.49,29.64,0.0,0.0965
Apfel-Streuselkuchen (Mürbeteig),309,4.19,16.13,35.14,0.0315
Rosinenbrötchen (Hefeteig),338,8.3,9.0,53.8,0.082
Orangennektar mit Süßungsmitteln,20,0.375,0.0,4.251,0.008
Böhmische Knödel roh,235,8.31,8.96,29.19,1.082
Studentenfutter,485,12.3,32.2,32.3,0.018
Roggenvollkornbrötchen,256,7.56,2.86,43.0,1.422
Buttergebäck (Mürbeteig),496,6.82,26.15,57.0,0.16
Apfelkraut,231,0.9,1.0,52.1,0.008
Tortenguss klar (zubereitet mit Wasser und Zucker) für Gebäck/Torten,48,0.015,0.003,12.057,0.005
Reiswaffeln schokoliert,475,7.13,21.37,61.0,0.182
"Pflanzenfett/Frittierfett, pflanzlich",900,0.0,100.0,0.0,0.00105
Vollmilchschokolade gefüllt mit Karamell,533,4.57,30.37,57.3,0.28
Kokosflocken (aus Fondant),461,1.922,16.952,68.5,0.02
"Kalb Hals/Nacken/Kamm, tiefgefroren",109,21.2,2.66,0.0,0.26
"Lammfleischspieße mit Gemüse, gegrillt",161,12.4,11.3,1.7,0.36
"Tintenfische mehliert, gebraten",96,16.23,2.2,2.25,1.005
Weizenbrötchen mit Mohn,298,9.6,3.3,55.0,1.438
"Kuchenboden/Tortenboden, kakaohaltig (Mürbeteig, einfacher)",428,8.61,18.28,55.5,0.222
Apfelkuchen gedeckt (Mürbeteig),219,3.7,9.9,27.4,0.06
"Pute Flügel, mit Haut, gegrillt",294,31.1,18.9,0.0,0.19
Barbecuesauce/Grillsauce,112,1.15,7.27,9.24,0.612
"Käsealternative, Basis Cashewkerne, vegan",440,14.97,33.559,18.5,0.972
Vollkornbrötchen mit Kürbiskernen,296,11.2,5.59,45.0,1.352
Salatcreme (Fertigprodukt),300,1.4,27.018,11.92,1.715
Roggenvollkornknäckebrot mit Kürbiskernen,370,13.77,9.15,49.3,1.3048
Rotkohl geschmort ohne Fett,50,2.763,0.318,6.664,0.048
Fleischkäse gebraten,314,14.34,28.02,0.62,2.1505
Roggenbrot mit Sonnenblumenkernen,223,6.59,3.04,38.0,1.132
Tangerinensaft,42,0.9,0.24,8.08,0.0062
Dinkelvollkornknäckebrot mit Ölsamen,429,16.4,18.2,45.0,1.838
"Cornflakes gesüßt, mit Zuckerglasur und Erdnüssen, angereichert mit Vitaminen und Mineralstoffen",396,6.2,3.9,82.5,0.822
Roggenvollkornbrötchen mit Nüssen,275,7.87,6.36,40.0,1.315
Göttinger Schinkenwurst,375,21.78,31.89,0.18,3.8
"Vanilleflammeri/Vanillepudding, mit Eigelb",143,4.6,5.26,19.16,0.148
Cookies mit Schokoladenstückchen,488,6.48,22.18,64.0,0.188
Roggenbrot mit Kürbiskernen,225,7.04,2.98,38.0,1.138
Kolbacz,453,20.04,41.37,0.0,3.8
Weizenvollkornbrot mit Ölsamen,235,9.3,3.25,38.0,1.125
Aufschnitt-Grundbrät,218,14.16,17.86,0.09,2.2
Schmierwurst fettreich,327,18.28,28.15,0.12,2.8
Schafskopf (Meerbrasse) gedünstet,93,18.0,2.3,0.0,0.18
Rhabarberkaltschale gebunden mit Grieß,48,0.55,0.09,9.87,0.005
Vollkornplunderteig roh,352,6.88,21.57,30.0,0.748
"Schwein Brät, roh",268,12.49,24.13,0.09,1.7882
Meerrettichsoße Konserve,132,4.02,7.8,9.97,1.278
Roggenbrot mit Ölsamen,223,6.6,2.92,38.0,1.138
Pralinen gefüllt mit Vanillecreme,560,5.4,36.08,52.5,0.158
Dinkelbrot,221,8.4,2.39,38.0,1.185
"Hefeteig für Pizza/Pizzateig, roh",244,6.2,6.81,38.0,0.505
"Getränkepulver malzhaltig, angereichert mit Vitaminen und Mineralstoffen",363,9.817,1.8,74.9,0.37
Schokoladen-Mandel-Cookies vegan,527,9.44,33.2,44.1,0.282
Rote Grütze ungesüßt,57,0.9,0.3,10.6,0.005
Dinkelvollkornbrötchen mit Sonnenblumenkernen,297,11.5,6.11,45.0,1.362
Schokoladentorte (Rührmasse),432,7.97,22.59,47.5,0.242
"Schwein Kamm, gegrillt",217,24.27,13.34,0.0,0.1608
Pampelmusensaft/Pomelosaft,35,0.8,0.3,6.22,0.005
Wildlachs tiefgefroren,180,19.9,11.2,0.0,0.12
Wasserbiskuitboden,306,8.5,3.69,58.7,0.298
Wels gedünstet,117,13.5,7.0,0.0,0.048
Buttermilchsuppe gesüßt,69,3.08,1.67,9.88,0.112
Weizenbaguettebrötchen,289,9.6,1.51,57.0,1.492
"Karotten/Möhren, gedünstet (mit Fett und Salz)",66,0.73,4.2,5.04,0.422
Bulgur (Hartweizen) gekocht,152,5.5,0.9,29.1,0.01
Kichererbsen gekocht (mit Fett und Salz),128,6.0,4.6,13.1,0.115
Joghurteis,124,3.9,2.5,21.01,0.1
Schellfisch gebraten ohne Fett (Pfanne),87,20.3,0.65,0.0,0.18
Milchbrötchen (Hefeteig),337,8.9,11.54,48.0,0.102
"Fruchtmischung ungesüßt, roh",62,0.751,0.4,12.3,0.002
Ananas-Joghurtsahne für Gebäck/Torten,160,2.6,10.1,14.2,0.058
Quarkspeise mit Sauerkirschen,119,6.05,5.1,11.66,0.09
Croissant (Hefeblätterteig/Plunderteig) gefüllt mit Nuss-Nougat-Creme,465,8.0,26.04,48.0,0.715
Roggenvollkornbrötchen mit Ölsamen,267,8.44,5.17,40.0,1.322
Zucchini gedünstet (mit Fett und Salz),70,1.6,4.9,4.0,0.248
Paprika gedünstet (mit Fett und Salz),56,0.96,2.8,5.53,0.245
Schwertfisch-Rouladen gebraten,173,22.84,8.49,1.0,0.89
Lammfilet gebraten,274,25.6,19.1,0.0,0.752
Trüffel gedünstet,103,11.673,0.718,0.8,0.27
Sirupkuchen,337,6.4,6.0,63.2,0.475
Honigkuchenhäufchen,375,5.9,7.4,69.2,0.172
"Kidneybohne reif, gekocht",129,8.6,1.0,15.2,0.0012
Milchschokolade gefüllt mit Fruchtcreme,554,3.8,34.0,57.3,0.12
Kaviarcreme/Kaviarpaste,412,8.6,36.2,12.72,4.9
Rinderfiletsteak gebraten,180,25.92,8.46,0.02,0.458
Karamellbonbon zuckerfrei,275,0.224,8.279,83.0,1.152
Blätterteig (mit Butter) roh,465,5.2,35.67,29.75,0.195
Apfel-Streuselkuchen (Rührmasse),219,3.1,9.09,30.0,0.128
"Pfefferschote rot, gedünstet",44,2.03,0.48,6.73,0.025
Roggenbrötchen mit Kürbiskernen,282,9.58,5.21,45.0,1.315
Vollmilchschokolade gefüllt mit Frucht-Vanillecreme,560,5.4,36.08,52.5,0.158
Weinbrand-Bohnen,472,3.57,21.32,54.7,0.015
Rindersteak gebraten (mit Fett und Salz),183,29.14,7.37,0.02,0.525
"Pute Flügel, mit Haut, gebraten ohne Fett (Pfanne)",264,27.5,17.1,0.0,0.162
Laugengebäck mit Käse,279,9.2,3.4,51.0,1.322
Blattspinat gedünstet (mit Fett und Salz),70,2.401,5.759,1.08,0.468
"Sprühsahne/Schlagsahne, gesüßt, mind. 30 % Fett",309,2.4,30.0,7.2,0.08
"Fruchtsoße gezuckert, Konserve",177,0.5,0.3,41.7,0.005
Kirsche kandiert (Belegkirsche),214,0.513,0.177,48.2,0.002
Zwiebeln gebraten,66,1.72,1.808,9.42,0.488
Roggenmischbrot mit Kürbiskernen,238,7.98,3.05,41.0,1.18
"Knäckebrot glutenfrei, laktosefrei",382,8.8,6.1,71.0,1.21
Schokokekse glutenfrei,483,5.21,22.87,62.4,0.39
"Sandmasse/Sandteig, roh",407,4.94,22.85,44.9,0.208
Gurke gedünstet,18,1.154,0.217,2.14,0.008
Mais gekocht (mit Fett und Salz),101,2.21,2.686,16.044,0.19
Haferflockenplätzchen,448,8.67,21.87,51.8,0.322
Gemüse-Eintopf/Gemüsepichelsteiner,61,1.67,2.1,8.0,0.388
"Pfannkuchen/Eierkuchen, ungesüßt, mit Milch 3,5 % Fett, gebraten",267,8.34,12.12,30.1,0.33
Bitterschokolade mit Trüffelfüllung,547,7.12,37.77,40.0,0.02
Vollmilchschokoladen-Riegel gefüllt mit Joghurt-Erdbeercreme,565,4.6,35.65,55.5,0.14
Zitronenkekse glutenfrei,445,4.427,19.603,60.41,0.088
"Cornflakes gesüßt, mit Zuckerglasur und Erdnüssen",396,6.2,3.9,82.5,0.822
Rehrücken (Wiener Boden hell),493,9.76,32.26,38.5,0.27
Tintenfisch geschmort ohne Fett,71,15.094,1.22,0.0,1.065
Forelle gebraten ohne Fett (Ofen),197,28.047,9.2,0.0,0.13
Weinkraut mit Apfel gedünstet,72,1.03,4.26,5.2,0.212
Roggenmischbrot mit Buttermilch,221,6.85,0.81,43.0,1.242
"Pfitzauf/Kuchenmichel, gebacken",242,8.21,9.47,30.07,0.155
Vollkornbrötchen,282,9.9,3.18,48.0,1.458
Rotkappe gedünstet,48,3.061,1.099,4.6,0.0
"Fasan Fleisch, mit Haut, tiefgefroren",154,23.75,6.55,0.0,0.08
"Geflügel Frikadelle, roh",105,14.8,3.2,4.0,1.26
"Schwemmklößchen, Suppeneinlage",164,6.84,6.88,18.03,0.35
Dinkelvollkornbrötchen mit Kürbiskernen,299,12.0,6.02,45.0,1.362
Weizentoastbrot mit Roggen,263,8.38,3.35,48.0,1.238
Laugengebäck mit Kürbiskernen,277,9.1,3.56,50.0,1.288
Roggenmischbrot mit Sonnenblumenkernen,236,7.52,3.11,41.0,1.178
"Porridge gesüßt, mit Milch 3,5 % Fett",141,6.1,4.74,17.4,0.105
Steinpilz getrocknet,270,31.479,2.332,19.06,0.088
Toastbrot glutenfrei,221,1.643,4.023,44.0,1.095
Hammelfilet gebraten,274,25.64,19.051,0.0,0.752
"Polenta (Maisgrieß mit Wasser, Fett und Salz) gekocht",114,1.705,6.0,12.37,0.388
Blumenkohl tiefgefroren,33,1.3,0.311,5.62,0.03
Sauerteigbrot glutenfrei,180,5.2,1.6,34.4,1.005
Mokkasahne für Gebäck/Torten,296,3.5,25.6,12.7,0.085
Vanille-Milchsuppe gebunden mit Grieß,85,3.72,3.34,10.0,0.105
Himbeerkompott zuckerreduziert,56,0.9,0.259,9.0,0.002
Zuckererbse gekocht,40,3.3,0.4,5.0,0.002
"Sahnejoghurt mind. 10 % Fett, mit Vanillezubereitung, gesüßt",140,2.7,8.305,12.9,0.098
Dinkelbrötchen mit Ölsamen,304,11.3,5.3,50.0,1.362
"Schwein Kamm, mariniert, gegrillt",262,22.87,18.76,0.16,1.2
Kürbis-Mandel-Kuchen (Biskuitmasse),276,9.25,13.61,27.0,0.102
"Rind Filet/Lende, tiefgefroren",121,21.2,4.0,0.0,0.1
"Porridge gesüßt, mit Milch 3,5 % Fett und Kakaopulver",142,6.16,4.76,17.4,0.11
Italian Dressing,547,0.075,59.4,0.5,1.558
"Baby-Pute Fleisch, mit Haut, gebraten ohne Fett (Pfanne)",207,30.489,9.431,0.0,0.195
Cappuccino (Getränk) aus gesüßtem Instantpulver,31,0.795,0.838,4.65,0.135
Vollkornbrötchen mit Nüssen,302,10.1,6.77,45.0,1.35
"Kalbsschnitzel mehliert, gebraten",129,23.94,2.3,2.5,0.582
Grapefruitsaftschorle,18,0.265,0.05,3.653,0.005
Kirschtorte (Mürbeteig und Rührmasse),356,6.02,17.81,41.9,0.135
Heilbuttfilet pochiert (ohne Sauce),136,20.079,6.21,0.0,0.328
Knollensellerie gebacken,35,1.824,0.388,3.26,0.228
"Backteig ungesüßt, mit Bier, roh",204,7.2,6.35,26.52,0.388
Meerrettich gekocht,79,5.566,0.284,11.055,0.02
"Speisequarkzubereitung mind. 20 % Fett i. Tr., mit Kräutern",94,10.09,4.08,3.55,0.895
"Quarkspeise einfach, mit Erdbeeren",82,6.23,1.24,10.63,0.065
"Käsealternative, Basis Pflanzenfett, vegan, angereichert mit Vitamin B12 und Calcium",293,0.156,23.043,21.168,2.152
Vollkornbrot mit Buttermilch,212,7.47,1.06,38.0,1.208
Eier-Frischteigwaren roh,297,12.05,3.8,51.8,1.002
Maiskekse glutenfrei,445,4.38,19.395,60.945,0.088
"Thunfisch in Tomatensauce, Konserve",126,11.9,5.6,6.6,0.998
"Hirsch Fleisch, gebraten ohne Fett (Ofen)",150,28.779,3.929,0.0,0.198
"Rote Grütze gezuckert, Konserve",111,0.6,0.2,25.4,0.005
Rinderkraftbrühe mit Tapioka (Sago),11,0.4,0.2,1.897,0.61
Roggenvollkornbrötchen mit Kürbiskernen,269,8.92,5.22,40.0,1.32
Dinkelvollkornbrötchen mit Nüssen,305,10.9,7.21,45.0,1.36
Milchschokolade mit Erdnüssen,530,8.4,30.7,53.4,0.15
Lammfleisch-Salami,371,21.22,31.75,0.0,3.8
Himbeerkompott,70,0.8,0.248,12.9,0.002
Mehrkorntoastbrot mit Ölsamen,282,9.58,5.6,46.0,1.105
Hallimasch gedünstet,53,4.466,0.958,4.2,0.14552
Kokosschnitten (Rührmasse),473,6.81,32.68,36.1,0.48
Rinderfilet gebraten im Ofen (mit Fett und Salz),158,25.401,6.245,0.0,0.528
Lachs gesalzen,207,22.127,13.145,0.0,2.9955
Roggenvollkornbrot mit Nüssen,214,5.98,3.91,33.0,1.092
"Schaf Bug/Schulter, mager, geschmort ohne Fett",193,29.2,8.45,0.0,0.165
"Hefeteig, gesalzen, mit Milch 3,5 % Fett, roh",348,8.5,12.81,48.0,0.33
"Alaska-Pollack/Alaska-Seelachs, gebraten ohne Fett (Pfanne)",67,14.6,0.92,0.0,0.29
Bratwurst-Grundbrät,267,12.47,24.1,0.09,1.907
Hirse gedünstet (mit Fett und Salz),162,4.37,4.78,24.8,0.2202
Weißer Thun tiefgefroren,121,27.2,1.37,0.0,0.1942
"Rind Hochrippe, gebraten ohne Fett (Ofen)",204,29.445,9.612,0.0,0.162
Roggenvollkornknäckebrot mit Gerstenmalz,332,9.3,1.33,60.6,1.238
Kalbsgulasch,105,15.3,4.2,1.3,0.76
Stollen (Vollkornhefeteig),378,6.9,18.2,43.0,0.54
Gemüsesaft aus Karotte/Möhre,22,0.63,0.32,3.717,0.091
Kalbsrücken gebraten im Ofen,151,26.76,4.83,0.01,0.585
"Dorsch/Kabeljau, gegrillt",106,23.9,1.1,0.0,0.248
"Mandel süß, geröstet mit Fett, gesalzen",557,21.216,48.643,3.75,0.832
Schwarz-Weiß-Gebäck (Mürbeteig),460,6.78,19.82,62.2,0.22
Fruchtgummi zuckerfrei,220,7.7,0.0,77.0,0.038
"Weißwein-Schorle, süß, mit Zitronenlimonade",51,0.051,0.0,4.7,0.012
Schinkenwurst Krakauer Art (Rohwurst),293,24.13,21.75,0.18,3.8
Hirsebrot glutenfrei,229,7.4,4.7,37.2,1.07
Dinkelvollkornbrötchen,285,10.8,3.63,48.0,1.47
Birne gedünstet,60,0.309,0.299,13.56,0.002005
"Barsch Müllerinart (mehliert, gebraten)",97,17.6,1.3,2.83,0.342
Marmelade (hergestellt aus Zitrusfrüchten),240,0.5,0.1,57.8,0.01
Grünkern gekocht (mit Fett und Salz),199,5.65,4.8,30.22,0.3712
Butterkuchen/Zuckerkuchen (Hefeteig),429,8.96,21.09,49.0,0.078
Zuckermais gebraten ohne Fett (Pfanne),77,3.77,1.414,10.8,0.005
Heidelbeeren gezuckert,82,0.5,0.562,15.35,0.005
Feiner Honigkuchen,337,7.48,6.7,59.9,0.088
Rote-Bete-Gemüse gedünstet,59,1.34,3.4,4.85,0.315
"Mettwurst luftgetrocknet, energiereduziert",218,26.45,12.47,0.0,3.8
Kalbsfilet gebraten im Ofen,151,28.7,3.98,0.02,0.605
Trockenfrüchte mit Vollmilchschokoladenüberzug,426,4.5,17.8,58.8,0.12
Russisch-Brot (Eiklarmasse),383,9.7,0.92,82.4,0.298
Roggenvollkornbrot mit Ölsamen,207,6.44,2.9,33.0,1.095
"Schweinefilet geschmort, mit Sauce",120,13.8,6.7,0.83,0.372
"Lammkeule gebraten im Ofen provenzalische Art, mit Sauce",180,23.55,9.44,0.02,0.668
Gulasch einfach (mit Rindfleisch),133,13.2,7.5,3.0,0.688
Tintenfisch gegrillt,107,23.549,1.46,0.0,1.445
Roggenbrötchen mit Sonnenblumenkernen,281,9.09,5.3,45.0,1.315
Waffelkekse,295,5.44,13.02,37.9,0.07
"Schwein Vordereisbein/Vorderhaxe, Kochpökelware",155,19.74,8.2,0.439,1.8
"Pute Brust, ohne Haut, gegrillt",139,31.711,1.303,0.0,0.135
Karpfen gesalzen,136,20.147,6.12,0.0,2.205
Frühlingszwiebel/Lauchzwiebel (ohne Laub) gebraten ohne Fett (Pfanne),51,1.4,0.238,9.5,0.052
Schellfisch gedünstet,71,16.4,0.59,0.0,0.185
Roggenvollkornbrot mit Quark,192,6.2,0.84,34.0,1.145
Amaranth gekocht,119,4.48,1.79,19.88,0.00082
Hühnerleber gebraten,149,19.97,6.39,2.77,0.72
Bitterschokolade gefüllt mit Pfefferminzcreme,504,5.46,24.8,52.1,0.012
Ostpreußischer Honigkuchen,406,6.44,10.88,69.14,0.092
Roggenbrot mit Buttermilch,209,5.9,0.82,40.0,1.192
Romanesco gebacken,50,3.414,0.394,7.52,0.042
"Polenta (Maisbrei mit Wasser, Rapsöl und Salz) gekocht",114,1.703,6.035,12.351,0.432
Dinkelknusperbrot,395,13.34,5.7,69.3,0.78
"Corned Beef, deutsches, mit Schweineschwarten Konserve",159,25.1,6.4,0.29,2.2
Mehlmischung für Brot glutenfrei,342,4.1,0.7,78.2,0.39
"Forelle tiefgefroren, gedünstet",118,17.768,5.048,0.0,0.278
"Linse reif, gekocht",119,9.083,0.7,15.5,0.0012
"Käsebrot überbacken (""Welsh rarebit"")",319,19.2,17.69,18.64,1.835
"Konfitüre extra, mit Fruchtzucker und Süßungsmitteln",157,0.4,0.2,36.9,0.022
Grundsuppe hell,39,0.7,2.6,3.13,0.808
Marmorkuchen mit Kirschen (Rührmasse),286,5.51,14.79,31.6,0.258
Gemüsesaft aus Speisezwiebel,25,0.983,0.12,4.81,0.02
"Toastschnitten mit Schinkencreme, gebacken",210,10.01,11.52,15.46,1.29
Sushi-Reis (Grundrezept),104,2.306,0.18,22.7,0.102
Wasabi-Paste Konserve,94,5.4,2.23,10.189,4.805
Hirsebratlinge gebraten,192,6.6,12.0,13.4,0.57
Erdbeeren gezuckert,51,0.789,0.385,9.505,0.002
"Kaiserschmarren (mit Milch 3,5 % Fett) gebraten",250,8.1,13.2,23.4,0.185
"Rind Fleisch, grob entsehnt, sichtbarer Fettanteil max. 10 % (R III) roh",190,19.93,12.25,0.0,0.15
Johannisbeersaft schwarz,55,1.238,0.176,10.01,0.0024
Nonpareille,388,0.129,0.024,91.4,0.008
Kalb Schnitzel (Keule) gegrillt,116,26.854,0.915,0.0,0.248
Buttermilchkaltschale gesüßt,68,3.2,0.6,11.4,0.132
"Wildschwein Fleisch, gebraten ohne Fett (Pfanne)",214,28.068,11.273,0.0,0.302
Frankfurter grüne Kräutersauce,144,2.8,12.9,3.7,0.52
"Gemüsepaprika gelb, gekocht",28,0.809,0.202,4.471,0.002
Schokoladenfondant,383,1.8,10.6,69.0,0.032
Rhabarber-Streuselkuchen (Mürbeteig),260,3.77,11.74,32.6,0.155
Schinkenhörnchen (Quarkblätterteig),437,11.62,32.62,23.15,0.685
Schinkenwurst roh,386,21.84,33.11,0.18,3.5
Meerrettichschaum,174,3.21,15.6,4.8,0.35
Eiserkuchen (Rührmasse),292,5.33,11.74,40.56,0.105
"Speisequarkzubereitung mind. 10 % Fett i. Tr., mit Kräutern",77,9.6,2.27,3.8,0.81
Schinkentorte,118,19.1,3.8,1.0,1.6
"Knuspermüslimischung, klassisch, gesüßt",421,9.0,15.95,56.4,0.53
Weizenvollkornknäckebrot mit Ölsamen,433,16.4,20.3,40.0,1.8
Weizenmischbrötchen mit Sonnenblumenkernen,303,9.6,5.25,51.0,1.355
Risotto gedünstet mit Gemüsebrühe,153,2.87,4.1,25.8,0.442
Rinderkraftbrühe mit Gemüse,23,0.9,1.5,1.2,0.57
Weizenmischbrot mit Ölsamen,236,7.98,3.01,41.0,1.15
Gulasch (mit Schweinefleisch),150,18.2,8.3,0.6,0.538
Languste gekocht,76,15.926,1.358,0.0,0.478
"Teltower Rübchen gedünstet, mit Sahne",77,0.95,5.0,5.81,0.395
"Milchmischgetränk 1,5 % Fett, mit Kakao/Schokolade, gesüßt, angereichert mit Vitaminen",63,3.61,1.6,8.4,0.095
Butterpilz gedünstet,44,3.589,0.507,4.6,0.02
"Grünkern Grütze, gekocht",92,3.08,0.74,16.44,0.0005
Kalbsbraten ohne Sauce,114,21.5,2.2,1.6,0.53
Steinpilze gebraten mit Tomaten,63,5.25,1.74,4.27,0.278
Nusskuchen (Sandmasse),500,6.84,31.79,45.4,0.165
Schokoladenflammeri/Schokoladenpudding,126,3.88,4.04,18.3,0.14
"Sojaschnetzel/Sojagranulat, texturiert, eingeweicht, gebraten ohne Fett (Pfanne)",99,14.17,1.8,3.96,0.0058
Pilaw (Reis mit Zwiebeln und Butter),167,3.14,4.7,27.4,0.548
Gemüsesaft aus Gurke,12,0.903,0.16,1.57,0.008
Roggenmischbrot mit Ölsamen,236,7.52,2.99,41.0,1.182
"Emmer ganzes Korn, gekocht",182,6.99,1.18,33.77,0.0008
Nusskranz (Quark-Öl-Teig),405,9.6,21.25,42.1,0.53
Gurke gekocht,17,1.086,0.205,2.01,0.008
Schokobrötchen (Hefeteig),370,8.31,14.33,50.0,0.278
Vanillesahneeis,292,3.6,25.06,13.04,0.088
Colabier (Pilsner Bier mit Cola),40,0.211,0.0,6.259,0.002
Schweinebraten (Pulled Pork) Konserve,197,26.8,7.6,5.0,1.968
Matjes mit Zwiebeln,170,14.0,12.01,0.29,8.24
"Schwein Kotelett (Rücken/cranial) mariniert, gegrillt",258,24.66,17.59,0.16,1.2
Weizenvollkornknäckebrot mit Ölsamen und Hartkäse,442,19.3,20.8,39.0,1.845
Basler Leckerli,383,6.15,6.9,72.3,0.168
Mehrkornbrot mit Ölsamen,248,7.94,3.62,42.0,1.138
Käse-Grießnockerl,381,13.75,26.89,20.08,0.972
"Rind Keule, geschmort ohne Fett",188,28.6,8.2,0.0,0.1195
Laugengebäck (Hagelsalz entfernt),283,9.203,4.145,50.0,2.0935
"Schaf Filetsteak, gebraten ohne Fett (Pfanne)",156,31.38,3.44,0.0,0.151
Fruchtsaftgetränk Apfel,33,0.029,0.0,8.174,0.01
"Lamm Bug/Schulter, gebraten ohne Fett (Ofen)",155,26.871,5.257,0.0,0.212
Butterzwieback,421,13.21,9.51,68.0,0.715
Schokoladensauce mit Kuvertüre und Sahne,317,3.05,22.44,24.3,0.042
"Hecht gefüllt, gebacken",104,19.0,2.6,1.0,0.495
"Braunschweiger Mettwurst, fettreduziert",203,21.54,12.95,0.12,2.5
Gulasch Esterhazy (mit Rindfleisch),135,12.04,8.2,2.5,0.2
"Hirsebrei ungesüßt, mit Mandeldrink",92,3.11,1.9,15.12,0.0825
Rheinische Bratwurst,215,10.92,18.96,0.08,1.922
Vollkornbrot mit Kürbiskernen,231,8.54,3.23,37.0,1.15
"Weizen ganzes Korn, gekocht",176,6.8381,0.927,31.6,0.01
"Heringsfilet mehliert, gebraten",188,18.4,10.37,5.19,0.61
Quarktaschen (Quark-Öl-Teig),308,9.0,11.4,41.1,0.358
Vollmilchschokolade gefüllt mit Mokka-/Kaffeecreme,538,6.7,33.6,51.1,0.205
Laugengebäck mit Sonnenblumenkernen,276,9.0,3.58,50.0,1.285
Rosenkohl gedünstet (mit Fett und Salz),64,3.35,4.0,1.87,0.282
Vollkorncroissant (Plunderteig),419,8.5,24.02,39.0,0.872
"Gans Schenkel, mit Haut, geschmort ohne Fett",195,22.57,11.618,0.0,0.1085
"Rind Hackfleisch, roh",224,19.102,16.39,0.0,0.145
Vanillesauce,118,4.0,4.61,15.16,0.088
"Reis unpoliert, gedünstet (mit Fett und Salz)",169,2.851,6.193,24.78,0.102
Spargel gebacken,33,2.306,0.184,4.69,0.0063
Erdbeerbowle,67,0.227,0.086,3.56,0.005
Rosinen-Mandel-Schnecken (Hefeteig),370,7.7,15.0,49.0,0.092
Gyros (Schweinefleisch) gebraten,230,24.35,14.48,0.5,0.515
Buchteln (Hefeteig),331,7.32,12.46,46.0,0.075
"Hähnchen ganz, entbeint, mit Haut, gebraten ohne Fett (Ofen)",208,24.17,12.37,0.0,0.174
Schokoladenauflauf,292,7.1,16.81,27.2,0.135
Mandelhörnchen (Rührmasse),344,7.82,19.06,34.2,0.288
"Fleischersatz gluten-, milch- und sojahaltig",128,17.0,2.7,8.7,0.75
"Hähnchenbrustfilet im eigenen Saft, Konserve",117,24.65,1.91,0.29,1.5
Rhabarberkaltschale gebunden mit Stärke,41,0.299,0.07,8.556,0.008
Nährzwieback,421,12.82,9.52,69.0,1.24
Schokoladenbrezeln (Mürbeteig),482,7.88,26.44,50.6,0.398
"Weizen Flocken, gekocht",56,2.1679,0.31,10.02,0.002
Kalb Roulade (Keule) tiefgefroren,89,20.7,0.72,0.0,0.215
Spargel gekocht (mit Fett und Salz),72,2.013,4.88,4.11,0.505
Dinkelbrot mit Ölsamen,246,9.14,3.97,41.0,1.138
Dinkelzwieback ungesüßt,410,13.77,7.17,69.0,0.932
Karpfen blau (im Essigsud pochiert),96,13.744,4.2,0.206,0.165
Essigmarinade für Salat,399,0.09,43.4,0.34,0.825
"Speiseeis (Schoko, Vanille) gemischt",213,3.0,10.32,25.94,0.0978
"Roggen Backschrot, Type 1800, gekocht",47,1.4,0.21,8.43,0.0002
Weizenmischbrot mit Kümmel,220,7.03,0.84,43.0,1.2
"Pute Fleisch, ohne Haut, gebraten ohne Fett (Ofen)",146,30.067,2.9,0.0,0.248
Wespennester (Eiklarmasse),466,11.0,23.62,49.69,0.085
Entenbrust gebraten im Ofen (mit Fett und Salz),368,28.68,28.09,0.03,0.605
Speisezwiebel tiefgefroren,37,1.284,0.167,6.68,0.025
Milchschokolade mit Mandel-Nougat,519,6.52,28.95,56.44,0.17
Weizenmischbrötchen mit Ölsamen,294,9.2,3.96,52.0,1.408
Wildreismischung gedünstet (mit Fett und Salz),170,4.438,5.61,24.78,0.105
Teegebäck (Mürbeteig),476,7.51,23.68,56.8,0.295
"Chinakohl gedünstet, mit geriebenem Käse",56,2.1,4.32,1.4,0.338
"Butterkekse/Butterplätzchen, kakaohaltig (Vollkornmürbeteig)",522,7.79,30.9,49.4,0.162
Schalotte gebraten ohne Fett (Pfanne),53,3.2,0.2,5.1,0.042
"Pute Brust, ohne Haut, mariniert, roh",127,21.76,3.6,1.66,0.965
Trüffel-Pralinen,547,7.12,37.77,40.0,0.02
"Schwein Bauch (wie gewachsen) mariniert, roh",339,16.29,30.32,0.11,1.0
Sahneschokolade gefüllt mit Karamell,541,5.03,30.99,57.2,0.268
Schwein Bratenfleisch (Nuss) gebraten ohne Fett (Ofen),143,29.54,2.78,0.0,0.159
"Eierteigwaren glutenfrei, roh",369,8.06,3.599,74.7,0.128
Fleischspieße (Kalb- und Schweinefleisch) gegrillt,120,12.69,6.02,3.17,0.312
Karamellsauce,138,3.5,4.17,21.54,0.078
"Milchmischgetränk 3,5 % Fett, mit Kakao/Schokolade, gesüßt",78,3.7,3.5,7.6,0.095
Frühlingszwiebel/Lauchzwiebel (ohne Laub) geschmort ohne Fett,41,1.1,0.186,7.49,0.04
Getreideflakes gesüßt,348,9.7,1.6,70.2,0.835
Seehecht pochiert,68,13.299,1.59,0.0,0.23
Spiegelei gebraten,210,13.419,17.193,0.353,0.962
Roggenvollkornbrot mit Buttermilch,190,5.77,0.88,34.0,1.148
Pflaumensuppe passiert,72,0.29,0.165,16.6,0.002
Kräuteressig,27,0.0,0.0,0.003,0.982
Schafskäse (Feta) mit Tomaten und Oliven gebacken,208,9.1,17.9,1.71,1.542
"Schwein Frikadelle, roh",205,13.17,15.04,4.0,1.3
"Bohne grün, gebraten ohne Fett (Pfanne)",32,2.572,0.276,3.9,0.0057
Rumkugeln,394,2.89,6.3,80.0,0.12
"Augenbohne reif, gekocht",114,8.6,0.47,16.157,0.012
"Weizen Grütze, gekocht",98,3.71,0.41,19.15,0.0005
Alkopops,66,0.0,0.0,8.93,0.002
Haselnuss-Dreispitz (Mürbeteig),507,9.6,27.82,53.0,0.185
Schinkenmettwurst,436,20.47,39.27,0.18,3.5
Gazpacho (Spanische Gemüsesuppe),88,1.5,5.7,6.0,0.355
"Felchen/Maräne/Renke/Schnäpel, gebraten ohne Fett (Pfanne)",132,24.492,3.611,0.0,0.392
Mettwurst luftgetrocknet,262,25.15,17.92,0.0,3.8
"Schaf Kochfleisch (Brust, fett) gekocht",480,17.5,45.5,0.0,0.185
"Felchen/Maräne/Renke/Schnäpel, gedünstet",102,18.199,3.021,0.0,0.37
Weizenmischbrötchen mit Kümmel und Salz,288,8.7,2.69,54.0,2.158
Sardelle gebraten ohne Fett (Ofen),231,23.869,15.1,0.0,0.275
"Karotte/Möhre, gedünstet",42,0.875,0.417,6.74,0.059
"Schlagsahne gesüßt, mit Gelatine gebunden, für Gebäck/Torten",313,3.8,29.6,7.8,0.088
Salzburger Nockerl gebacken,228,8.4,12.58,19.9,0.262
Buchweizenbrot glutenfrei,208,8.9,5.1,28.6,0.998
Rostbratwurst,178,15.9,12.66,0.08,1.8985
"Mayonnaise, gestreckt mit Joghurt",566,2.5,60.9,1.26,1.215
Fischklößchen mit Rotbarsch gegart,95,11.6,3.73,3.564,0.645
"Dinkelvollkornknäckebrot mit Müslizutaten, gesüßt",416,14.2,14.5,52.0,0.472
Gemischter Salat ohne Salatmarinade,22,1.6,0.2,2.4,0.265
Schwarzwälder Bauernwürstle,365,18.49,32.31,0.1,3.2
"Hammel Bug/Schulter, geschmort ohne Fett",374,23.156,31.25,0.0,0.228
"Getreideflakes gesüßt, mit Nüssen, angereichert mit Vitaminen und Mineralstoffen",370,10.8,6.93,60.9,0.778
"Porridge ungesüßt, mit Milch 3,5 % Fett",134,6.29,4.9,15.0,0.108
"Pfefferschote grün, gebraten ohne Fett (Pfanne)",69,3.4,0.3,11.67,0.03
"Pute Fleisch, mit Haut, geschmort ohne Fett",172,26.549,7.286,0.0,0.09
Sahne-Meerrettich Konserve,289,3.596,25.509,9.555,0.438
"Mürbeteig gesüßt, roh",432,6.89,22.28,49.6,0.118
Eingestreute Grießsuppe,19,0.74,0.1,3.6,0.74
"Schaf Schnitzel (Keule, mager) gebraten ohne Fett (Pfanne)",168,31.1,4.87,0.0,0.198
Baiser,387,6.3,0.019,90.5,0.302
Weizenknusperbrot,381,13.2,3.4,71.2,1.12
Puten-Aufschnitt-Grundbrät mit Schweinefleisch,161,14.12,11.6,0.09,2.0
Nusshörnchen (Hefeteig),430,8.4,22.4,47.0,0.11
Irish Stew (Weißkraut-Kartoffel-Eintopf mit Hammelfleisch),113,4.76,6.9,7.2,0.34
Wels geräuchert,138,16.517,8.0,0.0,0.052
"Speiseeis (Nuss, Schoko) gemischt",236,3.51,11.64,28.0,0.0888
"Porridge ungesüßt, mit Milch 3,5 % Fett und Kakaopulver",134,6.36,4.92,14.9,0.115
"Buchweizen Schrot, gekocht",43,1.7,0.39,7.8,0.0
"Hirsch Fleisch, gekocht",171,32.617,4.453,0.0,0.158
"Roastbeef gebraten im Ofen, ohne Sauce",180,28.72,7.27,0.02,0.56
Schokoladen-Muffins (Rührmasse),361,7.4,16.54,43.5,0.388
Rhabarberkuchen (Rührmasse) mit Baiser,240,3.6,11.55,28.5,0.175
Blumenkohl gedünstet (mit Fett und Salz),75,2.01,5.3,4.35,0.268
Kuchenboden/Tortenboden (Rührmasse),392,8.17,17.28,49.8,0.158
Perlzwiebel gebacken,39,1.36,0.176,7.08,0.028
Weizenmischbrötchen mit Sesam,292,9.0,3.43,53.0,1.432
Preiselbeerkompott,128,0.2895,0.223,30.134,0.008
"Puddingpulver Vanille, ungezuckert",344,0.426,0.079,84.911,1.105
Wachsbohne gekocht,27,2.0,0.2,3.4,0.004
"Hähnchen Unterschenkel, mit Haut, gegrillt",200,26.24,10.54,0.0,0.2705
"Perlhuhn Fleisch, mit Haut, tiefgefroren",152,23.4,6.45,0.0,0.168
Sahnewaffeln (Rührmasse),534,6.6,38.35,39.9,0.405
Roggenbrötchen mit Kümmel und Salz,268,8.19,2.83,48.0,2.095
Weinbrand-Kirschen,430,3.81,20.48,49.7,0.03
Mandelkränzchen (Rührmasse),409,10.6,20.28,44.2,0.255
Grüne Bohnen gedünstet,48,1.9,2.79,3.1,0.418
Apfelschmarren gebraten,215,5.2,9.93,25.1,0.09
Spargel gekocht,16,1.7,0.14,1.31,0.005
Zander gedünstet,76,17.647,0.62,0.0,0.06
"Vollkornhefeteig für Pizza/Vollkornpizzateig, roh",250,8.71,4.37,40.0,0.768
Wels gebraten ohne Fett (Pfanne),139,17.1,7.8,0.0,0.048
Haferflocken-Nussplätzchen,517,9.699,35.161,37.9,0.198
"Rind Vorderhesse, gekocht",149,24.904,5.445,0.0,0.095
"Cocktail, Campari-Soda",56,0.0,0.0,5.7,0.018
"Rindfleisch im eigenen Saft, mit Schweineschwarten, Konserve",217,34.44,8.6,0.44,1.638
"Kalb Rücken, geschmort ohne Fett",130,26.195,2.795,0.0,0.185
"Lammkoteletts mariniert, gegrillt",320,24.61,24.5,0.03,0.66
Gemüsesaft aus Rote Rübe/Rote Bete,37,1.08,0.08,7.76,0.128
"Milchreis gesüßt, mit Reisdrink",166,1.92,4.07,30.1,0.095
Remoulade (Fertigprodukt),567,0.8,60.004,4.99,1.37
"Hähnchen Leber, gebraten ohne Fett (Pfanne)",159,24.36,6.1,1.765,0.35
"Grießsuppe gesüßt, mit Milch 3,5 % Fett",107,4.09,3.45,14.74,0.085
Forelle blau (im Essigsud pochiert),121,15.73,5.9,0.21,0.192
Pflaumenmus,195,0.94,0.2,45.928,0.035
Zucker-Butter-Zimt-Füllung für Gebäck/Torten,549,0.509,35.229,57.388,0.02
"Leiterchen/Rippchen/Schälrippchen, Kochpökelware",296,19.22,24.07,0.554,1.8
Weizenmischbrot mit Sonnenblumenkernen,237,7.97,3.12,41.0,1.148
Rinderragout,178,18.59,10.5,2.17,0.712
"Hammel Herz, geschmort ohne Fett",213,30.113,10.3,0.0,0.335
"Spirituose mit Anis, verdünnt mit Wasser",116,0.0,0.0,0.0,0.003
Romanesco gedünstet (mit Fett und Salz),77,2.04,5.5,4.46,0.275
"Schweinesteak natur, gebraten",175,26.5,7.7,0.02,0.4538
Weizenbrötchen mit Sonnenblumenkernen,298,9.6,3.39,55.0,1.438
Erdbeeren mit Schlagsahne,116,1.256,9.539,5.145,0.028
Stint tiefgefroren,85,17.4,1.7,0.0,0.39
"Schweineschnitzel natur, gebraten",156,32.37,2.92,0.03,0.512
Himbeeren gezuckert,65,0.9,0.281,11.0,0.002
Kalbsrahmgulasch,165,15.04,11.1,1.06,0.532
Vollkornbrot,210,7.16,1.01,38.0,1.198
Vollkornknusperbrot,348,10.4,2.3,63.7,1.22
Perlzwiebel gebraten ohne Fett (Pfanne),53,1.835,0.238,9.54,0.035
Rindergeschnetzeltes,171,27.5,5.9,1.45,0.705
Käseknusperchen salzig (Mürbeteig),460,10.4,33.97,25.8,0.472
"Speisequarkzubereitung < 10 % Fett i. Tr., mit Vanillezubereitung, gesüßt",104,6.89,0.11,18.26,0.088
Szegediner Gulasch (mit Schweinefleisch),89,7.8,4.3,3.1,0.62
"Hartweizen Grieß, gekocht",159,6.02,0.67,31.05,0.0008
Baguette glutenfrei,224,3.2,3.1,45.0,1.002
Teigwaren eifrei (mit Salz gekocht),145,5.4,0.7,28.596,0.1268
Rotbarschragout,106,10.7,4.6,1.4,0.46
"Haferbratlinge vegan, gebraten",265,8.01,15.6,20.0,0.48
"Schwein Vordereisbein/Vorderhaxe, Kochpökelware, geräuchert",150,18.68,8.17,0.437,1.8
Cracker,495,8.84,24.13,58.5,0.982
Grießklößchen roh,132,6.64,5.28,14.09,0.405
Schwein Schnitzel (Oberschale) gebraten ohne Fett (Pfanne),144,31.015,2.235,0.0,0.225
Weizenvollkorntoastbrot,249,8.8,3.67,41.0,1.198
Joghurt-Dip mit Kräutern,93,3.64,6.6,4.0,0.45
"Rollmops mariniert, abgetropft",146,11.9,10.11,0.7,7.15
Weizenbaguette mit Nüssen,277,8.7,4.75,48.0,1.23
"Gemüsemischung Erbsen-Karotten, roh",64,3.4,0.44,9.388,0.03
Tofu gebraten (mit Fett und Salz),199,18.07,13.07,1.31,0.862
Nussprinten schokoliert,492,8.0,27.7,50.4,0.36
Pfifferling getrocknet,243,36.271,2.514,5.111,0.07
Roggenvollkornknäckebrot mit Ölsamen,338,10.17,3.62,56.6,1.29
"Edelkrebs/Flusskrebs, tiefgefroren",64,15.0,0.47,0.0,0.632
"Forelle Müllerinart (mehliert, gebraten)",174,21.28,8.3,2.64,0.441
Kartoffeln mit Schale gekocht,87,2.09,0.102,18.82,0.12
"Essigmarinade warm, für gekochte Salate",140,0.16,14.2,0.77,0.875
Käsegebäck salzig (Quarkmürbeteig),418,10.77,25.74,34.4,0.7
Weizenvollkornbrot mit Kürbiskernen,237,9.7,3.31,38.0,1.125
"Schwein Filetmedaillon, mariniert, roh",138,20.8,6.0,0.11,1.0
Brioches (Hefeteig) ungefüllt,427,10.4,25.1,38.4,0.582
Apfelwaffeln (Rührmasse),384,7.3,26.39,28.1,0.235
Paprika-Gurkengemüse gedünstet,49,1.06,2.5,4.54,0.225
Gemüseamaranth gebraten ohne Fett (Pfanne),30,3.67,0.49,1.39,0.075
Apfel-Streuselkuchen (Hefeteig),189,3.3,5.99,29.0,0.04
Fleischwurst fettreduziert,104,13.9,5.31,0.12,2.0
Vollmilchschokolade gefüllt mit Fruchtcreme,550,4.3,35.3,51.1,0.13
Fruchtsaftschorle Weintraube,40,0.122,0.0,9.483,0.008
Roggenvollkornbrot mit Kürbiskernen,209,6.87,2.95,33.0,1.095
Sahnesauce süß,252,3.8,19.58,15.05,0.098
"Kekse/Plätzchen, kakaohaltig (Rührmasse)",521,7.0,29.27,55.7,0.108
Weizenbrötchen mit Ölsamen,300,9.8,3.96,54.0,1.412
Schokoladensahne für Gebäck/Torten,314,3.6,26.0,15.8,0.068
Ofenkartoffeln mit Zwiebeln,130,2.37,3.72,20.72,0.2
Schokoladencremeeis,216,4.5,11.77,22.5,0.092
Radler (Pilsner Bier mit Zitronenlimonade),38,0.211,0.0,5.744,0.012
"Schaf Keule, fett, gebraten ohne Fett (Ofen)",279,24.1,20.3,0.0,0.2
"Mousse au chocolat, Milchbasis, gesüßt",167,4.6,7.2,20.3,0.085
"Sahnejoghurt mind. 10 % Fett, gesüßt",152,4.43,8.163,14.575,0.122
"Mais Grieß, gekocht",123,3.232,1.052,23.448,0.0
Johannisbeerkompott,74,1.002,0.139,14.61,0.005
Butterkuchen/Zuckerkuchen (Quark-Öl-Teig),454,8.33,25.97,45.2,0.355
Rinderleber gebraten,170,21.11,5.36,9.23,0.525
Knoblauch tiefgefroren,107,6.722,0.467,3.0,0.021855
Weißbrot glutenfrei,224,3.2,3.1,45.0,1.272
"Schwein Kamm, tiefgefroren",175,19.21,10.9,0.0,0.1358
"Schwarztee (Getränk) mit Milch 3,5 % Fett und Zucker",9,0.12,0.11,1.93,0.008
Rinderkraftbrühe nach schottischer Art mit Graupen,126,4.2,10.5,3.3,0.532
Bachsaibling gebraten ohne Fett (Pfanne),128,25.2,3.07,0.0,0.12
"Pute Innereien, geschmort ohne Fett",210,26.6,11.51,0.0,0.21
"Haferdrink gesüßt, aromatisiert, angereichert mit Vitaminen, Calcium und Jod",42,0.71,0.98,7.5,0.115
"Mehlmischung eiweißarm, glutenfrei, natriumarm",336,0.431,0.137,82.667,0.005
Sachertortenboden,396,8.69,23.11,37.2,0.272
Quarkplinsen gebraten,257,10.59,13.87,21.57,0.132
Spargel gedämpft,30,2.9,0.4,3.0,0.008
Risotto mit Butter und Parmesan,163,4.93,4.9,24.4,0.522
"Reh Keule, gegrillt",140,31.127,1.761,0.0,0.21
Zimtsterne (Eiklarmasse),473,14.3,27.149,39.89,0.078
"Schwein Filetmedaillon, tiefgefroren",102,22.7,1.2,0.0,0.1225
"Gemüsepaprika rot, gekocht",24,1.037,0.1,3.312,0.0
"Hähnchen ganz, entbeint, mit Haut, gegrillt",239,25.61,15.18,0.0,0.1818
Bulgur gekocht (mit Fett und Salz),171,5.1,3.6,28.2,0.31
"Schwein Kammsteak, tiefgefroren",175,19.21,10.9,0.0,0.1358
Altbierbowle,48,0.552,0.078,5.282,0.005
"Ente Fleisch, mit Haut, tiefgefroren",227,18.1,17.2,0.0,0.095
"Zartbitter-/Halbbitterschokolade, gefüllt mit Pfefferminzcreme",486,3.97,19.36,61.7,0.013
"Quinoa tricolore, gekocht",104,3.78,1.67,17.06,0.0008
Champignon gebacken,40,5.08,0.381,4.1,0.1435
"Rührmasse/Rührteig, roh",358,6.73,16.76,44.0,0.452
Joghurtmarinade für Salat,114,3.07,8.84,3.83,0.722
Blätterteig (mit Ei) gebacken,617,8.0,46.64,39.69,0.118
"Pilaw, Serbisches Reisfleisch",191,6.9,11.6,14.0,0.48
Schweineragout,187,16.6,12.3,2.1,0.588
"Milchmischgetränk 1,5 % Fett, mit Kaffee und Süßungsmitteln",33,2.4,1.0,3.6,0.08
Kasseler Kotelett gebraten,153,30.004,3.683,0.0,3.938
Biskuitboden,289,10.92,5.74,47.76,0.238
Corned Beef,142,21.7,6.0,0.28,2.2
Pastinake gebraten ohne Fett (Pfanne),109,4.9769,0.796,17.9,0.038
"Milchsuppe gesüßt, gebunden mit Haferflocken",102,4.55,4.22,11.1,0.128
Nuss-Wasserbiskuitboden,344,9.15,11.12,50.7,0.298
Aufschnitt-Grundbrät fettreduziert,151,15.06,10.06,0.13,2.2
Rehkeule gebraten im Ofen (mit Fett und Salz),177,31.37,5.7,0.03,0.768
"Milchmischgetränk < 1 % Fett, aromatisiert, mit Zucker und Süßungsmitteln",42,3.335,0.068,7.047,0.13
Tomate-Mozzarella (Caprese),185,7.22,15.9,2.51,0.568
"Schwein Schinkenspeck, Rohpökelware, geräuchert",121,20.82,3.95,0.492,4.5
Nusskuchen vegan (Rührmasse),432,7.33,25.87,40.3,0.488
Vollkornmürbeteig süß roh,454,6.64,26.31,44.85,0.25
Quarkkeulchen (gerührter Hefeteig) gebraten,357,9.6,17.3,39.0,0.072
"Joghurt fettarm, mind. 1,5 % bis max. 1,8 % Fett, mit Vanillezubereitung, gesüßt",82,3.275,1.142,14.0,0.115
Kaffeeersatz (Getränk),5,0.075,0.002,0.97,0.01
Apfel gedünstet,60,0.437,0.515,12.0,0.002
"Rindfleisch in Gelee, Konserve",87,15.6,2.6,0.3,1.5
Rosenkohl gebacken,48,5.235,0.4,2.66,0.028
Frankfurter Leberwurst,291,13.0,26.32,0.54,2.025
Weizenmischbrot,207,8.61,1.515,37.326,1.278
Milchschokolade gefüllt mit Karamell,506,4.5,24.0,62.1,0.35
"Rind Brustkern/Mittelbrust, Rohpökelware, geräuchert",189,17.369,13.078,0.492,4.5
"Ente Fleisch, mit Haut, mariniert, roh",238,16.92,18.83,0.13,0.978
Bier mit Sekt,52,0.263,0.0,2.18,0.0042
"Sojadrink gesüßt, aromatisiert",58,3.01,2.212,5.69,0.142
Schokoladensauce,126,4.14,5.52,14.6,0.098
Eierlikör,294,4.0,7.0,27.1,0.135
"Milchshake 3,5 % Fett, mit Kakao/Schokolade, gesüßt",78,3.7,3.5,7.6,0.095
"Kuchenboden/Tortenboden (Mürbeteig, feiner)",488,7.0,27.53,51.67,0.102
Roggenbrot,220,6.0,1.235,43.04,1.12
"Rind Rostbraten, gebraten ohne Fett (Ofen)",146,26.607,4.395,0.0,0.145
"Heilbutt/Weißer Heilbutt, gebraten ohne Fett (Pfanne)",155,23.869,6.56,0.0,0.178
"Grießnockerln, Suppeneinlage",364,8.79,25.86,23.07,0.76
"Milchshake 3,5 % Fett, aromatisiert, gesüßt",78,3.38,3.33,8.5,0.082
Omelett gebraten,197,12.23,16.21,0.66,0.502
Plunderteig roh,386,7.08,22.77,37.0,0.805
Weizenbaguette,253,8.3,1.31,50.0,1.6042
Matjes-Brötchen,187,11.87,8.21,15.2,5.79
Roggenvollkornknäckebrot mit Kleie und Ölsamen,332,10.8,2.9,55.3,1.31
Schwein Schnitzel (Oberschale) tiefgefroren,106,22.2,1.9,0.0,0.18
Neuseeländer Spinat gekocht,18,1.8,0.2,1.11,0.382
"Rind Filet/Lende, Rohpökelware, geräuchert",115,19.813,3.738,0.492,4.5
Waffeln (Rührmasse) glutenfrei,392,5.91,20.24,45.9,0.28
Kräutertee (Getränk) mit Sahne 30 % Fett,10,0.077,1.057,0.109,0.01
"Brosme/Lumb, gedünstet",66,15.446,0.524,0.0,0.285
Grobe Mettwurst,297,19.3,24.3,0.14,2.5
"Kalb Unterschale/Schwanzstück, geschmort ohne Fett",106,24.946,0.738,0.0,0.165
"Schwein Bauchspeck, Rohpökelware, geräuchert",304,16.58,26.22,0.492,4.5
Kalter Hund (Kekskuchen ohne Backen),492,4.41,30.7,47.9,0.285
"Edelkastanie/Marone, gebraten ohne Fett (Pfanne)",228,3.02,2.065,44.783,0.005
"Ente Fleisch, mit Haut, gekocht",204,24.682,11.727,0.0,0.058
Kokoszwieback,450,7.6,14.9,69.0,0.35
Weizenvollkornbaguette,229,8.4,1.67,41.0,1.215
Knoblauch gekocht,101,6.188,0.43,3.0,0.0122935
"Limabohne (Butterbohne, Mondbohne) reif, gekocht",130,8.1,0.569,16.9,0.0012
"Kaffee (Getränk) halb und halb, mit Milch 3,5 % Fett",31,1.84,1.74,2.01,0.0485
Preiselbeersaft,34,0.6188,0.424,5.608,0.005
"Hammelsteak natur, gebraten",498,20.436,46.199,0.0,0.76
Gemüsesuppe püriert/Gemüsecremesuppe,32,0.86,1.2,4.0,0.488
"Komprimate (Pastillen, Presslinge)",404,0.0,0.0,93.6,0.008
Roggenmischbrot mit Nüssen,243,7.03,4.08,41.0,1.178
"Maniok/Cassava, gebraten ohne Fett (Pfanne)",166,1.136,0.261,38.0,0.002
Ofenkäse mit Knoblauch und Thymian gebacken,270,20.55,20.78,0.0,1.4632
"Schaf Keule, mittelfett, tiefgefroren",180,18.8,11.6,0.0,0.15
Cremeeis/Kremeis,171,4.3,9.31,17.53,0.098
"Grundsauce hell/weiß, vegan",57,0.73,4.4,3.54,0.802
Sahne-Käsesauce,351,9.4,33.17,3.2,0.91
"Hammel Filet/Lende, gebraten ohne Fett (Ofen)",224,24.007,14.27,0.0,0.215
"Hafer ganzes Korn, gekocht",181,6.071,3.585,28.7,0.01
"Hähnchen Unterschenkel, mit Haut, mariniert, roh",168,16.76,10.43,1.66,1.075
"Sahneflammeri/Sahnepudding, mit Eigelb",244,4.0,16.96,18.85,0.148
"Milchreis gesüßt, mit Sojadrink",104,4.24,1.11,18.4,0.062
Linsen-Eintopf mit Suppengemüse,127,7.49,2.3,15.8,0.612
"Wildschwein Fleisch, gegrillt",209,25.644,11.848,0.0,0.295
Roggenvollkornbrötchen mit Sonnenblumenkernen,268,8.43,5.3,40.0,1.32
Vanillequark,138,7.58,6.54,11.84,0.115
Hirschsalami mit Schweinefleisch,316,22.66,24.93,0.18,3.8
"Kalb Rücken, tiefgefroren",107,20.9,2.62,0.0,0.232
"Sojabohne reif, gekocht",157,15.406,7.517,2.5,0.005
"Hähnchen Magen, gebraten ohne Fett (Pfanne)",132,27.82,2.32,0.0,0.3105
Spiegelei gebraten in Butter,204,13.191,16.615,0.398,0.942
Haferbrot,212,6.63,1.55,39.0,1.175
Schinkenhörnchen (Quark-Öl-Teig),268,14.38,10.07,28.4,1.342
Rahmeis/Sahneeis,281,3.6,24.04,12.46,0.082
"Kohlrüben/Steckrüben, gedünstet (mit Fett und Salz)",50,1.17,3.4,2.15,0.352
"Corned Pork, Konserve",143,26.2,4.1,0.29,2.2
"Porree/Lauch, geschmort ohne Fett",44,2.648,0.309,6.0,0.0015
Mangold gekocht,16,1.771,0.268,0.835,0.5078
Vollmilchschokolade mit Getreideflakes,532,6.33,31.12,55.29,0.267
"Bohne grün, gebacken",33,2.633,0.282,4.1,0.00582
"Goldbutt/Scholle, tiefgefroren, gebraten ohne Fett (Pfanne)",82,17.705,1.227,0.0,0.355
Kräutertee (Getränk) mit Sahne 30 % Fett und Zucker,17,0.076,1.038,1.907,0.01
"Gans Leber, gebraten ohne Fett (Pfanne)",165,24.3,6.69,1.875,0.465
Butternockerln,309,9.18,17.63,27.23,0.542
Schwein Schnitzel (Nuss) gebraten ohne Fett (Pfanne),154,31.82,2.99,0.0,0.1775
Rosenkohl gebraten ohne Fett (Pfanne),81,8.9,0.68,4.52,0.045
Cashewkern geröstet mit Fett,599,19.8,49.995,15.9,0.032
"Ente Innereien, gebraten ohne Fett (Pfanne)",240,27.0,14.62,0.0,0.26
Fruchtaufstrich,179,0.5,0.3,41.7,0.005
Honigkuchenplätzchen,403,7.17,5.75,78.7,0.06
"Puddingpulver Schokolade, ungezuckert",340,5.98,2.9,68.8,0.948
"Milchmischgetränk < 1 % Fett, aromatisiert, mit Süßungsmitteln",30,2.508,0.129,4.763,0.128
"Köhler/Seelachs, gedünstet",94,18.112,2.39,0.0,0.1378
"Bechamelsauce vegan, mit Sojadrink",79,3.33,5.41,3.4,0.2005
Schwein Bratenfleisch (Bug mit Fett und Schwarte) gebraten ohne Fett (Ofen),240,27.3,14.56,0.0,0.1642
"Pute Fleisch, ohne Haut, gebraten ohne Fett (Pfanne)",140,27.903,3.1,0.0,0.275
Acerolasaft,15,0.189,0.184,2.394,0.008
"Kaffee (Getränk) mit Sojadrink, ungesüßt",2,0.22,0.043,0.012,0.0118
Schokoladenfettglasur für Gebäck/Torten,428,4.14,28.87,35.4,0.016
"Milchmischgetränk < 1 % Fett, mit Kakao/Schokolade, gesüßt",52,3.557,0.2,8.7,0.138
Apfelkorn,127,0.06,0.0,6.537,0.01
Quarkspeise mit Süßkirschen,120,5.83,4.91,12.75,0.085
Wachtelei gekocht,135,13.175,9.0,0.34,0.385
Scones (britisches Kleingebäck),360,9.46,15.28,44.6,1.032
"Suppengrün/Suppenkraut, getrocknet",305,12.473,2.656,45.0,0.52
Kalb Schnitzel (Keule) gebraten ohne Fett (Ofen),121,28.389,0.823,0.0,0.245
Zuckerperlen (Liebesperlen),404,0.0,0.0,93.6,0.008
Weizenvollkornbrot mit Quark,223,9.2,1.15,40.0,1.178
Kabeljaufilet mit Gemüse in Folie gebacken,97,13.7,3.8,1.3,0.438
Topinambur gedünstet (mit Fett und Salz),72,1.63,4.3,2.82,0.332
Schnittlauchquark (aus Magerquark),64,9.55,1.03,3.73,0.4578
"Schwein Hintereisbein/Hinterhaxe, Kochpökelware",167,17.27,10.67,0.439,1.8
Spitzkohl gedünstet (mit Fett und Salz),58,1.01,3.8,3.63,0.445
Zucchini gedünstet,23,1.4,0.312,3.0,0.00292
Rind Gulasch (Bug) gebraten ohne Fett (Pfanne),179,28.518,7.171,0.0,0.155
Schwarzer Heilbutt gebraten ohne Fett (Pfanne),173,14.772,12.7,0.0,0.215
Paniermehl/Semmelbrösel/Semmelmehl,364,11.6,3.97,67.48,1.8968
Linsenmehl,312,23.357,1.7,44.8,0.018
Steinpilze gedünstet,114,6.56,6.21,5.53,0.412
Backerbsen,469,9.81,24.09,50.7,2.71
Rinderrahmgulasch,211,15.89,15.66,1.5,0.522
Gemüsemischung gebraten,59,2.2,1.9,7.0,0.402
"Gemüsepaprika grün, gebraten ohne Fett (Pfanne)",65,1.831,0.407,11.67,0.02
"Hähnchen ganz, entbeint, mit Haut, geschmort ohne Fett",205,25.61,11.39,0.0,0.0978
Mangold gebraten ohne Fett (Pfanne),26,2.761,0.418,1.301,0.8092
Meerrettichbutter,557,2.522,58.691,3.734,0.202
Grüne Erbsen gedünstet,118,4.9,5.324,10.278,0.4
Dinkelbrötchen mit Kürbiskernen,306,11.7,5.35,50.0,1.358
Milchschokolade mit Knusperreis,492,6.99,24.37,59.65,0.1462
Chinakohl gedünstet (mit Fett und Salz),46,1.438,3.539,1.27,0.2
Dinkelbrötchen mit Sonnenblumenkernen,304,11.2,5.44,50.0,1.358
"Biskuitrolle/Biskuitroulade, ungefüllt",289,10.92,5.74,47.76,0.238
Gelbflossen-Thun gebraten ohne Fett (Pfanne),121,29.0,0.55,0.0,0.128
Löffelbiskuits glutenfrei,408,11.666,7.884,72.437,0.715
Dinkelbrot mit Kürbiskernen,248,9.57,4.02,41.0,1.138
Dornhai geräuchert,195,13.602,15.653,0.0,0.045
Rosenkohl gedünstet,41,4.541,0.347,2.3,0.022
Baklava,561,8.16,38.0,44.8,0.082
Reis gedünstet mit Pfifferlingen,141,3.86,4.5,20.2,0.522
Nektarine gedünstet,53,1.2,0.2,10.4,0.0015
Wirsing gebacken,43,3.269,0.376,4.7,0.028
Salatmarinade mit Meerrettich,352,1.21,36.71,2.0,0.575
"Teigwaren eifrei, glutenfrei, roh",343,8.416,2.22,68.7,0.005
"Wildschwein Fleisch, gekocht",224,29.405,11.81,0.0,0.225
Vollkornbrötchen mit Sonnenblumenkernen,295,10.7,5.68,45.0,1.352
"Broccoli gedünstet, mit gerösteten Mandelblättchen",112,4.9,8.294,2.5,0.272
Gemüsereis mit Wurzelgemüse und Käse,134,3.8,4.6,18.0,0.595
"Poularde Fleisch, mit Haut, tiefgefroren",175,19.0,11.0,0.0,0.098
Butterpilz getrocknet,253,20.491,2.895,26.29,0.12
Tomaten gefüllt mit Oliven und Schafskäse überbacken,180,6.43,15.6,2.37,1.325
"Milchreis gesüßt, mit Milch 3,5 % Fett",140,4.89,3.22,22.4,0.108
Große Sandklaffmuschel tiefgefroren,54,10.5,1.31,0.0,0.302
"Ausbackteig (mit Milch) gesüßt, roh",227,7.0,9.6,27.36,0.138
"Cocktail, Campari-Orange",74,0.3,0.0,9.4,0.018
"Eier-Frischteigwaren Spätzle, selbstgemacht, roh",220,9.3,3.93,35.54,0.802
Blutwurst-Grundmasse,164,23.28,7.73,0.36,2.0
Lachs pochiert,187,19.9,11.947,0.0,0.0935
Schwein Kotelett (Rücken/caudal) gegrillt,151,30.98,2.99,0.0,0.135
"Schwein Hackfleisch, tiefgefroren",271,17.88,22.14,0.0,0.1318
Baumkuchen/Grillkuchen/Schichtkuchen (Rührmasse),462,6.2,27.38,46.3,0.305
Flunder gebraten ohne Fett (Pfanne),103,19.6,2.69,0.0,0.425
Geflügelmortadella gekocht,203,11.716,16.681,0.008,1.898
Quarkstrudel (Strudelteig),300,11.1,12.6,34.1,0.118
Nusstaler (Mürbeteig),525,8.14,31.47,50.5,0.19
Milchnudeln (Teigwaren eifrei) mit Rosinen,165,5.7,4.9,23.9,0.218
Yamswurzel gekocht,120,1.6,0.2,26.8,0.0012
"Hähnchen Herz, gebraten ohne Fett (Pfanne)",270,27.89,17.66,0.0,0.485
"Schaf Hinterhaxe, mager, gebraten ohne Fett (Ofen)",143,27.3,3.77,0.0,0.245
"Schwein Herz, Kochpökelware",170,26.351,6.83,0.797,1.8
Schwarzwaldbecher mit Quark (mit Alkohol),186,5.29,9.94,16.1,0.07
Zwieback glutenfrei,406,2.1,6.4,84.0,0.55
"Lamm Herz, geschmort ohne Fett",219,31.5,10.3,0.0,0.33
Roggenknusperbrot,354,9.5,2.8,66.4,1.32
"Schaf Schnitzel (Keule, mager) gebraten ohne Fett (Ofen)",161,29.8,4.67,0.0,0.19
Trüffel getrocknet,243,27.521,1.694,2.0,0.64
"Weichweizen Grieß, gekocht",39,1.17,0.1,8.04,0.0002
Auberginen mit Tomaten gedünstet,55,0.888,3.647,3.6,0.475
Karotten und Erbsen gedünstet (mit Fett und Salz),76,2.4,3.33,7.333,0.225
Königslachs gedünstet,163,17.355,10.419,0.0,0.118
Gemüsesuppe,25,0.9,1.3,1.9,0.6
Kalb Gulasch (Bug) geschmort ohne Fett,113,25.881,1.049,0.0,0.17
Schoko-Nuss-Creme,581,10.686,43.397,35.4,0.125
"Schwein Kammsteak, gegrillt",226,25.26,13.89,0.0,0.1672
Sardine gegrillt,201,26.044,10.72,0.0,0.465
Aubergine gegrillt,38,1.117,0.36,6.04,0.02
Bleichsellerie gedünstet,16,1.081,0.1,1.5,0.175
Rinderbraten ohne Sauce,228,27.9,12.9,0.02,0.62
"Schaf Hals/Kamm/Nacken, gegrillt",256,26.3,16.77,0.0,0.23
"Katfisch/Steinbeißer, geräuchert",124,23.0,3.58,0.0,1.752
Mais (Zuckermais) gedünstet (mit Fett und Salz),79,2.691,3.643,7.8,0.165
Apfelkraut (ohne Zuckerzusatz),205,1.5,1.7,41.1,0.008
"Goldbutt/Scholle, tiefgefroren, gebraten ohne Fett (Ofen)",112,24.344,1.65,0.0,0.488
"Pute Fleisch, ohne Haut, tiefgefroren",102,20.5,2.2,0.0,0.232
Mehrkornvollkornknäckebrot mit Ölsamen,415,15.8,17.1,43.0,1.79
Schweinelende gebraten im Ofen (mit Fett und Salz),139,26.06,3.57,0.57,0.448
Weizenknäckebrot mit Sesam,405,14.5,9.43,62.0,1.185
Senfmarinade für Salat,542,0.66,58.73,0.3,1.532
Schnecken gebraten ohne Fett (Pfanne),73,15.5,1.227,0.0,0.198
Schoko-Mandelbiskuitboden,389,13.934,20.314,35.6,0.27
Dicker Honigkuchen,398,7.21,8.64,71.0,0.052
Vollkorneierteigwaren roh,353,14.11,2.69,61.95,0.042
Butterkekse/Butterplätzchen (Mürbeteig) schokoliert,518,6.78,28.1,58.24,0.4208
Vollkornbrot mit Nüssen,232,7.62,4.23,36.0,1.145
"Pfannkuchenteig/Eierkuchenteig, ungesüßt, mit Milch 3,5 % Fett, roh",164,7.5,4.72,22.03,0.192
Tomaten gedünstet (mit Fett und Salz),47,1.17,2.26,4.37,0.268
Schaf Gulasch (Hals/Kamm/Nacken) gebraten ohne Fett (Pfanne),227,25.3,14.0,0.0,0.205
Haselnussmus,669,16.414,63.939,4.3,0.0
Mehrkornflocken,326,11.569,3.071,57.2,0.02
Knusperbrot glutenfrei,351,7.958,1.606,73.6,1.418
"Milchmischgetränk 1,5 % Fett, mit Kaffee, gesüßt",54,2.85,1.2,7.9,0.075
"Gans Schenkel, mit Haut, gebraten ohne Fett (Ofen)",203,25.62,11.122,0.0,0.2485
Westfälische grobe Mettwurst,326,16.65,28.75,0.14,3.2
"Schokolade weiß, mit Getreideflakes",533,6.26,29.98,59.16,0.273
Kohlrabi gedünstet (mit Fett und Salz) mit Petersilie,80,1.73,6.3,3.41,0.348
Bachsaibling gedünstet,99,18.9,2.6,0.0,0.115
"Kasseler Kamm, Kochpökelware, geräuchert",154,20.9,7.5,0.611,1.8
Schwertfisch gedünstet,96,17.321,2.96,0.0,0.258
"Mischfett mit überwiegend Milchfett, gesalzen",640,0.58,70.53,0.638,1.0188
"Felchen/Maräne/Renke/Schnäpel, geräuchert",122,22.266,3.465,0.0,0.4
Seehecht gebraten ohne Fett (Pfanne),101,20.425,2.17,0.0,0.268
Heringsfilet gegrillt,171,18.2,10.885,0.0,0.555
"Kalb Rücken, gebraten ohne Fett (Ofen)",134,27.114,2.832,0.0,0.252
Schafskopf (Meerbrasse) tiefgefroren,102,20.2,2.41,0.0,0.178
Rosenkohl tiefgefroren,45,4.944,0.378,2.51,0.025
"Putenschnitzel natur, gebraten",152,31.472,2.923,0.0,0.37
Roggenvollkornknäckebrot mit Sesam,350,10.48,6.04,53.81,1.3
"Hirsebrei gesüßt, mit Milch 3,5 % Fett",143,5.86,4.08,20.31,0.11
"Gemüsepaprika rot, geschmort ohne Fett",40,1.115,0.218,6.8,0.0034
Karamelleis,184,4.1,8.78,22.16,0.092
"Hähnchen Flügel, mit Haut, gebraten ohne Fett (Ofen)",226,24.77,14.13,0.0,0.2568
"Barsch/Flussbarsch, gesalzen",89,20.6,0.7,0.0,2.258
"Wachtel Fleisch, ohne Haut, geschmort ohne Fett",184,36.5,4.28,0.0,0.092
Gelbflossen-Thun tiefgefroren,102,24.4,0.49,0.0,0.12
"Flädle/Frittaten/Suppenpfannkuchen, gebraten",253,8.53,12.69,25.28,0.275
Bouillonkartoffeln (mit Fleischbrühe),59,1.48,0.1,12.595,0.162
Mangold gedünstet (mit Fett und Salz),62,1.87,5.226,0.881,0.8195
"Oliven grün, gefüllt mit Mandeln, gesäuert, abgetropft",206,5.012,19.5,0.69,3.472
Zuckermais gebacken,79,3.859,1.447,11.1,0.005
"Gemüsemischung Kaisergemüse, gekocht (ohne Sauce)",31,1.988,0.366,3.9,0.275
Schwein Schnitzel (Nuss) gebraten ohne Fett (Ofen),134,27.58,2.59,0.0,0.1485
"Lamm Kotelett, gebraten ohne Fett (Pfanne)",253,24.075,17.425,0.0,0.175
Venusmuschel gekocht,73,13.8,1.2,1.8,0.875
Tofu gebacken,160,21.542,7.819,0.0,0.045
"Cocktail, Campari-Tonic",47,0.0,0.0,6.3,0.012
"Hirsch Rücken, tiefgefroren",112,20.6,3.34,0.0,0.158
"Kalb Keule, gebraten ohne Fett (Ofen)",114,26.854,0.778,0.0,0.232
"Teigwaren eifrei (mit Salz gekocht), Suppeneinlage",145,5.4,0.7,28.596,0.1268
"Milchmischgetränk 1,5 % Fett, aromatisiert, gesüßt",58,3.35,1.48,7.71,0.085
Speisezwiebel gebraten ohne Fett (Pfanne),53,1.835,0.238,9.54,0.035
Wirsing geschmort ohne Fett,65,4.913,0.566,7.3,0.04
"Hähnchen Innereien, roh",106,16.61,4.37,0.0,0.258
"Felchen/Maräne/Renke/Schnäpel, tiefgefroren",113,20.625,3.21,0.0,0.37
Wildlachs gesalzen,207,22.127,13.145,0.0,3.045
"Schaf Filetsteak, tiefgefroren",118,22.79,2.97,0.0,0.1225
Marzipan Rohmasse,415,8.0,24.9,37.21,0.012
Fruchtsahnelikör,242,0.3,3.17,29.0,0.07
"Frischteigwaren eifrei, roh",145,6.2,2.65,23.19,1.055
"Schwein Vordereisbein/Vorderhaxe, tiefgefroren",200,22.99,12.06,0.0,0.2512
"Katfisch/Steinbeißer, gedünstet",75,14.107,2.03,0.0,0.265
"Rind Hochrippe, gekocht",181,26.049,8.504,0.0,0.1
Teigschnitte gefüllt mit Milchcreme,421,8.0,27.8,34.0,0.605
Quarknapfkuchen (Rührmasse),376,8.5,16.1,47.7,0.532
"Rind Brustkern/Mittelbrust, gekocht",269,27.878,17.491,0.0,0.142
Shiitakepilz gedünstet,42,3.5,0.3,3.35,0.00352
Weizenknusperbrot (mit Butter),398,11.93,5.81,71.8,0.308
Weizenvollkornbrötchen mit Nüssen,304,10.7,6.84,45.0,1.352
Dresdner Stollen (Hefeteig) mit Alkohol,388,6.3,17.6,46.2,0.7002
Kalbssteak gebraten (mit Fett und Salz),124,22.0,3.97,0.01,0.47
Grüne Bohnen gekocht,28,2.161,0.232,3.4,0.2218
Bleichsellerie geschmort ohne Fett,18,1.305,0.1,1.7,0.212
"Pilgermuschel/Jakobsmuschel, gebraten ohne Fett (Pfanne)",68,16.652,0.112,0.0,0.708
"Mürbeteig für Fleisch-/Wurstpasteten, roh",393,6.4,22.75,39.24,0.965
"Hähnchen Magen, tiefgefroren",82,15.9,2.0,0.0,0.2045
Schleie gebraten ohne Fett (Pfanne),92,21.019,0.832,0.0,0.088
Rinderkotelett gebraten,190,30.12,7.62,0.03,0.73
"Rind Ochsenschwanz, gebraten ohne Fett (Pfanne)",263,30.1,15.8,0.0,0.345
Quarkspeise mit Ananas,121,5.95,5.06,12.33,0.09
Kapstachelbeersaft/Physalissaft,68,2.07,0.88,12.712,0.0035
"Lauch/Porree, gedünstet (mit Fett und Salz)",89,2.27,6.04,5.0,0.6902
Sauerkirsche gedünstet,80,1.034,0.575,15.799,0.002
Romanesco gebraten ohne Fett (Pfanne),71,4.848,0.56,10.65,0.06
"Lammkotelett natur, gebraten",291,23.98,21.69,0.03,0.602
Fruchtsaftschorle Orange,24,0.435,0.0,4.931,0.005
Rind Kotelett (Rücken) gegrillt,151,26.283,5.101,0.0,0.142
"Eierstich, Suppeneinlage",101,7.75,6.86,2.1,0.595
Grundsauce dunkel/braun (von Fleischbrühe),76,1.14,5.4,5.53,0.642
Entenei gekocht,182,12.8,14.4,0.34,0.25
"Obatzter/Obazda, Käsezubereitung 60 % Fett i. Tr.",298,11.64,27.19,1.53,1.498
"Pfannkuchen/Eierkuchen, ungesüßt, mit Milch 3,5 % Fett, gebraten in Butter",255,8.43,10.68,30.2,0.332
"Schwein Schmetterlingssteak, gebraten ohne Fett (Pfanne)",162,26.6,6.2,0.0,0.1162
Roggenbrötchen,273,8.27,2.87,49.0,1.418
"Schaf Keule, mager, tiefgefroren",128,22.6,4.2,0.0,0.16
Chayote gekocht,34,0.76,0.098,5.69,0.005
"Suppenhuhn Schenkel, mit Haut, gekocht",226,22.5,15.088,0.0,0.0872
Erdbeerschaum (mit Sahne),145,1.9,6.323,19.236,0.068
Mirabelle gedünstet,85,0.839,0.23,19.287,0.0
Hummer tiefgefroren,81,15.9,1.9,0.0,0.675
Erdnussplätzchen (Mürbeteig),492,10.4,25.0,54.5,0.465
"Kaffee (Getränk) mit Milch 3,5 % Fett und Zucker",10,0.23,0.11,1.93,0.012
Lammcurry,333,22.72,26.3,1.2,0.65
Rindersteak gegrillt,180,25.92,8.46,0.01,0.458
"Schaf Lunge, gekocht",88,16.7,2.3,0.0,0.262
Löffelbiskuits,399,12.59,6.5,71.5,0.63
Landjäger,364,22.33,30.52,0.033,3.8
"Weiße Rübe/Wasserrübe/Herbstrübe, gekocht",39,0.958,0.213,6.37,0.128
"Salami Italienische Art, mit Lammfleisch",353,22.36,29.14,0.23,3.8
"Joghurt mind. 3,5 % Fett, mit Vanillezubereitung, gesüßt",94,3.51,3.05,12.5,0.09
"Mandeldrink gesüßt, aromatisiert, angereichert mit Vitaminen und Calcium",35,0.84,2.097,3.08,0.125
Müslikekse glutenfrei,432,5.992,20.219,55.2,0.092
Zwiebeln gedünstet (mit Fett und Salz),66,0.97,4.4,4.88,0.36
Schweinegulasch mit Tomaten und Zwiebeln,111,13.27,4.71,3.29,0.385
"Reh Rücken, mariniert, roh",114,20.7,3.29,0.34,1.068
"Pute Keule, ohne Haut, gebraten ohne Fett (Pfanne)",166,29.544,5.309,0.0,0.27
Walnuss geröstet ohne Fett,734,16.07,72.041,3.0,0.0
Grundsuppe dunkel,47,0.84,3.4,3.23,0.722
Weizenvollkornbrot,180,7.554,0.86,31.9,1.155
Süßkirschkompott,93,0.686,0.236,21.5,0.002
Haselnuss gemahlen,662,16.25,63.3,4.2,0.0
Wiener Tortenboden (hell),362,8.45,15.46,46.75,0.195
"Schaf Vorderhaxe, mittelfett, tiefgefroren",180,18.8,11.6,0.0,0.15
"Kalb Brust, gekocht",232,23.657,15.214,0.0,0.245
"Buchweizen Grütze, gekocht",89,3.62,0.431,16.99,0.0
Wels tiefgefroren,128,15.3,7.4,0.0,0.048
Lachs-Dillcreme (mit Frischkäse),230,10.7,19.5,2.46,1.59
Knollensellerie gedünstet,27,1.396,0.297,2.5,0.172
Apfeldicksaft,302,0.665,0.0,72.619,0.102
Zuckerlis (Eiklarmasse),434,12.996,21.721,43.9,0.25
"Hähnchen Brust, ohne Haut, gebraten ohne Fett (Pfanne)",136,29.28,2.15,0.0,0.1735
Brühreis (mit Gemüsebrühe),142,3.15,1.3,28.9,0.59
Geflügelmortadella gebraten ohne Fett (Pfanne),274,15.398,22.669,0.011,2.588
"Schwein Stielkotelett, Kochpökelware",135,18.01,6.84,0.438,1.8
"Kalb Fleisch, fett- und sehnenfrei (KA I) roh",117,20.737,3.824,0.0,0.228
Curryreis,136,2.185,4.536,21.3,0.0922
"Pute Fleisch, mit Haut, gebraten ohne Fett (Ofen)",221,29.627,11.333,0.0,0.168
Artischocken gedünstet mit Orangensaft,63,1.56,3.4,3.5,0.508
Lachs gegrillt,206,22.944,12.649,0.0,0.0938
"Rebhuhn Fleisch, tiefgefroren",248,35.0,12.0,0.0,0.25
"Kaffee (Getränk) mit Mandeldrink, ungesüßt",2,0.14,0.072,0.006,0.014
"Cornflakes gesüßt, mit Zuckerglasur",383,4.62,0.54,88.35,0.745
"Spinat gedünstet, mit Sahne",85,2.388,7.307,1.46,0.432
"Rind Leber, gebraten ohne Fett (Pfanne)",159,22.812,4.575,6.625,0.308
"Seezunge tiefgefroren, gebraten ohne Fett (Pfanne)",86,19.831,0.788,0.0,0.305
"Baby-Pute Fleisch, mit Haut, gebraten ohne Fett (Ofen)",213,32.853,9.053,0.0,0.175
"Hornfisch/Hornhecht, gedünstet",96,17.2,3.0,0.0,0.155
"Schaf Brust, mittelfett, gekocht",239,28.6,13.8,0.0,0.198
"Suppenhuhn Innereien, gekocht",204,25.2,11.51,0.0,0.18
Hähnchenbrustfilet gebraten,145,30.73,2.44,0.0,0.3905
Steinbuttfilet pochiert (ohne Sauce),67,13.454,1.487,0.0,0.375
Schmorgurken,137,1.59,12.86,3.05,0.34
Champignon tiefgefroren,36,4.58,0.342,3.6,0.1227
Rinderkraftbrühe mit Perlgraupen,24,1.07,0.3,4.1,0.588
Rind Roastbeef (Rücken) Rohpökelware,122,21.119,3.977,0.47,4.5
Dinkelvollkornbaguette,227,8.8,1.98,40.0,1.215
"Ausbackteig (mit Bier) ungesüßt, roh",214,5.9,8.45,25.09,0.11
Schwein Roulade (Oberschale) geschmort ohne Fett,152,31.01,3.09,0.0,0.1038
"Rotbarsch/Goldbarsch, gedämpft",84,13.7,3.3,0.0,0.202
Vollmilchschokolade mit alkoholhaltiger Füllung,490,8.5,23.5,54.84,0.148
Zichorienkaffee (Getränk),6,0.129,0.03,0.97,0.012
Schwein Kotelett (Rücken/cranial) Kochpökelware,135,18.01,6.84,0.438,1.8
"Karotten/Möhren, gekocht",40,0.837,0.399,6.53,0.312
Kürbis gebacken,69,1.26,3.23,6.66,0.3705
Printen,383,5.2,6.6,74.4,0.482
Spekulatius (Mürbeteig),486,8.73,25.41,53.9,0.215
"Kartoffel geschält, druckgedämpft",81,2.08,0.04,17.353,0.0045
Weizenmischbrötchen mit Kürbiskernen,304,10.1,5.16,51.0,1.355
"Hirsch Rücken, geschmort ohne Fett",140,26.808,3.66,0.0,0.13
Gemüsesaft aus Sauerkraut,18,0.956,0.248,0.79,1.07
"Hühnerei Eigelb, gebacken",414,18.4,37.711,0.253,0.158
Zuckermais gegrillt,72,3.456,1.323,10.1,0.005
Austernpilz gedünstet,45,4.66,0.31,1.78,0.02
"Brandmasse/Brandteig, roh",178,6.75,9.29,16.21,0.168
Quarkdressing,63,8.35,1.15,3.61,0.46
"Barsch/Flussbarsch, geräuchert",85,19.86,0.6,0.0,0.128
Rehragout,144,20.0,3.5,2.1,0.515
"Erbse grün, tiefgefroren, gebacken",92,5.8,0.824,11.9,0.012
Erdnussflips,478,15.2,25.0,43.6,1.39
"Schaf Bug/Schulter, mager, tiefgefroren",140,19.7,6.76,0.0,0.175
Käseplätzchen salzig (Mürbeteig),527,14.4,40.54,25.1,0.282
Roggenvollkornbrot mit Sonnenblumenkernen,208,6.44,3.01,33.0,1.092
Perlzwiebel gedünstet,33,1.133,0.147,5.89,0.022
Aubergine geschmort ohne Fett,24,0.705,0.223,3.78,0.012
Apfelnektar mit Süßungsmitteln,22,0.048,0.0,5.294,0.012
"Ente Leber, gebraten ohne Fett (Pfanne)",173,26.1,6.82,1.765,0.338
Mischpilze getrocknet,257,26.8,2.2,16.5,0.095
"Backteig gesüßt, mit Milch 3,5 % Fett, roh",231,7.1,9.53,28.36,0.138
Kalbfleischspieße gegrillt,96,10.8,3.2,5.1,0.598
Haselnussplätzchen glutenfrei,554,5.2,36.105,50.7,0.025
"Backteig ungesüßt, mit Milch 3,5 % Fett, roh",177,7.81,3.61,27.3,0.635
Rosenkohl gekocht,47,3.8,0.4,5.0,0.012
"Suppenhuhn Fleisch, mit Haut, gekocht",246,24.485,16.419,0.0,0.0948
"Rotbarsch/Goldbarsch, geräuchert",145,23.8,5.5,0.0,1.382
"Reis poliert, gedünstet (mit Fett und Salz)",122,1.984,4.018,19.0,0.082
"Quarkspeise einfach, mit Schokolade",117,7.47,2.77,15.01,0.078
Pralinen gefüllt mit Pfefferminzcreme,486,3.97,19.36,61.7,0.013
"Weizentoastbrot/Buttertoastbrot, getoastet",319,10.11,4.378,57.074,1.822
Müslikekse (Vollkornmürbeteig),405,8.5,13.2,59.2,0.185
Vollkornzwieback,398,12.26,6.16,68.0,0.94
Kochbanane gebraten ohne Fett (Pfanne),193,1.76,0.1,44.0,0.01
Florentiner (Mandelmasse),536,10.65,39.48,31.5,0.028
"Milchreis gesüßt, mit Mandeldrink",138,3.57,3.17,23.3,0.108
Kalbfleisch gekocht (mit Fett und Salz),305,25.058,22.719,0.0,0.838
Dinkelbrot mit Sonnenblumenkernen,247,9.13,4.08,41.0,1.132
"Ente Innereien, tiefgefroren",154,17.9,9.21,0.0,0.192
"Schaf Gulasch (Bug, mager) gebraten ohne Fett (Pfanne)",182,27.5,7.95,0.0,0.22
"Speiseeis (Nuss, Schoko, Vanille) gemischt",222,3.13,11.15,26.22,0.0938
Weizenmischbrot mit Nüssen,243,7.5,4.07,41.0,1.148
"Pommes frites tiefgefroren, gebacken, gesalzen",167,3.01,4.31,27.3,0.5455
"Kalb Fleisch, geringer Sehnenanteil, sichtbarer Fettanteil max. 5 % (KA II) roh",152,19.951,8.029,0.0,0.218
Rotzunge gebraten ohne Fett (Pfanne),84,18.406,1.12,0.0,0.322
Vollkornzwieback ungesüßt,406,13.07,9.1,62.0,1.172
"Milchmischgetränk 3,5 % Fett, mit Kakao/Schokolade, gesüßt, angereichert mit Vitaminen",78,3.7,3.5,7.6,0.095
"Rind Brustkern/Mittelbrust, Rohpökelware",184,17.484,12.506,0.47,4.5
Vollmilchschokolade mit Puffreis und Crispies,522,6.55,29.56,56.3,0.1668
"Pute Brust, ohne Haut, gebraten ohne Fett (Ofen)",164,37.871,1.414,0.0,0.132
"Lamm Bug/Schulter, gekocht",172,29.857,5.841,0.0,0.168
Kalb Kochfleisch (Brust) tiefgefroren,200,18.585,13.993,0.0,0.155
"Frühlingszwiebel/Lauchzwiebel, geschmort ohne Fett",34,2.4,0.24,3.7,0.038
"Kaffee (Getränk) mit Kondensmilch 7,5 % Fett",5,0.33,0.252,0.311,0.018
Rind Steak (Rücken) gebraten ohne Fett (Pfanne),166,29.124,5.532,0.0,0.158
Broccoli gedünstet (mit Fett und Salz),82,3.738,5.64,2.4,0.468
"Karotte/Möhre, gebacken",47,0.988,0.471,7.613,0.0668
Gemüseamaranth gedünstet,22,2.62,0.35,0.98,0.052
"Lamm Leber, gebraten ohne Fett (Pfanne)",144,22.2,5.59,1.1,0.162
Sesam-Krokant,488,10.657,25.704,44.7,0.06
Quitte gedünstet,54,0.433,0.515,8.4,0.005
Dicke Bohnen gedünstet (mit Fett und Salz),92,4.5,4.9,5.1,0.368
Bleichsellerie gekocht,17,1.227,0.1,1.5,0.165
Bitterschokolade gefüllt mit Gewürzcreme,531,7.15,39.78,32.1,0.03
Schwarztee (Getränk) mit Sahne 30 % Fett und Zucker,17,0.076,1.038,1.907,0.008
Pfifferlinge gedünstet,97,4.61,7.3,1.5,0.42
Rührei gebraten,203,12.88,16.61,0.39,0.705
"Sauerteigbrot mit Kürbiskernen, glutenfrei",234,9.1,7.4,30.6,1.002
"Kalbskotelett natur, gebraten",138,24.449,4.414,0.0,0.5
"Buchweizenpfannkuchen ungesüßt, gebraten",259,7.51,10.8,31.53,0.182
"Seezunge tiefgefroren, gedünstet",66,14.911,0.667,0.0,0.29
Salatmayonnaise (Fertigprodukt),490,0.4,50.751,7.295,1.288
"Butterkekse/Butterplätzchen, kakaohaltig (Mürbeteig)",527,6.77,30.63,54.0,0.165
Pflanzencreme zum Braten und Kochen,662,0.0,73.5,0.0,0.6242
Pflastersteine,430,6.39,10.05,76.7,0.058
"Holundersuppe mit Apfel, gebunden mit Stärke",67,1.373,0.948,11.2,0.005
"Dorsch/Kabeljau, tiefgefroren, pochiert",66,15.148,0.585,0.0,0.245
Schnecken im Sud gekocht,78,16.5,1.289,0.0,0.27
Kürbis Hokkaido (C. maxima) gebacken,35,1.647,0.235,6.233,0.02
Zwetschgenkuchen (Mürbeteig),216,3.21,9.61,28.12,0.045
Gelee-Früchte,331,0.015,0.0,78.6,0.01
"Kasseler Rippenspeer, Kochpökelware, geräuchert",131,17.07,6.82,0.437,1.8
"Schwein Kamm, Rohpökelware, geräuchert",165,17.95,10.19,0.492,4.5
Tsatsiki,81,2.4,6.02,3.5,0.308
Graupen nach Risottoart,112,3.61,3.3,16.4,0.77
Streuselschnecken (Hefeteig),393,8.1,16.31,52.0,0.082
Backoblaten,334,9.53,0.85,69.58,0.002
Johannisbeere schwarz gedünstet,60,1.447,0.232,9.16,0.00298
Hefezopf mit Sultaninen,349,8.9,7.1,60.0,0.08
"Quarkpfannkuchen ungesüßt, gebraten",196,7.6,10.5,17.15,0.15
"Hähnchen Fleisch, ohne Haut, gebraten ohne Fett (Pfanne)",156,27.5,5.1,0.0,0.232
"Milchmischgetränk 3,5 % Fett, mit Kaffee, gesüßt",76,2.75,3.72,7.92,0.07
Reneclaudenkompott,75,0.6,0.0,17.5,0.005
"Vollkorn-Eier-Frischteigwaren selbstgemacht, roh",222,10.77,3.62,33.35,0.542
Champignon gedünstet,41,5.15,0.386,4.2,0.14552
Kohlrabi gebraten ohne Fett (Pfanne),53,3.593,0.296,7.19,0.092
Pfirsichkaltschale gebunden mit Stärke,61,0.7,0.081,13.57,0.002
"Schokolade weiß, mit Kokoschips",564,6.28,36.06,52.699,0.2358
"Schaf Herz, gebraten ohne Fett (Pfanne)",159,24.1,6.99,0.0,0.29
Tintenfisch gekocht,71,15.094,1.22,0.0,1.028
"Rotbarsch/Goldbarsch, tiefgefroren",92,15.3,3.47,0.0,0.2
Mangold gebacken,20,2.176,0.329,1.026,0.638
Dragee-Streusel,408,0.237,1.8,96.2,0.02
"Goldbutt/Scholle, gebraten ohne Fett (Ofen)",104,23.7,1.0,0.0,0.1885
Speisezwiebel gebacken,39,1.36,0.176,7.08,0.028
Languste tiefgefroren,79,17.2,1.1,0.0,0.455
Apfelnektar,37,0.048,0.0,8.894,0.01
Tafel-Meerrettich Konserve,171,3.172,11.922,9.451,0.47
Paniermehl glutenfrei,376,6.461,3.8,78.0,1.252
"Kartoffelpuffer/Reibekuchen, gebraten",206,4.23,12.61,18.08,0.52
Gurke gebacken,20,1.249,0.235,2.32,0.01
Vollmilchschokolade gefüllt mit Kokoscreme,575,5.36,38.94,49.5,0.158
Kaviarersatz (Seehase),136,19.4,6.45,0.0,5.4
"Schwein Frühstücksspeck, Rohpökelware, geräuchert",304,16.58,26.22,0.492,4.5
"Pfefferschote grün, gedünstet",44,2.2,0.2,7.48,0.02
"Milchmischgetränk 1,5 % Fett, aromatisiert, gesüßt, angereichert mit Vitaminen",58,3.35,1.48,7.71,0.085
"Hühnerei Eiklar, gekocht",42,9.9,0.03,0.41,0.462
Morchel getrocknet,231,19.689,2.532,4.7,0.04
Hering pochiert,147,16.3,9.119,0.0,0.268
"Maniok/Cassava, gekocht",146,1.032,0.23,33.5,0.002
Roggenbrot mit Quark,210,6.35,0.78,40.0,1.19
Weiße Schokolade mit Puffreis und Crispies,522,6.41,28.16,60.24,0.2225
"Rind Hinterhesse, tiefgefroren",140,21.4,6.0,0.0,0.1875
Schwein Gulasch (Restbug) gebraten ohne Fett (Pfanne),166,30.96,4.64,0.0,0.1988
Mangold gedünstet,18,1.968,0.298,0.927,0.5768
"Hähnchen Brustfilet, mariniert, roh",130,20.99,4.34,1.66,0.978
"Rind Hals/Kamm/Nacken, gekocht",199,27.944,9.738,0.0,0.078
"Suppenhuhn Fleisch, mit Haut, tiefgefroren",257,18.5,20.3,0.0,0.1612
Stockwurst/Münchner Stockwurst,195,10.98,16.76,0.02,2.0
Pralinen mit alkoholhaltiger Füllung,472,3.57,21.32,54.7,0.015
Mangold geschmort ohne Fett,30,3.271,0.495,1.557,0.9585
"Kekse/Plätzchen, eiweißarm",466,0.368,16.504,78.5,0.115
Vollmilchschokolade mit Mandeln,554,10.3,38.0,39.97,0.22
Zucchini gegrillt,46,2.8,0.638,6.0,0.006
Pflaumenkompott/Zwetschgenkompott,66,0.21,0.121,15.57,0.005
"Alaska-Pollack/Alaska-Seelachs, gedünstet",51,11.0,0.78,0.0,0.275
"Schwein Kochschinken, Kochpökelware, gekocht",150,27.237,3.554,0.89,2.082
Roggenvollkornknäckebrot mit Leinsamen und Weizenkeimen,338,11.53,4.01,54.0,1.292
Austernpilz gebraten ohne Fett (Pfanne),52,5.43,0.361,2.08,0.025
Morchel gebraten ohne Fett (Pfanne),48,4.079,0.525,1.0,0.008
"Edelkrebs/Flusskrebs, gekocht",61,13.889,0.58,0.0,0.662
Spargel gekocht (ohne Sauce),28,1.912,0.152,3.93,0.228
Apfelmus ungesüßt,51,0.37,0.436,10.2,0.005
Brombeerkompott,80,0.91,0.1,18.6,0.005
"Vanillecreme/Vanilleflammeri, eihaltig, für Gebäck/Torten",122,3.6,4.35,17.09,0.078
Geflügelteewurst mit Schweinefleisch,195,20.77,12.35,0.1,2.8
"Pute Brust, ohne Haut, gebraten ohne Fett (Pfanne)",148,33.74,1.414,0.0,0.14
"Topinambur/Erdartischocke, gekocht",52,2.288,0.384,3.75,0.0
Stachelbeerkompott,94,0.63,0.108,21.467,0.008
Sauerampfer gedünstet,26,3.394,0.383,1.234,0.0
"Pfannkuchen/Eierkuchen, ungesüßt, mit Milch 1,5 % Fett, gebraten ohne Fett",195,8.89,2.87,32.2,0.355
Schokoladen-Milchsuppe gebunden mit Stärke,115,3.82,5.24,12.97,0.11
"Schwein Speck (Rückenspeck) Rohpökelware, geräuchert",699,4.13,75.8,0.0,4.5118
Forelle gedünstet,144,19.243,7.27,0.0,0.115
Weißbrotwürfel geröstet in Butter (Croutons),492,7.44,32.43,40.84,1.15
Grüne Erbsen in Sahne gedünstet,182,5.4,11.893,10.956,0.415
Blumenkohl gebacken,50,3.414,0.394,7.52,0.042
Weinsauerkraut roh,23,1.104,0.304,0.99,1.168
Tomate gekocht,22,0.994,0.115,3.4,0.008
Shiitakepilz getrocknet,270,22.8,1.8,21.74,0.02282
Schwein Bratenfleisch (Bug ohne Fett und Schwarte) gebraten ohne Fett (Ofen),169,27.44,6.57,0.0,0.1852
Schoko-Wasserbiskuitboden,306,9.12,4.65,55.6,0.335
"Kalb Fleisch, sichtbarer Fettanteil max. 15 % (KA III) roh",215,18.516,15.704,0.0,0.2
"Beerenmischung mit Sauerkirschen, ungesüßt, roh",50,1.1,0.3,7.9,0.002
Fruchtmischung getrocknet (Trockenfrucht-Mix),261,2.58,0.35,55.5,0.0758
"Knusperpraline mit Milchschokolade, Cornflakes und Mandelstückchen",493,7.31,24.85,58.11,0.3432
Weizenmischtoastbrot,246,7.6,2.76,45.0,1.2
Bechamelsauce,88,2.5,6.2,5.42,0.498
"Barsch/Flussbarsch, gedünstet",70,16.24,0.6,0.0,0.118
"Kalb Filetsteak, gegrillt",144,25.44,4.7,0.0,0.105
"Speiseeis Schokolade, überzogen mit Schokolade",315,4.47,16.34,35.4,0.0955
Mango getrocknet,322,3.8,2.44,65.0,0.122
Schleie gesalzen,87,19.812,0.874,0.0,2.215
"Kalb Magen/Gekröse, gekocht",156,19.029,8.893,0.0,0.142
"Gemüsepaprika gelb, gebraten ohne Fett (Pfanne)",48,1.356,0.339,7.495,0.005
Grobe Mettwurst fettreduziert,182,22.24,10.21,0.15,2.5
"Schaf Brust, mittelfett, tiefgefroren",179,19.6,11.2,0.0,0.215
Rinderrumpsteak gebraten,180,28.7,7.26,0.02,0.698
Wurzelpetersilie gebraten ohne Fett (Pfanne),140,5.333,0.87,25.5,0.055
"Gemüsepaprika rot, gegrillt",39,1.08,0.215,6.65,0.00335
"Rind Leberhack, gekocht",174,26.195,4.436,7.227,0.262
Geflügelbratwurst,184,10.9,15.52,0.08,1.892
"Milchmischgetränk < 1 % Fett, mit Kakao/Schoko, Zucker und Süßungsmitteln",44,3.174,0.2,7.2,0.135
"Hähnchen Brustfilet, gebraten ohne Fett (Ofen)",144,31.85,1.86,0.0,0.1438
"Hähnchen Fleisch, ohne Haut, tiefgefroren",131,20.2,5.6,0.0,0.198
"Macadamianuss geröstet ohne Fett, gesalzen",752,9.12,75.5,5.1,0.772
Rettich gedünstet,20,1.029,0.147,2.91,0.055
Steinbutt tiefgefroren,82,16.7,1.73,0.0,0.285
Sahnekaramelle,434,3.8,7.7,79.4,0.145
"Blei/Brachsen/Brasse, gebraten ohne Fett (Pfanne)",112,19.712,3.72,0.0,0.088
"Mandeldrink gesüßt, aromatisiert",31,0.85,2.12,1.99,0.125
"Cornflakes mit Milch 3,5 % Fett und Honig gesüßt",160,4.06,2.79,29.07,0.29
Tomate gebraten ohne Fett (Pfanne),36,1.61,0.186,5.5,0.018
"Gemüsemischung Kaisergemüse, roh",37,2.309,0.427,4.7,0.05
"Rind Vorderhesse, tiefgefroren",128,20.2,5.3,0.0,0.125
Pastinake gebacken,70,3.1618,0.506,11.4,0.022
Popcorn gesalzen,395,7.531,14.706,54.671,1.54
Sekt mit Orangensaft,58,0.375,0.0,5.3,0.005
Kohlrabi gebacken,34,2.282,0.188,4.56,0.06
"Dinkel ganzes Korn, gekocht",177,7.52,1.22,31.05,0.0008
"Schaf Keule, mager, geschmort ohne Fett",181,33.5,5.25,0.0,0.15
Buttercreme (zum Füllen und Überziehen),581,2.0,47.72,35.83,0.035
Spiegelei gebraten mit Kochschinken,204,17.71,14.35,0.57,1.445
Wurzelpetersilie getrocknet,339,12.852,2.097,61.5,0.135
Tomate gegrillt,26,1.149,0.136,4.01,0.012
"Hähnchen ganz, entbeint, mit Haut, tiefgefroren",186,18.37,12.53,0.0,0.1612
"Poularde Fleisch, mit Haut, gebraten ohne Fett (Ofen)",190,24.1,10.4,0.0,0.1
Broccoli gedünstet,39,3.937,0.6486,2.5,0.07
Speisezwiebel gedünstet,33,1.133,0.147,5.89,0.022
"Porridge ungesüßt, mit Wasser",71,2.687,1.351,10.8,0.025
"Kalb Brust, Rohpökelware",186,17.326,12.702,0.471,4.5
Milchschokoladen-Riegel gefüllt mit Karamell und Knusperkeks,497,5.5,21.4,65.7,0.588
"Grießklößchen, Suppeneinlage",152,6.93,5.7,17.59,0.568
Ananas gedünstet,47,0.5,0.1,9.7,0.01
Braunschweiger Mettwurst Ia,405,21.08,35.6,0.12,2.725
Thunfisch gebraten ohne Fett (Ofen),165,27.3,6.23,0.0,0.118
"Rotbarsch/Goldbarsch, gedünstet",84,13.7,3.3,0.0,0.202
"Schildmakrele/Stöcker, gebraten ohne Fett (Pfanne)",132,22.336,4.78,0.0,0.162
"Rind Tatar/Schabefleisch, gebraten ohne Fett (Ofen)",147,29.333,3.333,0.0,0.16
Fruchtsaftschorle Apfel,26,0.056,0.0,6.139,0.012
Zucchini geschmort ohne Fett,23,1.4,0.312,3.0,0.00292
"Kasseler, Rohpökelware, geräuchert, gebraten ohne Fett (Pfanne)",144,30.13,2.604,0.0,3.952
"Schaf Bries, gekocht",91,15.4,3.28,0.0,0.115
Schwarztee (Getränk) mit Alkohol,15,0.0,0.0,0.0,0.005
"Schwein Stielkotelett, gegrillt",223,27.27,12.67,0.0,0.148
Auberginen gedünstet (mit Fett und Salz),46,0.66,3.2,2.8,0.252
Rotkappe gebraten ohne Fett (Pfanne),56,3.562,1.279,5.36,0.0
"Schaf Hinterhaxe, mager, tiefgefroren",112,20.4,3.35,0.0,0.205
Schweinebauch gekocht (Wellfleisch),354,22.32,29.42,0.0,1.0958
"Hammel Leber, gebraten ohne Fett (Pfanne)",146,22.886,4.489,3.409,0.23
Kastanienmehl,359,4.995,3.244,70.354,0.008
"Schaf Hinterhaxe, mager, gekocht",169,32.3,4.47,0.0,0.205
"Schwein Grillbauch, gegrillt",421,23.65,36.24,0.0,0.1902
"Stielmus/Rübstiel, gekocht",18,1.5,0.3,0.78,0.095
Speiseeis durchzogen mit Schokolade,231,2.85,12.59,25.5,0.0945
Aubergine gebacken,22,0.671,0.212,3.56,0.012
Kräutertee (Getränk) mit Zucker,7,0.0,0.0,1.861,0.008
"Lamm Bug/Schulter, geschmort ohne Fett",169,29.391,5.75,0.0,0.165
"Kalb Kugel/Nuss, gebraten ohne Fett (Ofen)",114,26.854,0.778,0.0,0.232
"Kalb Haxe, roh",118,19.3,4.51,0.0,0.288
"Reis unpoliert, gekocht",128,3.006,0.917,26.32,0.002948
Kalb Bratenfleisch (Bug) tiefgefroren,94,21.2,1.01,0.0,0.218
Meerforelle tiefgefroren,108,18.4,3.61,0.0,0.145
"Schaf Bug/Schulter, fett, gekocht",408,27.2,33.3,0.0,0.242
Kohlrabi gedünstet,30,2.042,0.168,4.09,0.052
"Reis poliert, gekocht",117,3.3,0.35,24.8,0.02442
Spitzkohl gedünstet,34,1.32,0.2,4.93,0.05
Romanesco gedünstet,38,2.635,0.304,5.79,0.032
Kümmelkartoffeln gebacken,138,2.51,3.801,22.63,0.32
Kohlrabi gedünstet (mit Fett und Salz),80,1.71,6.3,3.42,0.348
"Maniok/Cassava, gebacken",187,1.282,0.295,43.0,0.002
"Schwein Schwartenbraten (Krustenbraten) gebraten, ohne Fett (Ofen)",256,25.55,17.07,0.0,0.159
Marmorwaffeln (Rührmasse),505,9.89,31.64,44.2,0.418
"Topinambur/Erdartischocke, gebacken",70,3.128,0.526,5.128,0.0
"Schaf Bug/Schulter, fett, geschmort ohne Fett",383,25.5,31.2,0.0,0.228
"Ayran, Joghurtgetränk, gesalzen",39,2.29,1.96,2.69,0.64
"Kräutertee (Getränk) mit Milch 3,5 % Fett",2,0.12,0.12,0.13,0.009
"Stielmus/Rübstiel, gedünstet",19,1.6,0.3,0.86,0.108
Zitronensaft,30,0.63,0.3,1.7,0.00935
"Schweineleber mehliert, gebraten",165,22.45,6.46,4.27,0.4738
"Wildschwein Fleisch, gebraten ohne Fett (Ofen)",191,25.034,10.054,0.0,0.27
"Topinambur/Erdartischocke, gebraten ohne Fett (Pfanne)",62,2.773,0.466,4.545,0.0
Omelett gebraten mit Käse,213,13.2,17.53,0.66,0.528
Speisezwiebel geschmort ohne Fett,42,1.431,0.186,7.52,0.028
"Wildkaninchen Fleisch, gebraten ohne Fett (Ofen)",125,25.8,2.41,0.0,0.138
Ananasbowle,66,0.2,0.0,4.2,0.008
Chinakohl gedünstet,20,1.957,0.217,1.5,0.035
"Porridge gesüßt, mit Sojadrink",103,5.32,2.38,13.3,0.08
Fleischwurst gekocht,270,11.287,24.728,0.23,2.012
Europäische Auster tiefgefroren,67,9.0,2.94,1.09,0.4
Leinsamen geröstet ohne Fett,477,22.27,37.245,1.7,0.1378
"Lamm Niere, geschmort ohne Fett",159,30.6,4.06,0.0,0.558
"Schwein Stielkotelett, gebraten ohne Fett (Ofen)",203,26.63,10.75,0.0,0.133
Meeräsche gedünstet,98,18.214,2.75,0.0,0.175
Seeteufel gebraten ohne Fett (Pfanne),79,17.694,0.86,0.0,0.29
"Sauerkraut abgetropft, gebacken",26,1.324,0.365,1.17,1.4
Roggenvollkornknäckebrot mit Dinkel,331,10.11,1.54,59.73,1.3752
"Alaska-Pollack/Alaska-Seelachs, tiefgefroren, pochiert",76,17.324,0.789,0.0,0.21
"Pflaumenkompott/Zwetschgenkompott, zuckerreduziert",52,0.22,0.126,12.05,0.005
"Kalb Hals/Nacken/Kamm, gebraten ohne Fett (Ofen)",136,27.503,2.876,0.0,0.298
"Milchmischgetränk 1,5 % Fett, mit Kakao/Schokolade, gesüßt",63,3.61,1.6,8.4,0.095
"Kalb Brust, Rohpökelware, geräuchert",190,17.212,13.283,0.492,4.5
"Ente Innereien, geschmort ohne Fett",210,26.6,11.51,0.0,0.21
"Rind Leberhack, gebraten ohne Fett (Pfanne)",159,22.812,4.575,6.625,0.308
"Hartweizen Vollkorngrieß, gekocht",156,6.49,1.05,27.45,0.0008
Haselnuss geröstet ohne Fett,679,16.25,64.592,4.3,0.0
Perlzwiebel gekocht,33,1.156,0.15,6.01,0.015
Aubergine gedünstet,21,0.62,0.196,3.28,0.01
Folienkartoffeln gebacken,90,2.15,0.105,19.35,0.42
"Goldbutt/Scholle, gebraten ohne Fett (Pfanne)",90,20.4,0.9,0.0,0.1625
Pizzateig (mit Hefe) roh,246,6.47,5.13,42.0,0.368
Kalb Kotelett (Rücken) gegrillt,131,25.723,3.157,0.0,0.252
Grundsauce hell/weiß,58,0.79,4.5,3.57,0.785
Paprika-Tomaten-Gemüse gedünstet,44,1.056,1.618,5.0,0.652
Thunfisch pochiert,134,21.0,5.52,0.0,0.118
Rhabarberkompott,75,0.472,0.11,15.892,0.008
"Gartenbohne reif, gekocht",131,9.0845,0.6,17.812,0.002
Königslachs geräuchert,195,21.483,12.091,0.0,0.13
Schwein Dicke Rippe gebraten ohne Fett (Ofen),228,25.24,14.13,0.0,0.1928
"Quinoa weiß, gekocht",104,3.491,1.8,16.92,0.0057
"Kaninchen Fleisch, gebraten ohne Fett (Ofen)",154,25.7,5.7,0.0,0.148
"Schaf Kotelett, gegrillt",464,20.434,42.514,0.0,0.295
"Hammel Hirn, gekocht",126,12.182,8.565,0.0,0.198
Sushi Ingwer (Gari) Konserve,65,1.2,0.47,12.6,1.65
"Joghurt aus entrahmter Milch, max. 0,5 % Fett, mit Vanillezubereitung, Zucker und Süßungsmitteln",46,3.661,0.086,7.1,0.13
Deutsche Salami/Schinkensalami,386,21.81,33.08,0.18,3.8
"Goldbutt/Scholle, tiefgefroren, pochiert",63,13.37,1.043,0.0,0.352
Speisezwiebel getrocknet,315,10.832,1.406,56.33,0.21
Schalotte geschmort ohne Fett,41,2.5,0.1,4.0,0.035
Kaffee (Getränk) mit Zucker,9,0.12,0.0,1.861,0.01
Dinkelbrötchen mit Nüssen,312,10.7,6.54,50.0,1.355
Kabeljaurogen gesalzen,126,24.8,3.0,0.0,3.585
Roggenvollkornknäckebrot mit Kümmel,328,9.45,1.4,59.37,1.3272
Chinakohl gebraten ohne Fett (Pfanne),34,3.396,0.377,2.6,0.062
Lachs gebraten ohne Fett (Pfanne),208,23.631,12.6,0.0,0.0848
"Köhler/Seelachs, geräuchert",98,22.8,0.81,0.0,1.62
Gemüsesaft aus Spinat,10,1.4,0.24,0.44,0.182
Kalb Kotelett (Rücken) gebraten ohne Fett (Ofen),134,27.114,2.832,0.0,0.252
"Reismischung mit Wildreis, roh",360,9.573,2.263,73.43,0.01095
Tofu geschmort ohne Fett,116,16.422,5.233,0.0,0.025
Schwein Kochfleisch (Bauch) tiefgefroren,324,17.74,28.06,0.0,0.1522
"Kartoffel ungeschält, gebacken",100,2.5,0.2,20.717,0.005
"Ente Leber, tiefgefroren",121,18.7,4.64,1.2,0.27
Gänseei gekocht,177,13.9,13.3,0.34,0.345
Grenadier gedünstet,69,15.625,0.667,0.0,0.285
Kalb Steak (Rücken) gebraten ohne Fett (Pfanne),142,27.867,3.348,0.0,0.195
"Hirse Flocken, gekocht",67,2.23,0.59,12.77,0.0002
"Bohne grün, tiefgefroren",28,1.9,0.267,3.7,0.00495
Johannisbeerkompott ungesüßt,30,1.13,0.157,3.38,0.005
"Kräutertee (Getränk) mit Milch 3,5 % Fett und Zucker",9,0.12,0.11,1.93,0.01
Birnensaft,64,0.27,0.232,15.8,0.024375
"Hirsch Rücken, gebraten ohne Fett (Ofen)",140,26.808,3.66,0.0,0.182
Gemüsefenchel gebraten ohne Fett (Pfanne),51,2.642,0.377,6.46,0.128
Sonnenblumenkern geröstet ohne Fett,573,26.11,48.571,4.9,0.0
Schwein Unterschale (mit Rolle) gebraten ohne Fett (Ofen),256,25.55,17.07,0.0,0.159
Erdbeere getrocknet,323,7.059,3.443,50.932,0.022
Spinat gebraten ohne Fett (Pfanne),28,3.085,0.448,1.39,0.188
"Forelle tiefgefroren, gegrillt",161,25.003,6.523,0.0,0.352
Cashewkern geröstet ohne Fett,629,21.01,48.061,26.5,0.025
"Ganache/Canache, Überzug für Gebäck/Torten",405,4.27,29.04,29.5,0.048
Schweinebauch gebraten im Ofen (mit Fett und Salz),431,22.69,37.77,0.02,0.5772
"Knuspermüsli (Granola) gesüßt, gebacken",416,12.3,18.0,46.6,0.018
"Kalb Hals/Nacken/Kamm, geschmort ohne Fett",132,26.571,2.837,0.0,0.208
Thunfisch gegrillt,169,27.4,6.62,0.0,0.135
Gewürzplätzchen glutenfrei,471,3.232,22.104,64.0,0.102
Bitterschokolade mit Kaffee,563,9.1,41.33,33.7,0.02
"Schwein Stielkotelett, gebraten ohne Fett (Pfanne)",206,26.99,10.9,0.0,0.1398
Gemüse-Meerrettich (ohne Salz) Konserve,123,4.112,7.56,7.76,0.015
"Köhler/Seelachs, gegrillt",127,24.913,3.019,0.0,0.1708
Paranuss geröstet ohne Fett,716,16.96,69.49,2.8,0.0572
Rind Steak (Rücken) gegrillt,151,26.283,5.101,0.0,0.142
Rind Roastbeef (Rücken) gebraten ohne Fett (Ofen),160,29.124,4.811,0.0,0.158
"Nearwater/Aqua Plus Getränk, aromatisiert, gesüßt",13,0.0,0.0,3.2,0.008
"Gans Schenkel, mit Haut, gebraten ohne Fett (Pfanne)",206,24.49,11.96,0.0,0.2375
"Schaf Hinterhaxe, mittelfett, tiefgefroren",180,18.8,11.6,0.0,0.15
"Ente Brust, mit Haut, gebraten ohne Fett (Pfanne)",192,24.051,10.603,0.0,0.11
Wurzelpetersilie gebacken,89,3.388,0.553,16.2,0.035
"Schwein Niere, geschmort ohne Fett",113,19.938,3.719,0.0,0.318
Erdbeerjoghurt mit Sahne,96,2.56,4.8,9.65,0.06
"Weizen Vollkornschrot, gekocht",50,1.9931,0.276,8.928,0.002
Schinkenwaffeln (Rührmasse),334,12.42,18.94,27.3,0.782
"Gemüsepaprika grün, gegrillt",41,1.138,0.258,7.4,0.012
"Speisequarkzubereitung mind. 20 % Fett i. Tr., mit Vanillezubereitung, gesüßt",114,7.28,3.66,12.32,0.078
"Sojabohne reif, geröstet ohne Fett (Sojakerne)",392,38.2,18.64,6.7,0.012
Bratwurst geräuchert,264,19.74,20.53,0.12,2.5
"Rind Hüfte, gekocht",174,36.2,3.2,0.0,0.142
"Ente Fleisch, mit Haut, gegrillt",268,24.983,18.654,0.0,0.122
"Ei-Einlauf, Suppeneinlage",134,10.32,6.28,8.72,0.542
"Schaf Schnitzel (Keule, mittelfett) gebraten ohne Fett (Pfanne)",224,25.9,13.4,0.0,0.185
"Alaska-Pollack/Alaska-Seelachs, gebraten ohne Fett (Ofen)",77,16.9,1.05,0.0,0.335
Trüffelfüllcreme für Gebäck/Torten,428,4.04,32.59,27.7,0.045
"Schwein Hackfleisch, geschmort ohne Fett",393,27.71,31.36,0.0,0.1318
"Schaf Bratenfleisch (Bug, mager) geschmort ohne Fett",193,29.2,8.45,0.0,0.165
Pinienkern geröstet ohne Fett,673,16.4,63.2,6.3,0.432
Spinat gebacken,22,2.432,0.353,1.08,0.148
"Porridge ungesüßt, mit Sojadrink",96,5.5,2.458,11.2,0.081
Schwertfisch gebraten ohne Fett (Pfanne),124,23.038,3.5,0.0,0.27
Süßkirschkompott ungesüßt,59,0.75,0.258,12.77,0.0022
"Grießflammeri/Grießpudding, ohne Ei",118,4.32,3.21,17.66,0.12
"Rind Oberschale, gebraten ohne Fett (Ofen)",159,28.205,5.101,0.0,0.14
"Schaf Vorderhaxe, mager, gegrillt",161,29.7,4.72,0.0,0.285
"Schaf Bug/Schulter, mager, gekocht",206,31.2,9.01,0.0,0.175
Morchel gedünstet,41,3.504,0.451,0.8,0.008
Mehlmischung glutenfrei,348,2.6,0.68,81.8,0.01
Lammbraten ohne Sauce,166,26.77,6.55,0.02,0.645
Karpfen gebraten ohne Fett (Pfanne),138,21.375,5.83,0.0,0.08
"Schaf Niere, geschmort ohne Fett",162,29.8,4.72,0.0,0.545
"Hammel Lunge, gekocht",92,18.4,2.044,0.0,0.342
Schleie tiefgefroren,77,17.7,0.74,0.0,0.082
"Eierteigwaren mit Weizenkeimen, roh",367,15.46,2.69,67.47,0.04
"Hähnchen Brustfilet, gegrillt",140,30.29,2.05,0.0,0.1348
"Gerste Schrot, gekocht",51,1.749,0.317,9.5,0.005
Schwarzer Heilbutt geräuchert,232,17.3,18.1,0.0,1.3
"Pute Fleisch, mit Haut, tiefgefroren",157,20.2,8.5,0.0,0.158
"Köhler/Seelachs, tiefgefroren, gebraten ohne Fett (Ofen)",119,26.348,1.512,0.0,0.225
Schwarzwurzel gekocht,51,1.3,0.4,6.6,0.01
Weizenmischbrot mit Buttermilch,222,7.34,0.89,43.0,1.208
"Barsch/Flussbarsch, pochiert",73,16.83,0.6,0.0,0.125
Pumpernickel,176,4.845,1.455,31.1,1.07
Pommes frites,239,3.368,10.656,31.077,0.9568
"Schwein Brustspitze, geschmort ohne Fett",251,26.5,16.1,0.0,0.1512
Meeräsche gebraten ohne Fett (Pfanne),126,24.225,3.25,0.0,0.182
Meerbarbe gebraten ohne Fett (Pfanne),116,23.869,2.25,0.0,0.188
"Kaninchen Fleisch, tiefgefroren",133,20.8,5.5,0.0,0.132
"Schaf Vorderhaxe, mager, geschmort ohne Fett",159,30.3,4.19,0.0,0.192
"Speiseeis Vanille, überzogen mit Schokolade und Mandeln",326,4.9,20.1,30.07,0.142
Rotbarschfilet pochiert (ohne Sauce),90,14.5,3.51,0.0,0.298
Kalb Schnitzel (Keule) tiefgefroren,89,20.7,0.72,0.0,0.215
"Kuchenboden/Tortenboden (Mürbeteig, einfacher)",480,7.83,24.68,55.04,0.112
"Joghurt mind. 3,5 % Fett, mit Kaffeezubereitung, gesüßt",101,3.8,3.1,13.7,0.135
Reiswaffeln gesalzen,372,8.1,2.89,76.48,0.3
Reineclaude gedünstet,72,0.99,0.0,15.8,0.002
"Kaffeelikör/Schokoladenlikör, cremig, mit Milch/Sahne",262,0.75,10.178,18.0,0.03
Frühlingszwiebel/Lauchzwiebel (ohne Laub) gedünstet,32,0.9,0.147,5.87,0.032
Mehrkornschrot,329,10.97,3.09,58.0,0.022
"Hornfisch/Hornhecht, gebraten ohne Fett (Pfanne)",125,23.2,3.6,0.0,0.1648
Biskuitplätzchen,414,12.44,5.4,77.47,0.265
Streuselplätzchen (Mürbeteig),490,7.05,24.71,58.5,0.208
Süßkirsche getrocknet,277,3.537,1.218,60.25,0.002318
"Haferflockensuppe gesüßt, mit Milch 3,5 % Fett",103,4.75,4.32,10.9,0.125
"Cappuccino (Getränk) mit Milch 3,5 % Fett",50,2.9,2.79,3.22,0.072
"Schweinefleisch im eigenen Saft, mit Schwarten Konserve",297,17.6,25.0,0.42,1.5
Grünkohl gekocht,38,2.7,1.3,2.0,0.015
"Kekse/Plätzchen, salzig (Vollkornmürbeteig)",497,9.42,27.44,48.4,1.455
Zander gegrillt,105,24.5,0.79,0.0,0.075
"Kaffee (Getränk) mit Milch 3,5 % Fett",3,0.23,0.12,0.13,0.0125
Kürbis Pumpkin (C. pepo) geschmort ohne Fett,39,1.197,0.141,6.39,0.002422
"Ente Schenkel, mit Haut, tiefgefroren",212,17.17,15.96,0.0,0.258
Roggenbrötchen mit Mohn,275,8.45,3.43,48.0,1.39
"Pute Innereien, gebraten ohne Fett (Pfanne)",236,26.6,14.39,0.0,0.255
Schlehensaft,42,0.675,0.176,7.04,0.0024
Speisezwiebel gegrillt,54,1.827,0.242,9.69,0.038
"Goldbutt/Scholle, pochiert",66,15.0,0.7,0.0,0.1565
Yamswurzel gebraten ohne Fett (Pfanne),140,2.273,0.148,29.2,0.028
Gemüsesaft aus Knollensellerie,18,1.318,0.264,2.22,0.172
"Schaf Fleisch, fett- und sehnenarm, roh",125,20.0,5.0,0.0,0.23
"Schaf Gulasch (Bug, fett) geschmort ohne Fett",372,24.8,30.3,0.0,0.22
"Soja-Joghurtalternative gesüßt, aromatisiert, angereichert mit Vitaminen und Calcium",62,3.96,2.54,5.4,0.082
Hähnchenschenkel gekocht (mit Fett und Salz),292,22.86,22.32,0.0,0.454
"Schweinemedaillon natur, gebraten",129,28.6,1.6,0.0,0.6182
Forelle gebraten ohne Fett (Pfanne),181,25.593,8.58,0.0,0.12
Süßkirschsaft,60,0.81,0.248,13.8,0.000502
"Rind Bug/Schulter, geschmort ohne Fett",163,27.126,6.057,0.0,0.098
"Rind Fleisch, grob entsehnt, sichtbarer Fettanteil max. 5 % (R II) roh",156,20.758,8.11,0.0,0.158
"Rind Ochsenschwanz, geschmort ohne Fett",241,29.5,13.7,0.0,0.245
Gemüsefenchel gedünstet,26,1.373,0.196,3.37,0.065
"Schwein Stielkotelett, Kochpökelware, geräuchert",131,17.07,6.82,0.437,1.8
"Pangasius/Schlankwels, gedünstet",68,13.156,1.713,0.0,0.585
"Kalb Herz, tiefgefroren",109,15.9,5.06,0.0,0.26
"Gemüsepaprika gelb, gegrillt",30,0.843,0.215,4.755,0.002
Hering gebraten ohne Fett (Ofen),171,20.4,9.906,0.0,0.255
Seidentofu gargezogen,41,4.2,2.5,0.0,0.012
Artischocke gekocht,54,2.919,0.146,3.27,0.12
"Haferdrink gesüßt, aromatisiert",41,0.72,0.98,7.18,0.115
"Schwein Hintereisbein/Hinterhaxe, tiefgefroren",222,20.12,15.7,0.0,0.2122
Schafskopf (Meerbrasse) gebraten ohne Fett (Pfanne),120,24.0,2.71,0.0,0.188
Grüne-Bohnen-Suppe mit Gemüsebrühe und Kartoffeln,33,1.57,0.2,5.5,0.382
"Kalb Brust, gebraten ohne Fett (Ofen)",234,23.87,15.351,0.0,0.285
"Schaf Kotelett, gebraten ohne Fett (Pfanne)",393,19.39,35.068,0.0,0.262
Himbeere getrocknet,302,7.0,2.103,36.2,0.0088
Parmaschinken gekocht,323,32.345,20.939,0.16,4.882
"Vollkornblätterteig eifrei, roh",405,4.9,31.28,23.72,0.382
"Hammel Filet/Lende, gegrillt",260,25.646,17.537,0.0,0.248
Weißwein-Schorle mit Mineralwasser,33,0.051,0.0,0.16,0.0058
Schinkenplockwurst/Schinkenplockwurst luftgetrocknet,243,25.55,15.53,0.18,3.8
"Zartbitter-/Halbbitterschokolade, mit Mokka/Kaffee",523,7.0,31.4,48.3,0.025
Kürbis Hokkaido (C. maxima) geschmort ohne Fett,33,1.523,0.218,5.821,0.02
"Linse rot, reif, gekocht",113,8.8,0.76,16.3,0.005
Pralinen gefüllt mit Kokoscreme,575,5.36,38.94,49.5,0.158
Rotkohl gebacken,33,1.839,0.212,4.391,0.032
"Pferd Fleisch, geschmort ohne Fett",145,28.476,3.259,0.541,0.1
"Hase Fleisch, geschmort ohne Fett",155,30.627,3.594,0.0,0.098
"Hähnchen Fleisch, ohne Haut, gegrillt",172,27.8,6.7,0.0,0.22
Flunder gedünstet,79,14.7,2.28,0.0,0.405
Radler sauer (Pilsner Bier mit Mineralwasser),19,0.211,0.0,1.108,0.0052
"Hähnchen Leber, tiefgefroren",112,17.44,4.15,1.2,0.28
Landmettwurst,265,25.27,18.21,0.0,3.8
Champignon getrocknet,261,33.22,2.487,26.9,0.93788
"Sojadrink gesüßt, aromatisiert, angereichert mit Vitaminen und Calcium",58,3.01,2.212,5.69,0.142
Weizen gekocht (mit Fett und Salz),202,6.6158,4.416,30.575,0.385
Neuseeländer Spinat gedünstet,18,1.8,0.2,1.12,0.392
Meerforelle gebraten ohne Fett (Pfanne),126,21.8,4.06,0.0,0.155
Haselnusskugeln (Mürbeteig),553,9.6,37.75,41.8,0.075
Weißkohl gedünstet,35,1.502,0.207,4.93,0.012
Cornflakes mit Sojadrink und Ahornsirup gesüßt,134,3.81,1.34,25.4,0.275
Weißkohl gekocht,29,1.282,0.176,4.21,0.02
Rind Roulade (Oberschale) geschmort ohne Fett,163,28.836,5.326,0.0,0.095
"Batate/Süßkartoffel, gebraten ohne Fett (Pfanne)",135,1.852,0.682,28.6,0.012
Vanillehörnchen/Vanillekipferl (Mürbeteig),543,8.5,32.96,51.4,0.02
"Rentier Fleisch, geschmort ohne Fett",144,31.6,2.0,0.0,0.14
Joghurtbutter,611,1.98,66.19,1.59,0.05
Grünkohl gedämpft,44,3.437,0.553,2.75,0.045
"Lamm Brust, gekocht",372,23.823,30.769,0.0,0.185
"Rind Hinterhesse, gekocht",161,26.4,6.2,0.0,0.1412
"Schaf Vorderhaxe, mittelfett, geschmort ohne Fett",242,27.9,14.5,0.0,0.14
"Pute Keule, ohne Haut, gegrillt",176,31.538,5.554,0.0,0.298
Butter gesalzen,732,1.164,80.556,0.56,1.935
"Schwein Leber, tiefgefroren",131,20.96,4.77,1.0,0.2492
"Erbse grün, gebacken",103,6.9,0.565,14.474,0.005
Rind Kotelett (Rücken) tiefgefroren,130,22.45,4.45,0.0,0.138
Parfait/Halbgefrorenes,340,4.0,22.921,29.3,0.072
Heidelbeere gedünstet,64,0.5,0.632,10.21,0.005
Rotkohl gedünstet (mit Fett und Salz),45,0.977,2.753,2.85,0.208
"Pute Keule, ohne Haut, tiefgefroren",114,20.5,3.61,0.0,0.215
Kalb Bratenfleisch (Bug) gebraten ohne Fett (Ofen),120,27.503,1.092,0.0,0.235
Pfifferling gebraten ohne Fett (Pfanne),43,6.41,0.444,0.903,0.012
Pak Choi gekocht,15,1.653,0.184,1.0,0.03
Schwertfisch tiefgefroren,106,19.4,3.11,0.0,0.255
Orangennektar,38,0.375,0.0,8.551,0.005
"Cornflakes mit Milch 1,5 % Fett und Honig gesüßt",148,4.02,1.49,28.95,0.29
Parmaschinken gebraten ohne Fett (Pfanne),319,30.178,21.544,0.15,5.612
Kakaomasse,672,9.609,65.915,4.6,0.31
Holundersaft,57,2.02,1.36,6.91,0.002
Grießklößchen getrocknet,431,21.67,17.22,45.97,1.322
"Klippfisch 1/1 trocken (gesalzen, getrocknet)",185,44.7,0.72,0.0,19.0
Hartkaramelle (Bonbon) gefüllt,408,0.0,0.0,87.3,0.005
"Rind Herz, tiefgefroren",121,16.8,6.0,0.0,0.27
"Weizen-Radler, alkoholfrei (Weizenbier, alkoholfrei, mit Zitronenlimonade)",30,0.242,0.0,6.996,0.012
Rotkohl gedünstet,27,1.489,0.171,3.555,0.025
Ananas kandiert,208,0.3,0.0,51.1,0.01
"Sauce Hollandaise, Konserve",100,2.7,7.24,5.998,1.55
"Schwein Filet/Lende, gegrillt",154,29.97,3.78,0.0,0.151
"Hähnchenschenkel/Hähnchenkeule, gebraten im Ofen",307,24.8,23.05,0.0,0.6152
Schellfisch gegrillt,92,21.5,0.71,0.0,0.218
Weizenvollkornbrötchen,288,10.5,3.26,49.0,1.46
Soja-Bratlinge gebraten ohne Fett (Pfanne),287,20.1,20.13,6.0,1.735
Hirse gekocht,139,4.67,1.17,26.76,0.0002
"Schaf Bratenfleisch (Bug, fett) gebraten ohne Fett (Ofen)",351,23.3,28.6,0.0,0.295
"Cocktail, Kir Royal",90,0.0,0.0,4.8,0.01
"Dinkel Grieß, gekocht",37,1.36,0.2,7.14,0.0002
Steinpilz gedünstet,65,7.606,0.563,4.6,0.02
"Kaiserschmarren (mit Milch 1,5 % Fett) gebraten",244,8.1,12.6,23.3,0.185
Birkenpilz gebraten ohne Fett (Pfanne),76,7.705,1.016,5.36,0.008
Aprikosenkompott ungesüßt,38,0.7,0.116,7.323,0.005
"Schweinshaxe geschmort, ohne Sauce",300,29.71,20.15,0.02,0.7982
Spritzgebäck mit Mandeln (Rührmasse),528,7.07,31.18,53.08,0.032
Birnenkraut (ohne Zuckerzusatz),191,1.0,0.9,42.9,0.0061
"Rentier Fleisch, gebraten ohne Fett (Ofen)",144,31.6,2.0,0.0,0.2
"Baby-Pute Fleisch, mit Haut, geschmort ohne Fett",183,31.705,6.268,0.0,0.102
"Schaf Hinterhaxe, mittelfett, gebraten ohne Fett (Ofen)",219,25.2,13.1,0.0,0.18
"Garnele/Granat/Krabbe, gekocht",94,19.11,1.973,0.0,0.425
"Merlan/Wittling, gebraten ohne Fett (Pfanne)",100,21.8,1.47,0.0,0.215
"Köhler/Seelachs, tiefgefroren, gegrillt",107,23.507,1.427,0.0,0.23
Edel-Reizker gebraten ohne Fett (Pfanne),59,4.644,1.098,4.8,0.025
Trüffel gebraten ohne Fett (Pfanne),120,13.587,0.836,1.0,0.315
"Kartoffel geschält, gebacken",117,2.732,0.141,25.211,0.012
Erdbeersaft,30,0.738,0.32,5.325,0.00976
Rhabarberkompott zuckerreduziert,49,0.508,0.119,9.13,0.005
Rotzunge tiefgefroren,71,15.5,1.0,0.0,0.302
"Reis parboiled, poliert, geschmort ohne Fett",101,2.405,0.27,22.1,0.0
"Dorsch/Kabeljau, gedünstet",74,16.7,0.84,0.0,0.19
"Schaf Brust, fett, gekocht",480,17.5,45.5,0.0,0.185
"Frühlingszwiebel/Lauchzwiebel, gebraten ohne Fett (Pfanne)",43,3.0,0.3,4.7,0.048
"Schwein Kamm, gebraten ohne Fett (Ofen)",205,24.66,11.78,0.0,0.1505
Thunfisch gebraten ohne Fett (Pfanne),153,25.0,5.84,0.0,0.108
Limettensaft,24,0.45,0.2,1.52,0.0048
"Schaf Zunge, gekocht",229,18.6,17.2,0.0,0.145
"Reis poliert, gedämpft",108,2.446,0.181,23.8,0.01025
"Glasnudeln aus Mungbohnenstärke, gekocht",92,0.07,0.01,22.236,0.00922
Kalb Schnitzel (Keule) gebraten ohne Fett (Pfanne),126,29.224,0.974,0.0,0.19
"Rind Hals/Kamm/Nacken, tiefgefroren",149,19.25,8.05,0.0,0.108
"Ente gebraten im Ofen, mit Orangen und Sauce",307,21.5,23.3,2.01,0.515
"Wels tiefgefroren, gedünstet",117,13.5,7.0,0.0,0.048
"Pute Keule, ohne Haut, geschmort ohne Fett",136,26.943,3.094,0.0,0.122
Wachtelei gebraten ohne Fett (Pfanne),151,14.507,10.112,0.382,0.432
"Schwein Filet/Lende, gebraten ohne Fett (Ofen)",144,28.87,3.17,0.0,0.134
"Schaf Filetsteak, gegrillt",170,33.15,4.18,0.0,0.1708
"Ziege Fleisch, gebraten ohne Fett (Ofen)",154,26.382,5.411,0.0,0.185
Buchweizen gekocht,115,4.43,1.01,20.99,0.0002
Chicoree gebraten ohne Fett (Pfanne),38,4.509,0.34,2.4,0.218
"Hähnchen Unterschenkel, mit Haut, gebraten ohne Fett (Pfanne)",178,26.35,8.08,0.0,0.2918
"Ente Fleisch, mit Haut, gebraten ohne Fett (Ofen)",203,27.011,10.585,0.0,0.125
"Forelle tiefgefroren, pochiert",110,16.583,4.711,0.0,0.27
"Hühnerei Eigelb, gekocht",345,15.6,31.3,0.21,0.13
Seeteufel gedünstet,60,13.304,0.72,0.0,0.275
"Ente Fleisch, mit Haut, gebraten ohne Fett (Pfanne)",264,33.126,14.604,0.0,0.152
Traubensaft weiß,64,0.63,0.16,13.99,0.010775
"Hartweizen ganzes Korn, gekocht",184,7.69,1.17,32.52,0.0008
Eier gekocht,135,13.175,9.0,0.34,0.385
Rind Kotelett (Rücken) gebraten ohne Fett (Pfanne),166,29.124,5.532,0.0,0.158
Brennnessel gedünstet,49,7.84,0.649,1.392,0.0
"Schaf Hirn, gekocht",119,11.6,8.08,0.0,0.198
"Heilbutt/Weißer Heilbutt, tiefgefroren",133,20.1,5.83,0.0,0.168
"Ente Fleisch, mit Haut, geschmort ohne Fett",213,26.019,12.094,0.0,0.06
"Schaf Gulasch (Bug, mager) geschmort ohne Fett",187,28.4,8.19,0.0,0.16
"Gerste Grütze, gekocht",88,2.362,0.417,17.225,0.002
Zuckermais tiefgefroren,73,3.3,1.367,10.5,0.005
"Goldbutt/Scholle, tiefgefroren, gegrillt",111,23.988,1.719,0.0,0.548
Pastinake gedünstet,58,2.6348,0.422,9.5,0.02
Kabeljau pochiert (ohne Sauce),67,14.7,0.8,0.159,0.262
"Gans Innereien, geschmort ohne Fett",210,26.6,11.51,0.0,0.21
"Rind Bug/Schulter, gebraten ohne Fett (Ofen)",161,26.933,5.889,0.0,0.148
"Pilgermuschel/Jakobsmuschel, gratiniert ohne Fett (Ofen)",69,16.987,0.111,0.0,0.822
"Dinkelvollkornteigwaren eifrei, roh",347,13.88,2.38,62.19,0.005
Knoblauch Pulver,240,15.042,1.044,7.0,0.0489048
Gemüsefenchel gekocht,27,1.4,0.2,3.43,0.055
Röstzwiebeln,161,2.47,9.5,15.13,0.028
"Hammel Bug/Schulter, gekocht",399,24.7,33.333,0.0,0.242
"Pilgermuschel/Jakobsmuschel, tiefgefroren",63,15.6,0.1,0.0,0.74
"Hirsch Fleisch, tiefgefroren",112,20.6,3.34,0.0,0.158
Rotzunge gedünstet,64,13.839,0.95,0.0,0.305
Broccoli gebacken,50,5.101,0.8404,3.3,0.092
"Schwein Hintereisbein/Hinterhaxe, gebraten ohne Fett (Ofen)",271,27.31,17.94,0.0,0.2488
"Apfel geschält, gedünstet",51,0.2,0.3,11.02,0.002
"Hähnchen Brustfilet, gekocht",116,26.16,1.24,0.0,0.064
"Hammel Zunge, gekocht",197,16.031,14.8,0.0,0.198
"Hähnchen Brustfilet, gebraten ohne Fett (Pfanne)",137,30.79,1.59,0.0,0.147
Dinkelvollkorneierteigwaren roh,353,14.11,2.69,61.95,0.042
"Schwein Nuss, gebraten ohne Fett (Ofen)",135,27.95,2.63,0.0,0.1505
Kürbiskern geröstet ohne Fett,597,35.49,47.286,2.87,0.0672
"Kasseler, Rohpökelware, geräuchert, gekocht",146,31.096,2.437,0.0,3.312
Sanddornsaft,33,0.94,2.33,1.9,0.015
"Alaska-Pollack/Alaska-Seelachs, tiefgefroren, gegrillt",95,21.719,0.908,0.0,0.23
Hecht gebraten ohne Fett (Pfanne),99,21.8,1.27,0.0,0.2
Aal geschmort ohne Fett,284,14.2,25.3,0.0,0.172
"Gemüsepaprika grün, gedünstet",42,1.174,0.261,7.48,0.012
Pak Choi gedünstet,17,1.915,0.213,1.0,0.035
Weizen-Radler (Weizenbier mit Zitronenlimonade),40,0.307,0.0,5.861,0.012
"Schildmakrele/Stöcker, gedünstet",114,18.516,4.46,0.0,0.17
Kräutertee (Getränk) mit Alkohol,15,0.0,0.0,0.0,0.005
Kürbis Pumpkin (C. pepo) gekocht,38,1.151,0.136,6.08,0.001942
"Riegel aus Speiseeis, mit Karamell, überzogen mit Schokolade",347,3.3,16.9,42.2,0.185
"Cappuccino (Getränk) mit Milch 3,5 % Fett und Zucker",58,2.9,2.73,5.34,0.072
"Schaf Hals/Kamm/Nacken, geschmort ohne Fett",242,26.9,14.88,0.0,0.155
"Dorsch/Kabeljau, gebraten ohne Fett (Ofen)",92,20.9,0.91,0.0,0.19
Hecht pochiert,73,16.0,1.05,0.0,0.192
Shiitakepilz gebraten ohne Fett (Pfanne),48,4.1,0.3,3.9,0.0041
Pfifferling gedünstet,37,5.507,0.382,0.776,0.01
"Alaska-Pollack/Alaska-Seelachs, tiefgefroren, gebraten ohne Fett (Pfanne)",85,19.475,0.788,0.0,0.18
"Weiße Rübe/Wasserrübe/Herbstrübe, gedünstet",39,0.971,0.216,6.46,0.142
Tofu gargezogen,102,14.128,4.794,0.0,0.025
"Schwein Vordereisbein/Vorderhaxe, gegrillt",256,29.82,15.16,0.0,0.3055
Wirsing gekocht,32,2.452,0.282,3.6,0.02
Pfirsichkompott ungesüßt,35,0.6,0.098,7.17,0.0028
"Dinkel Vollkornschrot, gekocht",51,2.31,0.36,8.86,0.0002
Steinbutt gebraten ohne Fett (Pfanne),97,19.831,1.946,0.0,0.302
Zucchini gebraten ohne Fett (Pfanne),41,2.2,0.486,6.0,0.00458
"Kasseler, Rohpökelware, geräuchert, gegrillt",153,31.663,2.968,0.0,4.07
"Frischteigwaren eifrei, selbstgemacht, roh",231,7.85,0.79,46.38,1.0512
Litschisaft,72,0.77,0.24,16.6,0.005
"Schaf Bug/Schulter, fett, gebraten ohne Fett (Ofen)",351,23.3,28.6,0.0,0.295
"Pute Brust, ohne Haut, gekocht",104,24.648,0.619,0.0,0.052
"Merlan/Wittling, gedünstet",77,16.4,1.25,0.0,0.205
"Schwein Kammsteak, gebraten ohne Fett (Pfanne)",189,22.81,10.9,0.0,0.1442
Espresso (Getränk) mit Zucker,43,0.4,0.0,10.072,0.018
"Kartoffel geschält, geschmort ohne Fett",80,1.8,0.081,17.162,0.0058
Edel-Reizker gedünstet,51,3.99,0.944,4.2,0.02
"Schaf Hinterhaxe, mittelfett, geschmort ohne Fett",242,27.9,14.5,0.0,0.14
"Pute Flügel, mit Haut, gekocht",152,20.7,7.7,0.0,0.062
Chicoree gebacken,24,2.812,0.212,1.5,0.135
Hafervollkornbrot,194,5.83,1.53,34.0,1.142
"Barsch/Flussbarsch, tiefgefroren",79,18.4,0.6,0.0,0.118
Satsumasaft,39,0.7,0.24,7.68,0.0062
"Pfefferschote grün, gekocht",42,2.1,0.2,7.11,0.015
Sahneschokolade mit Mokka/Kaffee,560,7.2,35.5,51.2,0.168
Heidelbeersaft,47,0.4,0.48,8.73,6.692e-05
Kochbanane getrocknet,306,2.79,0.17,69.7,0.018
"Kalb Bug/Schulter, gebraten ohne Fett (Ofen)",120,27.503,1.092,0.0,0.235
"Hähnchen Flügel, mit Haut, tiefgefroren",199,18.33,13.94,0.0,0.2318
Buckellachs gebraten ohne Fett (Pfanne),145,24.9,5.0,0.0,0.165
Popcorn gesüßt,406,5.973,12.622,64.4,0.012
"Rind Zunge, gekocht",211,18.462,15.288,0.0,0.145
Biskuitboden glutenfrei,258,7.372,4.982,45.772,0.218
Süßkirsche gedünstet,81,1.034,0.356,17.62,0.000678
"Kalb Brust, geschmort ohne Fett",229,23.061,15.147,0.0,0.21
"Schwein Kammbraten, gebraten, ohne Fett (Ofen)",205,24.66,11.78,0.0,0.1505
Gelbflossen-Thun gedünstet,91,21.8,0.47,0.0,0.122
Gurke gebraten ohne Fett (Pfanne),28,1.8,0.339,3.33,0.012
Spinat gekocht,18,2.36,0.3,0.45,0.115
"Schwein Stielkotelett, tiefgefroren",175,21.02,10.08,0.0,0.1218
Colaweizen (Weizenbier mit Cola),41,0.307,0.0,6.377,0.002
Johannisbeersaft rot,30,1.294,0.16,3.86,0.005
"Gans Fleisch, ohne Haut, gegrillt",183,29.4,7.22,0.0,0.262
"Hühnerei Eiklar, gebacken",49,11.7,0.036,0.494,0.558
Sardelle gebraten ohne Fett (Pfanne),234,23.869,15.4,0.0,0.275
Schokobiskuitboden,290,11.59,6.78,44.4,0.278
Brennnessel gekocht,43,6.768,0.56,1.202,0.0
Chayote gebraten ohne Fett (Pfanne),58,1.32,0.169,9.86,0.008
"Schwein Filet/Lende, tiefgefroren",118,22.79,2.97,0.0,0.1225
Wildlachs geräuchert,120,21.483,3.78,0.0,0.13
"Kalb Leber, gebraten ohne Fett (Pfanne)",110,18.625,1.513,5.395,0.242
Grünkohl tiefgefroren,59,4.622,0.744,3.69,0.07
Schwein Roulade (Oberschale) gebraten ohne Fett (Pfanne),141,29.15,2.68,0.0,0.1352
"Schwein Herz, tiefgefroren",117,16.9,5.53,0.0,0.275
Schwein Dicke Rippe gekocht,256,28.54,15.81,0.0,0.1262
Blumenkohl gedämpft,35,2.399,0.277,5.28,0.028
"Reh Rücken, geschmort ohne Fett",152,29.151,3.89,0.0,0.172
"Reis Grieß, gekocht",55,1.143,0.103,12.2,0.0
Knoblauch gedünstet,96,5.931,0.412,3.0,0.0192838
Radieschen gedünstet,18,1.029,0.137,2.27,0.055
"Kalb Brust, tiefgefroren",201,18.4,14.2,0.0,0.262
"Hafer Flocken, gekocht",66,2.499,1.257,10.0,0.00092
Rotkohl gekocht,24,1.421,0.164,3.034,0.025
"Ziege Fleisch, geschmort ohne Fett",178,30.504,6.256,0.0,0.15
Semmelknödel roh,182,8.11,4.99,25.4,1.262
Schalotte gedünstet,33,2.0,0.1,3.2,0.028
"Schwein Ladenbauch, gebraten ohne Fett (Ofen)",364,22.77,30.34,0.0,0.1688
Kochbanane gedünstet,141,1.28,0.08,32.1,0.008
Kakisaft,56,0.6,0.24,12.712,0.0035
"Thunfisch tiefgefroren, gegrillt",131,30.87,0.84,0.0,0.205
Rind Bratenfleisch (Bug) gebraten ohne Fett (Ofen),161,26.933,5.889,0.0,0.148
"Gans Fleisch, mit Haut, tiefgefroren",342,15.7,31.0,0.0,0.215
"Hähnchen Flügel, mit Haut, geschmort ohne Fett",185,21.9,10.86,0.0,0.1205
"Pferd Fleisch, tiefgefroren",108,20.6,2.67,0.4,0.11
"Schaf Hinterhaxe, mittelfett, gekocht",259,29.8,15.5,0.0,0.15
Blumenkohl gedünstet,38,2.579,0.298,5.66,0.032
"Mandel süß, gemahlen",538,22.333,46.6,3.87,0.00518
"Buchweizen Grieß, gekocht",46,1.66,0.41,8.65,0.0
"Rind Tatar/Schabefleisch, tiefgefroren",115,22.0,3.0,0.0,0.165
"Brosme/Lumb, gebraten ohne Fett (Pfanne)",88,20.544,0.619,0.0,0.3
Weißkohl gebraten ohne Fett (Pfanne),60,2.608,0.358,8.56,0.022
"Schaf Leber, gebraten ohne Fett (Pfanne)",144,22.0,5.7,1.1,0.17
Champignon gekocht,39,4.99,0.374,4.0,0.11742
Himbeere gedünstet,45,1.1,0.316,5.4,0.0012
"Schaf Hals/Kamm/Nacken, gebraten ohne Fett (Ofen)",208,23.2,12.86,0.0,0.19
Karpfen pochiert,107,15.882,4.88,0.0,0.078
Hecht gedünstet,74,16.2,1.06,0.0,0.188
Sardine gebraten ohne Fett (Pfanne),175,23.038,9.17,0.0,0.36
"Schaf Brust, mittelfett, geschmort ohne Fett",242,29.1,14.0,0.0,0.202
"Heilbutt/Weißer Heilbutt, gedünstet",122,17.946,5.55,0.0,0.17
"Gans Fleisch, ohne Haut, gekocht",158,29.3,4.58,0.0,0.125
Heidelbeerkompott,65,0.4,0.451,12.2,0.005
"Schwein Hackfleisch, gebraten ohne Fett (Pfanne)",339,25.35,26.44,0.0,0.1672
Kalte Ente (Bowle aus Wein und Sekt),74,0.1,0.0,1.55,0.005
Bleichsellerie gebacken,20,1.412,0.1,1.9,0.23
Rind Steak (Rücken) gebraten ohne Fett (Ofen),162,29.523,4.877,0.0,0.16
Wachsbohne tiefgefroren,30,2.3,0.2,3.7,0.00495
Chicoree gedünstet,22,2.543,0.191,1.4,0.122
Europäische Auster gratiniert ohne Fett (Ofen),73,9.8,3.27,1.211,0.445
Rinderzunge gekocht,211,18.462,15.288,0.0,0.145
Grünkohl gedünstet,46,3.617,0.583,2.89,0.055
"Halloumi Grillkäse, gebacken",332,22.59,26.38,0.1,1.6488
Quitte gekocht,44,0.411,0.515,6.7,0.002
"Rind Tatar/Schabefleisch, gebraten ohne Fett (Pfanne)",148,28.541,3.73,0.0,0.155
"Schwein Hintereisbein/Hinterhaxe, gekocht",259,26.24,17.07,0.0,0.1385
"Schaf Vorderhaxe, mittelfett, gegrillt",256,27.3,16.3,0.0,0.21
"Mungbohne reif, gekocht",111,8.6,0.7,14.5,0.0012
"Lamm Nuss, gebraten ohne Fett (Ofen)",147,25.676,4.973,0.0,0.172
"Thunfisch tiefgefroren, gebraten ohne Fett (Pfanne)",119,28.165,0.741,0.0,0.165
"Schaf Keule, fett, geschmort ohne Fett",309,26.7,22.5,0.0,0.158
"Schaf Fleisch, grob entsehnt, roh",181,18.4,11.9,0.0,0.215
"Weizen Backschrot, Type 1700, gekocht",52,1.95,0.27,9.41,0.0002
"Dorsch/Kabeljau, gebraten ohne Fett (Pfanne)",93,21.1,0.94,0.0,0.19
Hühnerei pochiert,138,13.444,9.184,0.347,0.392
Chinakohl gebacken,21,2.118,0.235,1.62,0.038
Karpfen geräuchert,128,19.432,5.59,0.0,0.08
"Porree/Lauch, gekocht",26,2.006,0.2,3.0,0.002
Schwarztee (Getränk) mit Zucker,7,0.0,0.0,1.861,0.005
Clementinensaft,37,0.76,0.12,7.35,0.002
"Hirsch Fleisch, gebraten ohne Fett (Pfanne)",153,29.209,3.988,0.0,0.2
Hering gebraten ohne Fett (Pfanne),159,18.8,9.316,0.0,0.235
Forelle gegrillt,195,27.078,9.39,0.0,0.145
"Kalb Hackfleisch, roh",189,19.112,12.515,0.0,0.208
Romanesco gekocht,30,2.058,0.238,4.52,0.02
"Schwein Filetmedaillon, gegrillt",128,28.7,1.5,0.0,0.145
Pflaumensaft,41,0.27,0.136,9.64,0.0018
Traubensaft rot,70,0.54,0.08,15.75,0.0094905
"Gans Innereien, tiefgefroren",154,17.9,9.21,0.0,0.192
"Rind Roastbeef (Rücken) Rohpökelware, geräuchert",123,20.981,4.159,0.492,4.5
Schwein Schnitzel (Oberschale) gebraten ohne Fett (Ofen),131,28.12,2.027,0.0,0.198
"Dinkelteigwaren eifrei, roh",358,13.4,1.4,69.53,0.0035
Neuseeländer Spinat gebraten ohne Fett (Pfanne),23,2.2,0.3,1.39,0.485
"Hähnchen Fleisch, ohne Haut, gekocht",128,23.3,3.9,0.0,0.102
Sauerkirschkompott,96,0.679,0.377,21.436,0.005
Broccoli tiefgefroren,31,2.2,0.663,2.4,0.065
"Kasseler, Rohpökelware, geräuchert, gedünstet",155,32.781,2.618,0.0,3.418
Pfifferling geschmort ohne Fett,39,5.777,0.4,0.822,0.01
Tomate geschmort ohne Fett,27,1.176,0.136,4.06,0.012
"Joghurt 1,5 % Fett mit Erdbeeren",54,3.668,1.211,6.002,0.098
Rind Kochfleisch (Hüfte) gekocht,181,30.3,6.625,0.0,0.115
"Hähnchen Fleisch, ohne Haut, geschmort ohne Fett",190,33.8,6.1,0.0,0.142
"Käsealternative Mozzarella-Art, vegan",188,1.8,19.4,1.3,0.122
Venusmuschel tiefgefroren,73,14.7,0.96,1.4,0.822
"Erbse grün, tiefgefroren, gekocht",76,4.8,0.692,9.9,0.178
Königslachs tiefgefroren,180,19.9,11.2,0.0,0.12
Pfirsich gedünstet,45,0.8,0.125,9.11,0.001952
"Gans Innereien, gebraten ohne Fett (Pfanne)",236,26.6,14.39,0.0,0.255
Wirsing gedünstet,37,2.836,0.327,4.1,0.022
"Wildente Schenkel, mit Haut, gebraten ohne Fett (Ofen)",247,27.5,15.2,0.0,0.18
Sardelle gesalzen,211,20.128,14.5,0.0,14.895
Zander gesalzen,97,22.386,0.78,0.0,2.188
"Pommes frites tiefgefroren, frittiert, gesalzen",202,2.886,8.995,25.811,0.54
"Reh Keule, gebraten ohne Fett (Ofen)",143,32.27,1.587,0.0,0.202
"Edelkastanie/Marone, gekocht",197,2.779,1.843,38.316,0.005
"Heilbutt/Weißer Heilbutt, pochiert",136,20.1,6.22,0.0,0.198
Steinpilz gebraten ohne Fett (Pfanne),76,8.852,0.656,5.36,0.025
"Dicke Bohne unreif, gekocht",62,5.2,0.6,6.0,0.038
"Schaf Hals/Kamm/Nacken, gebraten ohne Fett (Pfanne)",224,24.9,13.8,0.0,0.202
"Taube Fleisch, mit Haut, gebraten ohne Fett (Ofen)",217,32.983,9.5,0.0,0.288
Austernpilz getrocknet,251,26.18,1.74,10.05,0.118
Quittensaft,38,0.378,0.4,7.3,0.005
Knollensellerie gekocht,26,1.368,0.291,2.44,0.155
"Milchmischgetränk > 1 % Fett, probiotisch, aromatisiert, gesüßt, angereichert mit Vitaminen",70,3.23,1.43,11.0,0.082
Dinkelbrötchen,287,10.8,3.58,49.0,1.472
Zuckererbse gedünstet,40,3.9,0.2,4.7,0.042
"Rote Rübe/Rote Bete, gekocht",58,1.6,0.3,11.0,0.13
Karpfen tiefgefroren,119,18.0,5.18,0.0,0.075
"Barsch/Flussbarsch, gebraten ohne Fett (Ofen)",95,22.13,0.7,0.0,0.128
"Kalb Filetsteak, gebraten ohne Fett (Pfanne)",157,27.879,5.041,0.0,0.082
"Sauerkraut abgetropft, gebraten ohne Fett (Pfanne)",42,2.123,0.585,1.87,2.245
Knollensellerie gebraten ohne Fett (Pfanne),55,2.87,0.611,5.13,0.358
"Gemüsepaprika gelb, gebacken",33,0.941,0.235,5.203,0.002
"Schwein Magen, gekocht",187,21.9,11.0,0.0,0.122
"Schwein Filetmedaillon, gebraten ohne Fett (Ofen)",127,28.8,1.3,0.0,0.134
"Lamm Brust, geschmort ohne Fett",378,24.195,31.25,0.0,0.188
"Kalb Nierenfett, tiefgefroren",671,8.2,70.9,0.0,0.072
"Porree/Lauch, tiefgefroren",32,0.9,0.278,5.0,0.0015
Schwarztee (Getränk) mit Sahne 30 % Fett,10,0.077,1.057,0.109,0.008
"Ente Schenkel, mit Haut, gegrillt",258,24.39,17.81,0.0,0.342
Kochbanane geschmort ohne Fett,162,1.46,0.09,36.8,0.01
"Hähnchen Brust, ohne Haut, gegrillt",138,28.41,2.74,0.0,0.1568
"Porree/Lauch, gebacken",43,2.518,0.294,6.0,0.0015
"Suppenhuhn Innereien, tiefgefroren",154,17.9,9.21,0.0,0.192
Lachsrogen gesalzen,126,24.8,3.0,0.0,3.585
Okra geschmort ohne Fett,35,2.285,0.218,3.36,0.01
"Hammel Bug/Schulter, gebraten ohne Fett (Ofen)",342,21.171,28.571,0.0,0.295
"Rind Herz, gebraten ohne Fett (Pfanne)",176,24.812,8.492,0.0,0.352
"Bohne grün, geschmort ohne Fett",32,2.518,0.27,3.9,0.00558
"Schaf Hinterhaxe, mittelfett, gegrillt",256,27.3,16.3,0.0,0.21
Kalb Steak (Rücken) gebraten ohne Fett (Ofen),150,30.4,3.176,0.0,0.282
Schwein Schnitzel (Nuss) gegrillt,140,28.24,3.05,0.0,0.165
Karpfen gedünstet,107,15.882,4.88,0.0,0.075
"Pute Fleisch, ohne Haut, gekocht",121,26.357,1.7,0.0,0.132
"Reh Rücken, gebraten ohne Fett (Ofen)",152,29.151,3.89,0.0,0.245
"Hase Fleisch, gebraten ohne Fett (Ofen)",135,26.649,3.127,0.0,0.122
"Forelle tiefgefroren, gebraten ohne Fett (Pfanne)",150,23.631,5.962,0.0,0.292
Aubergine gebraten ohne Fett (Pfanne),32,0.966,0.305,5.12,0.018
Kürbis Pumpkin (C. pepo) gedünstet,39,1.196,0.141,6.32,0.00242
Walnuss gemahlen,718,16.07,70.6,3.0,0.0
"Mandeldrink gesüßt, aromatisiert, angereichert mit Calcium",36,0.84,2.092,3.28,0.125
"Radler, alkoholfrei (Pilsner Bier, alkoholfrei, mit Zitronenlimonade)",28,0.208,0.0,6.474,0.012
Schwein Bauch (wie gewachsen) tiefgefroren,324,17.74,28.06,0.0,0.1522
"Hähnchen Herz, geschmort ohne Fett",152,15.85,9.87,0.0,0.1382
"Blei/Brachsen/Brasse, pochiert",82,13.833,2.94,0.0,0.08
Schwein Bauch (wie gewachsen) gegrillt,421,23.65,36.24,0.0,0.1902
"Schaf Hinterhaxe, mager, geschmort ohne Fett",159,30.3,4.19,0.0,0.192
"Schwein Brustspitze, gekocht",256,28.54,15.81,0.0,0.1262
Schwein Kotelett (Rücken/caudal) gebraten ohne Fett (Ofen),142,29.84,2.51,0.0,0.1198
Erdnuss-Krokant,546,18.8,32.3,37.4,0.008
Okra gedünstet,35,2.283,0.217,3.32,0.01
"Wildente Fleisch, mit Haut, tiefgefroren",206,17.4,15.2,0.0,0.14
Spinat tiefgefroren,20,2.313,0.316,0.98,0.132
"Schaf Schnitzel (Keule, mager) gegrillt",174,31.0,5.58,0.0,0.21
"Grünkern ganzes Korn, gekocht",173,5.84,1.34,31.23,0.0008
"Fasan Fleisch, mit Haut, gebraten ohne Fett (Ofen)",188,33.785,5.904,0.0,0.092
Ananassaftschorle,23,0.2,0.05,5.354,0.008
Bambussprossen gebraten ohne Fett (Pfanne),19,2.941,0.353,1.129,0.018
"Schaf Keule, mittelfett, gebraten ohne Fett (Ofen)",219,25.2,13.1,0.0,0.18
Kürbis Hokkaido (C. maxima) gebraten ohne Fett (Pfanne),56,2.593,0.37,9.811,0.032
Salzkartoffeln (Kartoffeln mit Salz gekocht),75,1.84,0.09,16.079,0.187
"Gans Fleisch, mit Haut, gegrillt",379,21.077,32.699,0.0,0.27
Flunder geräuchert,110,23.3,1.92,0.0,1.202
"Thunfisch tiefgefroren, gebraten ohne Fett (Ofen)",130,30.692,0.79,0.0,0.18
Weißkohl geschmort ohne Fett,57,2.443,0.336,8.1,0.022
"Pute Fleisch, mit Haut, gebraten ohne Fett (Pfanne)",216,27.494,11.806,0.0,0.185
Europäische Auster gedämpft,69,8.036,3.5,1.298,0.405
"Soja-Joghurtalternative gesüßt, aromatisiert",62,3.96,2.54,5.4,0.082
"Gemüsepaprika rot, gebraten ohne Fett (Pfanne)",61,1.737,0.339,10.49,0.0053
Buckellachs tiefgefroren,124,21.0,4.4,0.0,0.155
"Hammel Kotelett, gebraten ohne Fett (Pfanne)",393,19.39,35.068,0.0,0.262
"Kalb Filetsteak, gebraten ohne Fett (Ofen)",162,29.929,4.706,0.0,0.118
"Rotbarsch/Goldbarsch, gebraten ohne Fett (Pfanne)",108,18.2,3.9,0.0,0.212
"Pute Brust, ohne Haut, geschmort ohne Fett",145,34.111,0.914,0.0,0.07
"Schaf Schnitzel (Keule, mager) tiefgefroren",128,22.6,4.2,0.0,0.16
"Matjeshering mild gesalzen, geräuchert",294,17.273,24.398,0.0,6.748
Rind Roulade (Oberschale) gebraten ohne Fett (Pfanne),176,29.889,6.216,0.0,0.15
Steinpilz gebacken,64,7.5,0.556,4.54,0.02
"Roggen ganzes Korn, gekocht",161,5.871,0.86,28.738,0.005
"Hammel Kotelett, gegrillt",464,20.434,42.514,0.0,0.295
"Rind Hüfte, geschmort ohne Fett",152,31.5,2.85,0.0,0.12
"Sauerkraut abgetropft, geschmort ohne Fett",41,1.989,0.548,1.78,2.105
"Hähnchen Oberschenkel, mit Haut, geschmort ohne Fett",205,21.64,13.12,0.0,0.104
Tofu gebraten ohne Fett (Pfanne),157,21.579,7.425,0.0,0.042
"Rind Hüfte, gebraten ohne Fett (Ofen)",145,30.3,2.69,0.0,0.172
"Hähnchen Oberschenkel, mit Haut, gegrillt",309,27.42,22.14,0.0,0.2452
"Reis poliert, geschmort ohne Fett",111,2.428,0.167,24.4,0.00885
"Goldbutt/Scholle, gegrillt",105,23.7,1.1,0.0,0.2155
"Kaffee (Getränk) entkoffeiniert, mit Milch 3,5 % Fett",3,0.23,0.12,0.13,0.0125
"Kalb Herz, geschmort ohne Fett",175,27.175,7.36,0.0,0.282
"Ente Fleisch, ohne Haut, gebraten ohne Fett (Ofen)",144,28.8,3.2,0.0,0.3
"Schaf Vorderhaxe, mittelfett, gebraten ohne Fett (Ofen)",219,25.2,13.1,0.0,0.18
"Kohlrübe/Steckrübe, gekocht",38,0.7,0.1,7.0,0.01
Auberginenscheiben frittiert,76,0.642,6.097,3.59,0.322
"Schaf Keule, mager, gebraten ohne Fett (Ofen)",163,30.2,4.73,0.0,0.192
"Mischfett mit überwiegend Pflanzenfett, gesalzen, angereichert mit Vitaminen",496,0.39,54.33,1.24,1.0082
Karpfen gebraten ohne Fett (Ofen),150,23.425,6.24,0.0,0.088
"Wildkaninchen Fleisch, geschmort ohne Fett",143,29.6,2.77,0.0,0.112
"Hammel Herz, gebraten ohne Fett (Pfanne)",174,24.554,8.4,0.0,0.385
Kochbanane gebacken,152,1.39,0.08,34.7,0.01
"Kalb Leber, tiefgefroren",86,14.9,1.15,4.1,0.218
Sardelle gegrillt,246,24.622,16.4,0.0,0.325
Kalb Kotelett (Rücken) gebraten ohne Fett (Pfanne),142,27.867,3.348,0.0,0.195
"Kalb Bug/Schulter, tiefgefroren",94,21.2,1.01,0.0,0.218
Pflaume gedünstet,57,0.35,0.2,12.6,0.0022
Reisnudeln gekocht,91,1.889,0.15,20.4,0.032
"Dicke Bohne reif, gekocht",118,9.0,1.0,12.9,0.005
"Erbse grün, gebraten ohne Fett (Pfanne)",101,6.8,0.552,14.142,0.005
"Hähnchen Flügel, mit Haut, gebraten ohne Fett (Pfanne)",219,25.66,12.94,0.0,0.2815
Speisezwiebel gekocht,27,0.7,0.3,4.133,0.005
"Karotte/Möhre, tiefgefroren",40,0.75,0.421,6.471,0.0538
"Erbse grün, tiefgefroren, gebraten ohne Fett (Pfanne)",89,5.6,0.805,11.5,0.012
"Blei/Brachsen/Brasse, tiefgefroren",96,16.6,3.31,0.0,0.082
"Hammel Keule, gebraten ohne Fett (Ofen)",279,24.085,20.282,0.0,0.232
Schwein Dicke Rippe geschmort ohne Fett,251,26.5,16.1,0.0,0.1512
Rind Bratenfleisch (Bug) geschmort ohne Fett,163,27.126,6.057,0.0,0.098
Rind Filetsteak gebraten ohne Fett (Pfanne),157,27.879,5.041,0.0,0.118
"Reis parboiled, poliert, gekocht",110,2.68,0.32,23.8,0.002
Kürbis Pumpkin (C. pepo) gebraten ohne Fett (Pfanne),66,2.037,0.241,10.76,0.004125
"Rind Brustkern/Mittelbrust, gebraten ohne Fett (Ofen)",257,26.629,16.708,0.0,0.198
Ananas getrocknet,333,3.7,0.7,68.9,0.072
Schwein Bratenfleisch (Hüfte/Schinkenspeck) gebraten ohne Fett (Ofen),156,28.6,4.57,0.0,0.1315
Quarkblätterteig gebacken,509,10.29,36.48,33.3,0.142
"Hühnerei Eiklar, pochiert",42,10.1,0.031,0.418,0.472
"Ente Brust, mit Haut, gebraten ohne Fett (Ofen)",206,27.433,10.75,0.0,0.125
Grünkohl gebraten ohne Fett (Pfanne),79,6.209,1.0,4.95,0.092
Seehecht gedünstet,78,15.357,1.84,0.0,0.255
Kiwi gedünstet,62,0.9,0.5,10.3,0.008
Traubendicksaft,270,0.838,0.0,65.278,0.03
Spitzkohl gebraten ohne Fett (Pfanne),58,2.28,0.34,8.56,0.085
"Pute Fleisch, mit Haut, gegrillt",215,27.671,11.644,0.0,0.195
"Kaffee (Getränk) entkoffeiniert, mit Kondensmilch 7,5 % Fett",5,0.33,0.252,0.311,0.018
"Speiseeis (Nuss, Vanille) gemischt",217,2.89,11.48,24.69,0.0945
Geflügel-Wiener Würstchen gargezogen,214,13.21,17.25,0.97,1.8995
"Alaska-Pollack/Alaska-Seelachs, tiefgefroren, gebraten ohne Fett (Ofen)",106,24.344,0.962,0.0,0.225
"Kalb Herz, gebraten ohne Fett (Pfanne)",158,23.483,7.162,0.0,0.34
"Schaf Keule, mittelfett, geschmort ohne Fett",242,27.9,14.5,0.0,0.14
"Taube Fleisch, mit Haut, geschmort ohne Fett",202,32.047,8.233,0.0,0.15
Wildlachs gedünstet,163,17.355,10.419,0.0,0.118
"Kalb Niere, geschmort ohne Fett",219,31.73,10.192,0.0,0.662
"Kalb Keule, tiefgefroren",89,20.7,0.72,0.0,0.215
"Kohlrübe/Steckrübe, gedünstet",22,1.225,0.157,2.26,0.025
"Gerste Graupen, gekocht",114,3.8,0.471,22.9,0.005
"Karotte/Möhre, gebraten ohne Fett (Pfanne)",74,1.556,0.741,11.983,0.105
Brombeere gedünstet,52,1.37,0.2,10.8,0.002
Zander gebraten ohne Fett (Pfanne),102,23.75,0.74,0.0,0.065
"Rind Hochrippe, geschmort ohne Fett",199,28.407,9.471,0.0,0.102
Zander geräuchert,93,21.591,0.71,0.0,0.065
Papaya getrocknet,289,4.4,0.568,60.2,0.22
"Kaffee (Getränk) mit Haferdrink, ungesüßt",2,0.14,0.03,0.14,0.0135
Buckellachs gedünstet,110,18.3,4.1,0.0,0.152
Europäische Auster gegrillt,99,13.164,4.39,1.627,0.598
Okra gekocht,23,1.8,0.2,2.0,0.012
"Kasseler, Rohpökelware, geräuchert, gebraten ohne Fett (Ofen)",144,30.444,2.511,0.0,3.515
"Schwein Kochschinken, Kochpökelware, gebraten ohne Fett (Pfanne)",142,25.412,3.656,0.86,2.392
Zucchini gebacken,28,1.5,0.338,4.0,0.00318
Hering gesalzen,218,19.8,15.4,0.0,12.042
Knoblauch getrocknet,240,15.042,1.044,7.0,0.0489048
"Kalb Filet/Lende, tiefgefroren",101,21.2,1.82,0.0,0.238
"Kalb Lunge, gekocht",87,17.5,1.929,0.0,0.258
Eierteigwaren (mit Salz gekocht),129,5.2,0.785,24.647,0.358
Dörrpflaumenkompott,99,0.88,0.0,22.0,0.008
"Pangasius/Schlankwels, gebraten ohne Fett (Pfanne)",89,17.706,2.048,0.0,0.622
"Latte macchiato (Getränk) mit Milch 3,5 % Fett",50,2.9,2.79,3.22,0.072
Rhabarbersaft,12,0.51,0.112,1.087,0.005
"Kartoffel geschält, gekocht",76,2.0,0.1,15.832,0.0065
"Gans Fleisch, ohne Haut, gebraten ohne Fett (Pfanne)",186,35.1,5.09,0.0,0.292
"Schaf Filet/Lende, gebraten ohne Fett (Ofen)",225,24.0,14.3,0.0,0.215
"Schwarztee (Getränk) mit Milch 3,5 % Fett",2,0.12,0.12,0.13,0.008
Meerbarbe gedünstet,89,17.946,1.905,0.0,0.18
Miesmuschel gekocht,61,9.853,2.444,0.0,0.785
Champignon gegrillt,44,5.57,0.422,4.5,0.15895
"Erbse grün, gekocht",87,5.6,0.5,12.036,0.005
"Pfefferschote rot, gekocht",41,1.93,0.46,6.39,0.02
"Gemüsepaprika rot, gebacken",42,1.206,0.235,7.29,0.00368
Rind Filetsteak gegrillt,144,25.44,4.7,0.0,0.105
Dornhai gedünstet,169,11.25,13.81,0.0,0.042
"Einkorn ganzes Korn, gekocht",179,7.43,1.45,31.44,0.0008
Fleischwurst gebraten ohne Fett (Ofen),348,14.128,32.006,0.3,2.612
"Halloumi Grillkäse, gebraten ohne Fett (Pfanne)",307,21.69,24.0,0.1,1.6488
Mangosaft,51,0.6,0.36,11.0,0.02
"Schwein Kamm, Rohpökelware",162,18.07,9.74,0.47,4.5
Hallimasch gebraten ohne Fett (Pfanne),62,5.198,1.115,4.8,0.16938
"Mais Grütze, gekocht",52,1.375,0.448,9.974,0.0
"Alaska-Pollack/Alaska-Seelachs, pochiert",57,12.3,0.87,0.0,0.32
Tomate getrocknet,276,12.193,1.412,41.66,0.128
Kalb Kochfleisch (Brust) gekocht,231,23.895,14.992,0.0,0.145
"Köhler/Seelachs, gebraten ohne Fett (Pfanne)",116,22.942,2.689,0.0,0.1378
"Grünkern Vollkornschrot, gekocht",50,1.72,0.4,8.92,0.0002
"Gemüsepaprika gelb, gedünstet",30,0.87,0.217,4.807,0.002
"Lamm Kotelett, gebraten ohne Fett (Ofen)",293,27.897,20.19,0.0,0.202
"Ente Fleisch, ohne Haut, gebraten ohne Fett (Pfanne)",178,34.8,4.3,0.0,0.36
"Milchmischgetränk 1,5 % Fett, mit Kaffee, ungesüßt",36,2.88,1.26,3.17,0.074
"Lamm Kotelett, gegrillt",292,25.371,21.124,0.0,0.198
"Fleischkäse einfach, fein/Original Bayerischer Leberkäse fein, gekocht",211,12.06,17.65,0.5,1.2945
Wels gesalzen,147,17.125,8.7,0.0,2.172
Wurzelpetersilie gekocht,72,2.728,0.445,13.1,0.025
Roggenknäckebrot,334,9.4,1.34,62.0,1.295
Meeräsche tiefgefroren,108,20.4,2.89,0.0,0.172
"Frühlingszwiebel/Lauchzwiebel, gekocht",31,2.2,0.22,3.4,0.02
Kaffee (Getränk) mit Alkohol,16,0.11,0.0,0.0,0.01
"Hafer Schrot, gekocht",62,2.107,1.273,9.6,0.002
"Gemüsepaprika gelb, geschmort ohne Fett",31,0.87,0.218,4.859,0.002
"Schwein Bauch (wie gewachsen) Rohpökelware, geräuchert",374,18.0,33.3,0.492,3.5
Mangostanesaft,58,0.54,0.48,12.712,0.002
Kalb Gulasch (Bug) gebraten ohne Fett (Pfanne),120,27.136,1.239,0.0,0.175
"Schaf Bug/Schulter, mager, gebraten ohne Fett (Ofen)",176,26.7,7.73,0.0,0.212
Wurzelpetersilie geschmort ohne Fett,91,3.435,0.561,16.6,0.035
Meerforelle gedünstet,98,16.4,3.44,0.0,0.148
Schwarzwurzel tiefgefroren,62,1.463,0.453,8.8,0.012
"Kartoffel ungeschält, tiefgefroren",90,2.16,0.105,19.44,0.02
Schnecken tiefgefroren,68,14.4,1.2,0.0,0.175
"Hafer Grütze, gekocht",66,3.0,1.1,10.0,0.0025
Zucchini gekocht,22,1.3,0.3,3.0,0.0012
Wildlachs gebraten ohne Fett (Pfanne),208,23.631,12.6,0.0,0.128
Tomate Pulver,314,13.84,1.603,47.28,0.145
"Schaf Rücken, gegrillt",164,29.6,5.01,0.0,0.198
"Schwein Hackfleisch, gebraten ohne Fett (Ofen)",339,25.35,26.44,0.0,0.1612
Aal gedünstet,271,13.5,24.1,0.0,0.165
"Schaf Brust, fett, geschmort ohne Fett",487,17.8,46.2,0.0,0.188
Schwein Dicker Bug (mit Fett und Schwarte) gebraten ohne Fett (Ofen),240,27.3,14.56,0.0,0.1642
"Erbse reif, gekocht",117,8.745,0.558,14.9,0.02
Rind Roastbeef (Rücken) tiefgefroren,130,22.45,4.45,0.0,0.138
Butterpilz gebraten ohne Fett (Pfanne),52,4.177,0.59,5.36,0.025
"Schaf Kotelett, tiefgefroren",348,14.9,32.0,0.0,0.225
"Schaf Gulasch (Bug, fett) gebraten ohne Fett (Pfanne)",361,24.0,29.4,0.0,0.302
"Schwein Lachsbraten, gebraten, ohne Fett (Ofen)",142,29.84,2.51,0.0,0.1198
"Frühlingszwiebel/Lauchzwiebel, gebacken",31,2.2,0.22,3.4,0.035
Kochbanane gekocht,112,1.21,0.08,25.4,0.005
Zwetschge gedünstet,57,0.35,0.2,12.6,0.0022
Knoblauch gebraten ohne Fett (Pfanne),155,9.603,0.667,5.0,0.0312215
"Erbse grün, tiefgefroren, gedünstet",85,5.4,0.769,11.0,0.01
"Hähnchen Brust, ohne Haut, gebraten ohne Fett (Ofen)",148,31.16,2.59,0.0,0.1745
Rind Gulasch (Bug) geschmort ohne Fett,173,28.77,6.424,0.0,0.105
Johannisbeeren gezuckert,75,1.294,0.18,13.88,0.005
Rind Steak (Rücken) tiefgefroren,130,22.45,4.45,0.0,0.138
"Schwein Herz, geschmort ohne Fett",195,29.106,8.7,0.0,0.3055
Bambussprossen gekocht,18,2.679,0.321,1.028,0.012
"Schwein Zunge, gekocht",235,23.91,15.51,0.0,0.161
"Rotbarsch/Goldbarsch, gegrillt",112,18.7,4.16,0.0,0.25
Rind Fleisch (Keule) getrocknet,258,36.6,12.4,0.0,0.2615
"Schaf Filetmedaillon, gebraten ohne Fett (Pfanne)",156,31.38,3.44,0.0,0.151
"Schaf Bratenfleisch (Bug, fett) geschmort ohne Fett",383,25.5,31.2,0.0,0.228
"Hirsch Fleisch, geschmort ohne Fett",150,28.779,3.929,0.0,0.14
Maulbeersaft,44,1.23,0.31,7.3,0.012
"Rind Oberschale, gekocht",176,31.29,5.659,0.0,0.108
"Schwein Lunge, gekocht",107,13.5,5.929,0.0,0.252
"Rind Lunge, gekocht",96,18.1,2.578,0.0,0.33
"Schwein Vordereisbein/Vorderhaxe, gebraten ohne Fett (Ofen)",249,31.2,13.78,0.0,0.2942
"Hammel Niere, geschmort ohne Fett",169,31.35,4.848,0.0,0.692
"Schwein Hüfte/Schinkenspeck, geschmort ohne Fett",167,30.03,5.21,0.0,0.1032
Schwein Kotelett (Rücken/cranial) tiefgefroren,175,21.02,10.08,0.0,0.1218
"Rind Leberhack, tiefgefroren",131,19.21,3.66,5.3,0.29
Rind Kochfleisch (Bug) gekocht,170,28.406,6.211,0.0,0.108
Leng gedünstet,73,16.964,0.59,0.0,0.27
"Ente Fleisch, ohne Haut, geschmort ohne Fett",142,27.3,3.6,0.0,0.14
"Schaf Keule, fett, tiefgefroren",234,18.0,18.0,0.0,0.168
Lachs gebraten ohne Fett (Ofen),198,22.777,11.875,0.0,0.0818
Weißer Thun gebraten ohne Fett (Pfanne),143,32.3,1.54,0.0,0.2065
"Hähnchen Unterschenkel, mit Haut, gebraten ohne Fett (Ofen)",174,24.41,8.47,0.0,0.2555
"Wildschwein Fleisch, tiefgefroren",162,19.5,9.3,0.0,0.235
"Pferd Fleisch, gebraten ohne Fett (Ofen)",150,29.516,3.268,0.585,0.138
Schalotte gekocht,33,2.0,0.1,3.2,0.018
Spargel gebraten ohne Fett (Pfanne),53,3.698,0.294,7.51,0.0101
"Garnele/Granat/Krabbe, tiefgefroren",87,18.6,1.44,0.0,0.365
"Hähnchen Unterschenkel, mit Haut, geschmort ohne Fett",142,21.07,6.36,0.0,0.117
"Schaf Bug/Schulter, fett, tiefgefroren",294,17.2,25.0,0.0,0.242
"Schwein Kammsteak, gebraten ohne Fett (Ofen)",205,24.66,11.78,0.0,0.1505
Bachsaibling geräuchert,150,22.9,6.5,0.0,0.122
"Roggen Flocken, gekocht",50,1.523,0.288,9.11,0.002
Pfifferling gebacken,36,5.431,0.376,0.765,0.01
"Rind Hals/Kamm/Nacken, geschmort ohne Fett",186,25.85,9.2,0.0,0.092
Pak Choi gebraten ohne Fett (Pfanne),31,3.396,0.377,1.9,0.062
Reis gekocht,112,2.535,0.188,24.6,0.252
Kürbis Hokkaido (C. maxima) gekocht,30,1.4,0.2,5.298,0.015
"Ente Brust, mit Haut, gegrillt",250,23.339,17.426,0.0,0.115
Schwein Bauch (wie gewachsen) gekocht,357,22.49,29.64,0.0,0.0965
"Kartoffel ungeschält, gebraten ohne Fett (Pfanne)",111,2.66,0.13,23.98,0.02
"Schaf Vorderhaxe, mager, gekocht",169,32.3,4.47,0.0,0.205
"Reh Keule, geschmort ohne Fett",143,32.27,1.587,0.0,0.142
"Rind Vorderhesse, geschmort ohne Fett",163,27.126,6.057,0.0,0.098
"Kalb Bries, gekocht",112,20.104,3.532,0.0,0.17
"Schaf Rücken, gebraten ohne Fett (Ofen)",174,32.6,4.79,0.0,0.202
"Eierteigwaren Tortellini (Fleischfüllung) getrocknet, gekocht",140,5.319,2.76,23.133,0.425
Kürbis Pumpkin (C. pepo) gebacken,42,1.294,0.153,6.84,0.00262
Speisezwiebel Pulver,334,11.489,1.491,59.76,0.222
Eier pochiert (verlorene Eier),136,13.308,9.091,0.343,1.375
Champignon geschmort ohne Fett,42,5.41,0.405,4.4,0.15268
"Gemüsepaprika grün, gebacken",45,1.271,0.282,8.11,0.015
Große Sandklaffmuschel gekocht,54,9.844,1.638,0.0,0.322
Schwarzwurzel geschmort ohne Fett,73,1.658,0.513,10.5,0.015
"Schaf Filetsteak, gebraten ohne Fett (Ofen)",146,29.26,3.21,0.0,0.1408
"Köhler/Seelachs, tiefgefroren, gebraten ohne Fett (Pfanne)",95,21.078,1.238,0.0,0.18
"Kalb Unterschale/Schwanzstück, gebraten ohne Fett (Ofen)",114,26.854,0.778,0.0,0.232
"Schwein Hüfte/Schinkenspeck, gebraten ohne Fett (Ofen)",156,28.6,4.57,0.0,0.1315
Spitzkohl gekocht,29,1.12,0.17,4.21,0.04
"Milchmischgetränk < 1 % Fett, aromatisiert, gesüßt",56,3.213,0.066,10.512,0.125
Mohn gemahlen,521,23.821,42.2,2.99,0.052
"Taube Fleisch, mit Haut, tiefgefroren",169,20.9,9.5,0.0,0.225
"Batate/Süßkartoffel, frittiert, gesalzen",300,2.833,11.525,43.8,0.772
"Hase Fleisch, tiefgefroren",113,21.6,3.01,0.0,0.11
Blumenkohl gekocht,37,1.9,0.9,5.09,0.018
"Gerste Flocken, gekocht",56,1.903,0.355,10.6,0.008
Kürbis Hokkaido (C. maxima) gedünstet,33,1.522,0.217,5.759,0.02
"Lamm Herz, gebraten ohne Fett (Pfanne)",178,25.7,8.4,0.0,0.382
"Schwein Hirn, gekocht",116,11.224,7.941,0.0,0.202
"Hähnchen Herz, tiefgefroren",165,13.09,12.5,0.0,0.2625
Schwein Kotelett (Rücken/cranial) gebraten ohne Fett (Ofen),203,26.63,10.75,0.0,0.133
"Gans Fleisch, mit Haut, gekocht",260,20.186,19.929,0.0,0.122
"Johannisbeere rot, gedünstet",41,1.514,0.211,4.52,0.005
"Goldbutt/Scholle, gedünstet",69,15.4,0.8,0.0,0.1548
Schleie geräuchert,84,19.108,0.799,0.0,0.09
Seehecht tiefgefroren,86,17.2,1.93,0.0,0.252
"Schaf Schnitzel (Keule, mittelfett) gegrillt",242,25.8,15.4,0.0,0.198
"Lamm Zunge, gekocht",238,17.6,18.6,0.0,0.145
Grenadier gebraten ohne Fett (Pfanne),90,20.781,0.788,0.0,0.3
Broccoli gekocht,33,3.3,0.5,2.5,0.015
"Fleischkäse einfach, fein/Original Bayerischer Leberkäse fein, gebraten ohne Fett (Ofen)",283,15.59,24.01,0.67,2.26
"Köhler/Seelachs, tiefgefroren, pochiert",86,18.75,1.239,0.0,0.21
"Reh Keule, gekocht",129,29.043,1.429,0.0,0.128
"Schaf Brust, fett, gebraten ohne Fett (Ofen)",433,15.8,41.1,0.0,0.235
"Pute Brust, ohne Haut, tiefgefroren",105,24.1,0.99,0.0,0.115
"Rind Hinterhesse, geschmort ohne Fett",177,28.7,6.9,0.0,0.1472
Hummer gekocht,80,14.722,2.346,0.0,0.708
Spitzkohl gebacken,36,1.42,0.21,5.33,0.052
"Katfisch/Steinbeißer, gebraten ohne Fett (Pfanne)",97,18.762,2.4,0.0,0.28
"Wildente Schenkel, mit Haut, gebraten ohne Fett (Pfanne)",236,25.8,14.7,0.0,0.18
"Schaf Herz, geschmort ohne Fett",196,29.6,8.57,0.0,0.252
Gemüsefenchel gebacken,32,1.647,0.235,4.04,0.08
"Ente Fleisch, ohne Haut, gekocht",135,25.9,3.5,0.0,0.138
"Köhler/Seelachs, tiefgefroren, gedünstet",76,16.641,1.1,0.0,0.18
Brombeere getrocknet,305,8.02,1.2,63.1,0.015
Schwarzer Heilbutt tiefgefroren,161,13.217,12.0,0.0,0.215
Aal gebraten ohne Fett (Pfanne),309,16.9,26.8,0.0,0.162
Portulak gedünstet,16,1.577,0.362,0.625,0.005
Schaf Gulasch (Hals/Kamm/Nacken) geschmort ohne Fett,234,26.1,14.42,0.0,0.15
"Porree/Lauch, gebraten ohne Fett (Pfanne)",57,3.397,0.397,8.0,0.002
"Gans Schenkel, mit Haut, tiefgefroren",231,17.17,18.073,0.0,0.19
Champignon gebraten ohne Fett (Pfanne),47,6.0,0.449,4.8,0.16938
"Fleischkäse einfach, fein/Original Bayerischer Leberkäse fein, gebraten ohne Fett (Pfanne)",271,14.4,23.24,0.63,2.1595
Schwein Bauch (wie gewachsen) gebraten ohne Fett (Ofen),364,22.77,30.34,0.0,0.1688
"Perlhuhn Fleisch, mit Haut, gebraten ohne Fett (Ofen)",167,29.9,5.23,0.0,0.175
"Katfisch/Steinbeißer, tiefgefroren",82,15.8,2.13,0.0,0.262
Schwarzer Heilbutt gedünstet,147,11.526,11.2,0.0,0.212
Birkenpilz gedünstet,65,6.62,0.873,4.6,0.008
"Suppenhuhn Innereien, gebraten ohne Fett (Pfanne)",240,27.0,14.62,0.0,0.26
"Hammel Brust, gebraten ohne Fett (Ofen)",433,15.833,41.111,0.0,0.275
Schwein Oberschale (ohne Deckel) gebraten ohne Fett (Ofen),143,29.54,2.71,0.0,0.1322
"Hammel Kotelett, gebraten ohne Fett (Ofen)",456,22.468,40.635,0.0,0.302
Pastinake geschmort ohne Fett,71,3.2056,0.513,11.7,0.025
"Schaf Brust, mittelfett, gebraten ohne Fett (Ofen)",215,25.9,12.4,0.0,0.255
"Hühnerei Eiklar, gebraten ohne Fett (Pfanne)",46,10.9,0.034,0.461,0.52
Wirsing gebraten ohne Fett (Pfanne),69,5.243,0.604,7.8,0.042
"Hühnerei Eigelb, gebraten ohne Fett (Pfanne)",386,17.2,35.169,0.236,0.145
"Kichererbse reif, gekocht",151,8.4,3.0,17.4,0.002
"Gemüsepaprika rot, gedünstet",39,1.114,0.217,6.73,0.0034
"Rind Brustkern/Mittelbrust, geschmort ohne Fett",247,25.319,16.224,0.0,0.122
Leng gebraten ohne Fett (Pfanne),97,22.562,0.698,0.0,0.285
Wurzelpetersilie gedünstet,74,2.824,0.461,13.5,0.03
"Wachtel Fleisch, ohne Haut, gebraten ohne Fett (Pfanne)",155,29.7,4.03,0.0,0.15
Weißer Thun gedünstet,109,24.3,1.3,0.0,0.1965
Knoblauch geschmort ohne Fett,122,7.487,0.52,4.0,0.024341
Steinbutt gedünstet,74,14.911,1.648,0.0,0.288
"Pilgermuschel/Jakobsmuschel, gegrillt",93,22.818,0.149,0.0,1.105
Sprotte gedünstet,174,14.9,12.7,0.0,0.228
"Rind Herz, geschmort ohne Fett",197,29.244,8.889,0.0,0.3
"Rind Keule, gebraten ohne Fett (Ofen)",171,26.2,7.4,0.0,0.1655
"Rind Leber, tiefgefroren",131,19.21,3.66,5.3,0.29
"Bohne grün, gekocht",34,2.1,0.3,4.06,0.004
Zander pochiert,69,15.957,0.56,0.0,0.055
"Hähnchen Oberschenkel, mit Haut, gebraten ohne Fett (Pfanne)",243,25.49,15.72,0.0,0.2448
"Schaf Vorderhaxe, mittelfett, gekocht",259,29.8,15.5,0.0,0.15
"Karotte/Möhre, geschmort ohne Fett",48,1.002,0.477,7.797,0.0678
"Pute Fleisch, ohne Haut, gegrillt",134,26.974,2.9,0.0,0.275
Pastinake gekocht,72,1.2,0.7,13.7,0.008
"Hammel Brust, gekocht",480,17.538,45.538,0.0,0.215
"Rotbarsch/Goldbarsch, gebraten ohne Fett (Ofen)",108,18.4,3.87,0.0,0.215
"Schaf Hinterhaxe, mager, gegrillt",161,29.7,4.72,0.0,0.285
Weißkohl gebacken,37,1.626,0.224,5.33,0.015
"Schwein Vordereisbein/Vorderhaxe, gekocht",238,29.99,13.11,0.0,0.1638
Spargel tiefgefroren,32,2.178,0.173,4.42,0.00595
Wildreis gekocht,140,5.074,0.349,28.36,0.00472
"Dorsch/Kabeljau, tiefgefroren, gedünstet",68,15.527,0.6,0.0,0.242
"Edelkastanie/Marone, gebacken",229,3.179,2.065,44.783,0.005
"Schwein Schmetterlingssteak, gegrillt",216,34.1,8.9,0.0,0.135
Kalb Steak (Rücken) tiefgefroren,107,20.9,2.62,0.0,0.232
Tomate gedünstet,24,1.08,0.125,3.69,0.012
Hühnerei gekocht,144,14.1,9.6,0.34,0.375
"Schwein Hackfleisch, gekocht",345,25.95,26.78,0.0,0.1488
"Kasseler, Rohpökelware, geräuchert, geschmort ohne Fett",133,28.29,2.259,0.0,2.528
Dornhai gebraten ohne Fett (Pfanne),195,14.082,15.353,0.0,0.042
"Kalb Bug/Schulter, geschmort ohne Fett",116,26.571,1.077,0.0,0.175
Sesam geröstet ohne Fett,575,20.896,51.429,1.448,0.11
"Halloumi Grillkäse, gegrillt",320,22.14,25.32,0.1,1.6488
"Hähnchen Brustfilet, geschmort ohne Fett",134,30.13,1.53,0.0,0.072
Bleichsellerie gebraten ohne Fett (Pfanne),32,2.264,0.2,3.0,0.368
"Dorsch/Kabeljau, tiefgefroren, gebraten ohne Fett (Ofen)",93,21.553,0.723,0.0,0.265
"Gemüseartischocke/Kardone, gekocht",22,0.9,0.1,3.27,0.43
Schwein Kotelett (Rücken/cranial) gegrillt,226,27.64,12.84,0.0,0.15
"Köhler/Seelachs, gebraten ohne Fett (Ofen)",134,26.6,3.048,0.0,0.1598
Schwein Kotelett (Rücken/cranial) geschmort ohne Fett,219,27.53,12.07,0.0,0.103
"Schaf Vorderhaxe, mager, gebraten ohne Fett (Ofen)",143,27.3,3.77,0.0,0.245
Tintenfisch gebraten ohne Fett (Pfanne),87,19.119,1.22,0.0,1.028
Birne getrocknet,231,1.194,1.154,52.36,0.007738
Lachs gedünstet,163,17.355,10.419,0.0,0.0788
Erdbeere gedünstet,40,0.863,0.421,6.229,0.002
Zuckererbse tiefgefroren,40,4.0,0.2,4.6,0.04
"Hirse Schrot, gekocht",45,1.53,0.39,8.53,0.0
Pelamide gebraten ohne Fett (Pfanne),162,26.6,6.21,0.0,0.115
Rotkohl gebraten ohne Fett (Pfanne),53,2.949,0.34,7.042,0.052
"Pute Keule, ohne Haut, gebraten ohne Fett (Ofen)",189,34.692,5.554,0.0,0.265
"Schwein Herz, gebraten ohne Fett (Pfanne)",160,24.7,6.81,0.0,0.3595
Schwein Gulasch (Restbug) geschmort ohne Fett,161,29.42,4.79,0.0,0.136
Yamswurzel gebacken,158,2.564,0.167,33.0,0.032
Tomate gebacken,25,1.118,0.129,3.82,0.012
"Rebhuhn Fleisch, gebraten ohne Fett (Ofen)",324,54.4,11.8,0.0,0.315
"Schwein Schmetterlingssteak, gebraten ohne Fett (Ofen)",176,28.8,6.7,0.0,0.1212
Sauerkirschsaft,62,0.81,0.4,12.853,0.002
"Teigwaren eifrei, gekocht",146,5.4,0.702,28.68,0.0018
"Geflügel Dönerfleisch, gegrillt",268,27.65,17.48,0.0,3.078
"Hähnchen Flügel, mit Haut, gegrillt",286,28.8,19.03,0.0,0.2942
"Blei/Brachsen/Brasse, geräuchert",104,17.92,3.57,0.0,0.09
Leinsamen geschrotet,468,22.27,36.5,1.7,0.142
Hühnerei gebacken,161,15.556,10.843,0.41,0.465
"Roggen Vollkornschrot, gekocht",47,1.31,0.2,8.52,0.0002
"Schwein Filetmedaillon, gebraten ohne Fett (Pfanne)",144,28.87,3.17,0.0,0.1388
Gurke geschmort ohne Fett,18,1.155,0.218,2.17,0.008
Königslachs gebraten ohne Fett (Pfanne),208,23.631,12.6,0.0,0.128
Sprotte gebraten ohne Fett (Pfanne),197,18.2,13.8,0.0,0.22
"Karotte/Möhre, gekocht",34,0.5,0.5,5.415,0.072
"Vollkornteigwaren eifrei, gekocht",130,5.4,1.11,22.6,0.002
"Barsch/Flussbarsch, gebraten ohne Fett (Pfanne)",94,21.85,0.7,0.0,0.125
"Porree/Lauch, gedünstet",37,2.277,0.266,5.0,0.0012
"Schwein Hackfleisch, gegrillt",363,24.52,29.41,0.0,0.1695
Rind Gulasch (Bug) tiefgefroren,128,20.2,5.3,0.0,0.125
Geflügelmortadella gebraten ohne Fett (Ofen),231,12.967,19.09,0.009,2.18
"Alaska-Pollack/Alaska-Seelachs, tiefgefroren, gedünstet",65,14.643,0.667,0.0,0.172
"Kalb Filet/Lende, gebraten ohne Fett (Ofen)",135,29.074,2.08,0.0,0.272
Dorschleber gebraten ohne Fett (Pfanne),651,5.2,70.0,0.0,0.1275
"Kartoffel ungeschält, gekocht",71,1.8,0.6,13.641,0.008
"Dorsch/Kabeljau, tiefgefroren, gebraten ohne Fett (Pfanne)",85,19.667,0.675,0.0,0.242
Seezunge gebraten ohne Fett (Pfanne),102,20.781,2.09,0.0,0.265
Pelamide gedünstet,127,20.0,5.26,0.0,0.11
"Schaf Filet/Lende, gegrillt",260,25.6,17.5,0.0,0.248
"Stielmus/Rübstiel, gebraten ohne Fett (Pfanne)",27,2.2,0.4,1.21,0.15
Zuckermais gekocht,61,3.012,1.13,8.6,0.005
"Hähnchen Brustfilet, tiefgefroren",109,23.25,1.81,0.0,0.128
Frühlingszwiebel/Lauchzwiebel (ohne Laub) gebacken,38,1.1,0.176,7.05,0.038
"Edelkastanie/Marone, gegrillt",228,3.116,2.065,44.783,0.005
"Wachtel Fleisch, ohne Haut, gebraten ohne Fett (Ofen)",178,34.4,4.53,0.0,0.162
"Schaf Filetmedaillon, tiefgefroren",118,22.79,2.97,0.0,0.1225
"Frühlingszwiebel/Lauchzwiebel, gedünstet",27,1.9,0.19,3.0,0.03
Fleischwurst gebraten ohne Fett (Pfanne),318,12.9,29.223,0.27,2.385
"Schaf Schnitzel (Keule, mittelfett) gebraten ohne Fett (Ofen)",215,24.8,12.9,0.0,0.178
"Hammel Brust, geschmort ohne Fett",487,17.812,46.25,0.0,0.218
"Hähnchen Brust, ohne Haut, geschmort ohne Fett",131,28.26,2.05,0.0,0.084
"Bohne grün, gedünstet",30,2.381,0.255,3.7,0.00528
Aprikose gedünstet,47,0.9,0.148,9.341,0.005
Miesmuschel tiefgefroren,60,10.51,1.955,0.0,0.74
"Goldbutt/Scholle, tiefgefroren, gedünstet",69,14.643,1.143,0.0,0.372
Tintenfisch tiefgefroren,73,16.1,0.98,0.0,0.968
"Erbse grün, gedünstet",97,6.5,0.527,13.52,0.005
"Rind Bug/Schulter, tiefgefroren",128,20.2,5.3,0.0,0.125
Hühnerei gebraten ohne Fett (Pfanne),151,14.507,10.112,0.382,0.432
Eierteigwaren gekocht,130,5.2,0.91,24.72,0.245
"Pute Flügel, mit Haut, geschmort ohne Fett",176,23.2,9.2,0.0,0.07
"Sauerkraut abgetropft, gekocht",18,1.066,0.294,0.94,1.015
Honigmelonensaft,35,0.429,0.1,8.08,0.032
"Gans Fleisch, mit Haut, gebraten ohne Fett (Ofen)",257,22.73,18.507,0.0,0.272
"Forelle tiefgefroren, gebraten ohne Fett (Ofen)",163,25.897,6.389,0.0,0.32
"Schaf Filet/Lende, tiefgefroren",194,18.7,13.2,0.0,0.188
"Gemüsepaprika grün, gekocht",38,1.092,0.243,6.95,0.01
"Gans Fleisch, ohne Haut, gebraten ohne Fett (Ofen)",176,34.0,4.39,0.0,0.285
Aubergine gekocht,23,0.7,0.5,3.0,0.002
Palmenherz gekocht,30,2.6,0.2,3.78,0.028
"Kaninchen Fleisch, geschmort ohne Fett",177,29.5,6.6,0.0,0.118
"Kartoffel geschält, gebraten ohne Fett (Pfanne)",115,2.694,0.139,24.861,0.0118
"Gans Fleisch, mit Haut, gebraten ohne Fett (Pfanne)",296,24.173,22.143,0.0,0.29
Wachsbohne gedünstet,29,2.2,0.2,3.7,0.00528
"Suppenhuhn Schenkel, mit Haut, tiefgefroren",257,18.5,20.3,0.0,0.1612
"Kalb Hals/Nacken/Kamm, gekocht",135,27.257,2.85,0.0,0.168
Kalb Steak (Rücken) gegrillt,131,25.723,3.157,0.0,0.252
Schnecken gekocht,78,16.6,1.29,0.0,0.198
"Ente Schenkel, mit Haut, gebraten ohne Fett (Pfanne)",199,25.23,10.88,0.0,0.332
"Ente Schenkel, mit Haut, geschmort ohne Fett",200,24.68,11.22,0.0,0.16
Forelle pochiert,134,17.96,6.78,0.0,0.11
"Reh Rücken, tiefgefroren",122,22.4,3.55,0.0,0.21
"Dorsch/Kabeljau, tiefgefroren, gegrillt",95,21.933,0.778,0.0,0.308
"Pute Flügel, mit Haut, gebraten ohne Fett (Ofen)",278,30.9,17.1,0.0,0.152
Europäische Auster gebraten ohne Fett (Pfanne),73,9.607,3.3,1.225,0.382
Makrele gebraten ohne Fett (Pfanne),164,21.0,8.9,0.0,0.388
"Rind Keule, gekocht",187,28.6,8.1,0.0,0.125
Kochkäse (selbstgemacht),246,14.02,19.68,2.6,1.052
"Rind Roastbeef (Rücken) mariniert, roh",138,19.7,5.6,1.78,1.0
Kirschstrudel (Blätterteig),335,3.71,21.59,29.68,0.06
"Seelachsfilet Müllerinart (mehliert, gebraten)",120,19.76,3.2,2.63,0.483
Helle Soße Instantpulver,431,4.43,20.32,56.9,9.698
"Pute Fleisch, ohne Haut, tiefgefroren, gebraten ohne Fett (Ofen)",146,30.067,2.9,0.0,0.248
Fruchtsaftgetränk Johannisbeere,30,0.152,0.022,7.126,0.008
Crepes Suzette gebraten,281,5.3,16.2,25.2,0.148
Käsekuchen/Quarkkuchen (Mürbeteig),261,8.4,12.1,28.9,0.19
"Milch-Getreide-Brei, mit Haferflocken und Apfelsaft (geeignet für Beikost)",98,4.64,3.95,10.4,0.085
"Alaska-Seelachs im Backteig, tiefgefroren",205,9.2,10.32,18.25,0.245
Fruchteis,128,0.291,0.149,30.3,0.005
Lauchsuppe gebunden,46,0.98,3.2,3.0,0.512
Fischkroketten mit Seelachs frittiert,265,15.95,13.28,19.57,0.862
Grießschnitten gesüßt gebraten,148,3.38,10.02,10.89,0.07
Kohlrüben-Eintopf mit Kasseler und Kartoffeln,76,6.8,2.7,5.34,0.8
Hausmacher Leberwurst Konserve,288,12.7,26.1,0.49,1.972
"Tintenfisch tiefgefroren, gebraten ohne Fett (Ofen)",106,23.174,1.48,0.0,1.245
Apfeltasche (Blätterteig),317,3.3,21.2,26.8,0.102
"Frühlingsrollen gefüllt mit Gemüse, Schweinefleisch und Krabben, frittiert",342,11.4,20.04,27.7,0.525
Kartoffelgratin mit Lauch,136,4.6,8.8,9.0,0.3
Welfencreme (Vanilleflammeri mit Weinschaum),137,4.1,3.9,19.85,0.145
"Biskuitrolle/Biskuitroulade, mit Konfitüre",262,6.6,3.5,49.8,0.145
"Speiseeis Nuss, in Waffeltüte",255,3.96,12.86,29.8,0.082
Kartoffelhörnchen (Mürbeteig),339,6.0,8.5,58.1,0.68
"Speiseeis (Kaffee, Vanille) gemischt",183,3.4,9.7,20.1,0.1
Saure-Sahne-Dressing mit Joghurt und Senf,92,3.16,6.8,3.8,0.4
Schinkenklößchen,154,9.41,4.51,18.22,0.832
Pizzabaguette mit Kochschinken und Käse überbacken,222,15.7,10.03,16.0,1.19
Mehrfruchtsaft angereichert mit Vitaminen und Mineralstoffen,54,0.338,0.1,12.3,0.012
Hirschragout mit Grundsauce dunkel/braun und Rotwein,158,14.44,9.0,2.6,0.58
Berliner Knacker/Berliner Knackwurst,271,21.26,20.69,0.0,3.0
Schinkenröllchen in Aspik,90,15.7,2.4,0.74,1.615
"Saure Rinderkutteln gekocht, mit Grundsauce dunkel/braun",84,8.6,4.1,2.81,0.508
Karotten und Lauch gedünstet,60,1.02,3.5,4.8,0.445
Marinade mit Gemüsebrühe für Kartoffelsalat,97,0.47,9.0,2.35,0.81
"Soja-Streichwurstalternative, vegan",226,5.9,20.3,4.2,1.918
"Hähnchen Magen, tiefgefroren, gebraten ohne Fett (Pfanne)",132,27.82,2.32,0.0,0.3105
Debrecziner roh,330,23.32,26.31,0.0,3.5
"Gulaschsuppe mit Rindfleisch, Zwiebeln und Paprika",48,3.5,2.7,2.0,0.215
Haselnusscremeeis,224,5.7,15.9,14.2,0.095
Bohnensalat bunt (gegart) mit Schafskäse und warmer Essigmarinade,87,3.56,4.8,5.8,0.552
"Rotbarsch/Goldbarsch, tiefgefroren, gebraten ohne Fett (Pfanne)",108,18.2,3.9,0.0,0.212
Entenpastete gebacken,252,21.1,15.0,7.7,1.5
Geselchte,171,14.21,12.59,0.08,2.2
"Döner vegetarisch, Fladenbrot gefüllt mit Rohkost, Schafskäse und Sauce",145,4.3,7.8,13.0,0.64
"Teigwaren eifrei, Ravioli (Gemüsefüllung) in Tomatensoße, Konserve",95,2.8,1.1,17.0,1.012
Salsa verde,480,2.18,50.7,2.0,1.215
Kartoffelgratin mit Spinat,136,5.91,7.76,10.0,0.352
Tomatensuppe gebunden,44,0.49,3.68,1.89,0.22
"Kohlroulade gedünstet, vegan gefüllt mit Hirse, Tomaten und Tofu",54,2.76,1.1,7.49,0.272
"Garnele/Granat/Krabbe, Präserve",93,18.938,1.955,0.0,1.28
Karotten-Eintopf mit Schweinebauch,110,4.56,6.5,7.39,0.34
Roter Mehrfruchtsaft,50,0.7,0.3,9.9,0.008
Kartoffelomelett gebraten,160,5.27,8.11,15.45,0.385
Schwedischer Mandel-Marzipan-Kuchen/Mazarinkuchen (Mürbeteig),494,8.6,32.5,40.2,0.062
Weizenbrötchen mit Zwiebeln,299,9.4,3.1,56.0,1.438
"Frankfurter Rindswurst/Rote Wurst, Konserve",223,11.439,19.738,0.0,2.0
Knoblauchbutter/Kräuterbutter,587,4.5,62.0,2.0,0.7
Rinderschmorbraten mit Speck und Sauce,150,13.9,8.9,3.22,0.642
"Rinderfilet mariniert, gebraten im Ofen",150,23.09,5.8,0.08,0.48
Kartoffelwurst,180,10.86,13.12,4.41,1.8
"Bauernfrühstück mit Speck und Kochschinken, gebraten",229,8.52,16.38,11.09,1.0
Smoothie purpur (Früchte),57,0.7,0.3,11.0,0.005
"Kaffeeersatz (Getränk) mit Sojadrink, ungesüßt",6,0.18,0.045,0.95,0.0118
Müsli-Riegel,428,8.4,15.4,58.5,0.36
"Schaf Keule, fett, tiefgefroren, gebraten ohne Fett (Ofen)",279,24.1,20.3,0.0,0.2
Geflügelbierwurst mit Schweinefleisch,238,12.26,21.0,0.0,2.0
Quarkpudding,280,12.2,13.8,25.6,0.175
Falafel (Kichererbsenbällchen) frittiert,193,8.88,8.0,17.0,1.258
Energieriegel angereichert mit Vitaminen und Mineralstoffen,449,10.6,21.7,47.0,0.0003
Fruchtsalat gesüßt,62,0.76,0.3,12.6,0.002
"Karthäuser Klöße gebraten, mit Zucker und Zimt",280,7.76,11.61,35.36,0.922
Graupenblutwurst,206,7.21,12.86,14.7,1.8
Fenchelrohkost mit Joghurtmarinade,54,1.63,2.39,4.9,0.232
"Gemüsesaft aus Tomate, mit Salz",18,0.76,0.046,2.968,0.66
Hirse-Gemüse-Bratlinge gebraten,98,4.2,3.6,11.39,0.508
Reiskroketten mit Parmesan,290,5.96,15.3,31.6,0.852
"Müslimischung mit Trockenfrüchten, glutenfrei, gesüßt",350,8.6,8.0,56.7,0.5
Broccoliauflauf,114,7.02,7.8,3.2,0.522
"Joghurt fettarm, mind. 1,5 % bis max. 1,8 % Fett, mit Fruchtzubereitung, Zucker und Süßungsmitteln",59,3.738,1.309,7.2,0.13
"Miesmuschel tiefgefroren, gekocht",61,9.853,2.444,0.0,0.785
Zitronensorbet,123,0.7,0.1,28.126,0.032
Nuss-Schnecken (Hefeteig),386,8.9,18.28,44.7,0.112
"Schwein Filetmedaillon, tiefgefroren, gebraten ohne Fett (Ofen)",144,28.87,3.17,0.0,0.134
Milzwurst,208,11.67,17.86,0.15,2.09
Quittenkompott,87,1.3,1.6,13.6,0.008
Orangenkuchen (Rührmasse),389,5.55,21.3,42.8,0.275
Lippischer Pickert gebraten (aus Hefeteig mit roh geriebenen Kartoffeln und saurer Sahne),292,5.95,15.0,32.0,0.35
Pudding englische Art,248,7.0,13.0,24.0,0.408
Wurstsalat mit Gewürzgurke und Essigmarinade,251,7.58,23.44,1.55,1.87
Plumpudding,282,4.9,10.6,39.3,0.168
Flammkuchen Elsässer Art,233,8.74,11.3,23.0,0.8
Auberginenscheiben im Backteig (mit Bier) frittiert,239,5.4,14.28,20.48,0.275
Zungenpresskopf,212,19.63,14.68,0.17,1.8
Ajvar Konserve,68,0.9,4.4,5.0,1.218
Ochsenschwanz geschmort (mit Fett und Salz),193,16.9,12.5,2.6,0.755
"Delikatesspastete mit Mürbeteig, gebacken",303,16.82,22.65,7.55,2.8
"Speiseeis (Karamell, Nuss) gemischt",212,3.8,10.79,24.45,0.09
Marzipan-Monde,461,11.7,26.7,40.5,0.055
"Biskuitrolle/Biskuitroulade, mit Zitronensahnecreme",220,5.6,8.0,30.77,0.12
"Flunder mehliert, gebraten",105,14.5,2.8,4.08,0.515
Thüringer Rotwurst,182,20.58,10.9,0.37,1.8
"Weizenvollkornknäckebrot mit Ölsamen, Hartkäse und Zwiebeln",429,16.9,17.2,46.0,1.98
Grießauflauf mit Käse,198,7.9,11.66,15.08,0.168
Apfelmus mit Zimt,53,0.395,0.5,10.4,0.005
"Müslimischung mit Trockenfrüchten, ungesüßt",327,9.0,4.9,55.9,0.04
Joghurtsahne für Gebäck/Torten,232,3.3,16.8,16.24,0.08
Ananas-Marzipan-Kuchen (Rührmasse),386,6.36,20.6,42.0,0.205
"Linsenbratlinge vegan, gebraten",158,8.25,3.5,19.6,0.098
Pralinen gefüllt mit Kaffee,425,2.7,20.0,57.2,0.042
Puddingschnecken (Hefeteig),247,6.1,7.6,37.7,0.138
Grießauflauf mit Rosinen,128,4.1,6.4,13.2,0.098
Lammfleischklößchen gegart,121,14.3,4.48,5.43,0.63
Seeteufel gebraten (mit Fett und Salz),82,16.896,1.5,0.083,0.56
"Zwiebeln gedünstet, mit saurer Sahne",72,1.18,4.9,5.2,0.35
Bayerische Creme,238,5.4,18.3,12.95,0.138
"Sahnejoghurt mind. 10 % Fett, mit Fruchtzubereitung, gesüßt",150,3.492,8.187,14.812,0.105
Elisenlebkuchen,435,12.89,23.2,40.8,0.1
Kichererbsensalat (gegart) mit warmer Essigmarinade,107,5.15,3.2,11.7,0.188
"Rinderroulade geschmort, mit Sauce",133,12.0,8.5,1.8,0.8
Schweinerollbraten mit Sauce,158,15.9,9.8,1.1,0.375
"Tomatensuppe klar, mit Gemüsebrühe",15,0.69,0.1,2.24,0.468
Eier-Frischteigwaren mit Basilikum (mit Salz gekocht),160,6.49,3.25,25.21,0.432
Selleriesalat (gegart) mit warmer Essigmarinade,50,1.17,3.1,2.14,0.318
"Steinbutt mehliert, gebraten",105,17.35,2.5,2.88,0.595
Spinatnocken,148,6.6,7.78,12.34,0.822
Trüffelleberwurst,268,13.73,23.25,0.6,1.8
Kartoffelrösti tiefgefroren,207,2.446,8.557,29.0,1.035
"Kohlroulade gedünstet, vegetarisch gefüllt mit Hirse, Tomaten und Schafskäse",69,2.99,2.7,7.37,0.452
Reisauflauf mit Spargel und Käse,163,7.8,6.28,18.2,0.478
Mortadella fettreduziert,122,13.39,7.47,0.17,2.2
Eierteigwaren mit gedünsteten Tomaten und Petersilie,126,4.9,3.39,18.24,0.385
Kalbshirn gebraten,132,11.44,9.39,0.42,0.682
"Fruchtmichel mit gemischten Früchten, gebacken",180,5.65,5.6,26.0,0.458
Schweinepfeffer,134,12.42,7.8,3.28,0.458
"Schokoladenpudding, Flammeri, zubereitet aus Pulver und Milch 3,5 % Fett, gesüßt",108,3.38,3.1,16.5,0.142
Rosinenbrot glutenfrei,278,3.4,5.9,51.0,0.768
Hammelragout mit grünen Bohnen,232,7.1,19.2,7.0,0.8
Mandarinen-Omelettes (Wiener Boden hell) mit Sahne,256,3.72,16.2,23.22,0.1
Nussstangen (Mürbeteig),543,8.6,36.3,43.7,0.038
"Weizenvollkornknäckebrot mit Käse, Ölsamen und Tomaten",410,16.3,13.7,49.0,1.868
Mohnstollen (Hefemürbteig),392,8.1,22.5,37.0,0.108
Mohnkranz (Quark-Öl-Teig),422,10.1,23.3,40.3,0.255
Möhren-Nusstorte/Rüblitorte (Biskuit),342,8.4,21.37,27.2,0.735
"Vanille-Milchkaltschale mit Ei, gebunden mit Stärke",103,4.7,4.63,10.6,0.145
Mandarinensahnecreme für Gebäck/Torten,212,2.0,14.2,18.6,0.048
"Haferflocken gesüßt, mit Milch 3,5 % Fett und Fruchtmischung",147,4.79,3.1,22.9,0.035
Hausmacher Blutwurst,341,13.995,31.47,0.36,2.0
Aprikosenkaltschale gebunden mit Stärke,48,0.8,0.1,9.87,0.005
Pfefferkuchen,409,8.26,10.6,68.3,0.07
Kalbsbraten mit Grundsauce dunkel/braun,101,15.0,3.2,2.8,0.565
"Hefeteig gesüßt, mit Wasser, roh",298,7.11,9.34,45.0,0.55
"Frischecreme/Streichcreme, Basis Mandeln, vegan",220,4.481,21.6,0.78,0.7222
Champignons im Backteig (mit Bier) frittiert,219,6.8,13.03,17.7,0.302
Grünkernbratlinge gebraten,182,4.4,9.7,17.5,0.575
Bierschinken Konserve,118,16.39,5.77,0.08,2.0
Fruchtcreme roh gerührt (mit Gelatine),132,3.4,5.6,16.05,0.052
Linsenbratlinge gebraten,200,10.6,4.9,25.5,0.432
"Pute Innereien, tiefgefroren, gebraten ohne Fett (Pfanne)",236,26.6,14.39,0.0,0.255
Quiche (Mürbeteig) mit Broccoli und Blumenkohl,170,5.6,10.4,12.5,0.6
Herzwurst Konserve,162,14.65,11.34,0.25,2.0
"Oliven grün, gefüllt mit Paprikapaste, gesäuert, abgetropft",118,1.145,11.85,0.53,3.112
"Heilbutt mehliert, gebraten",149,19.32,6.4,2.73,0.488
Schokoladentorte (Rührmasse) mit Canacheüberzug,424,6.87,24.51,42.2,0.185
Zitronensahnecreme für Gebäck/Torten,170,1.8,9.5,18.75,0.035
"Kefir fettarm, mind. 1,5 % bis max. 1,8 % Fett, mit Fruchtzubereitung, gesüßt",65,2.9,1.3,9.6,0.105
"Hähnchen-Frikadellen mit Champignons, gebraten",196,18.6,11.2,4.9,0.508
Butterreis,152,2.463,5.386,23.2,0.072
Fleischkäse im Bierteigmantel frittiert,385,13.9,33.42,6.37,2.118
Schlemmerfilet Bordelaise (Alaska-Seelachs) tiefgefroren,129,9.1,7.8,5.5,0.99
"Kalb Hals/Nacken/Kamm, tiefgefroren, geschmort ohne Fett",132,26.571,2.837,0.0,0.208
Bratapfel ungefüllt gebacken,142,0.517,6.2,19.3,0.008
"Knuspermüslimischung mit Trockenfrüchten, gesüßt",410,7.9,14.1,59.2,0.42
ACE-Frucht-Vitamingetränk angereichert,42,0.217,0.0,10.0,0.01
Bauernleberwurst,290,15.51,25.09,0.41,2.0
Frikadellen aus Schweinefleisch gebraten,297,17.24,21.44,8.41,0.88
Tomatensauce von heller/weißer Grundsauce,48,1.0,2.6,4.7,0.812
Salami Kroatische Art,269,25.12,18.65,0.18,3.8
Kastanienbrot glutenfrei,217,1.6,3.0,45.0,1.492
Gemüsemuffins herzhaft,198,9.9,6.25,22.9,0.612
Mangoldtarte (Mürbeteig),269,6.95,20.27,13.8,0.725
Schokoladenstreusel,475,4.062,19.7,68.0,0.14
"Auflauf aus Teigwaren eifrei, mit Kochschinken",196,9.9,8.4,19.5,0.55
Fischfrikadellen mit Seelachs gebraten,124,15.6,3.9,6.06,0.53
Röstzwiebeln (Fertigprodukt),575,5.9,44.48,34.37,1.025
Ausgezogene Nudeln/Knienudeln (Hefeteig) frittiert,421,9.93,17.1,55.0,0.135
"Toast mit Kochschinken, Käse und Tomaten, gebacken",204,15.9,11.49,8.66,1.0
"Kalbshaxe gebraten im Ofen, ohne Sauce",165,24.73,7.36,0.01,0.578
"Cocktail, Caipirinha",92,0.014,0.0,6.11,0.005
Kirschtasche (Blätterteig),334,3.71,21.58,29.67,0.102
Schweinekümmelmagen,156,23.65,6.77,0.16,2.0
Johannisbeerkaltschale gebunden mit Stärke,54,1.156,0.156,9.32,0.005
"Leberknödel, Suppeneinlage",207,13.77,11.13,12.47,1.228
Apfel-Mangomus ungesüßt,60,0.6,0.5,12.0,0.012
Lachs gedünstet auf Gemüse,136,11.64,8.6,1.9,0.375
Pfälzer Saumagen,145,11.48,7.99,6.54,1.8
"Baguette-Brötchen mit Parmaschinken, Parmesan, Rucola und Salatcreme",299,15.6,12.76,29.0,2.19
Käseschinkenwurst,159,14.86,11.02,0.08,2.0
"Gansgalantine mit Kalb- und Schweinefleisch, gebacken",211,20.5,13.9,0.8,1.8
Kalbskäse mit Schweinefleisch,285,11.8,26.4,0.11,2.08
"Garnele/Granat/Krabbe, gekocht, gebraten ohne Fett (Pfanne)",112,22.413,2.436,0.0,0.445
"Gemüsemischung Erbsen-Karotten, gekocht",62,3.3,0.426,9.085,0.025
"Saumagen gefüllt, gegart",202,15.9,11.7,8.0,0.612
Kartoffel-Eintopf mit Kasseler,69,4.63,3.0,5.32,0.8
Biskuitplätzchen mit Fruchtfüllung schokoliert,335,4.8,7.1,61.1,0.082
"Müslimischung mit Trockenfrüchten, gesüßt",335,9.3,6.0,55.2,0.052
Grünkernrisotto mit Champignons,124,3.89,3.8,16.8,0.518
"Schweineroulade geschmort, ohne Sauce",183,23.52,8.95,1.62,0.8
"Geflügel Frikadelle, gebraten ohne Fett (Pfanne)",132,18.9,3.9,5.0,1.53
Schnecken gebacken Burgunder Art,291,17.8,23.8,0.6,0.54
"Orangenflammeri mit Likör, für Gebäck/Torten",111,0.3,0.003,25.1,0.068
"Gänseleberkäse mit Schweinefleisch, getrüffelt",185,17.1,12.41,0.69,2.0
"Rote-Bete-Salat (roh) mit Sellerie, Apfel und Joghurtmarinade",58,1.77,1.73,7.2,0.215
"Pfannkuchen/Eierkuchen, mit Milch 3,5 % Fett und Apfel, gebraten",203,6.0,8.62,24.3,0.235
Paprikasalat mit Essigmarinade,110,0.86,9.03,4.92,0.172
Milchschokoladen-Riegel gefüllt mit Karamellcreme und gerösteten Haselnüssen,510,4.1,24.4,61.8,0.07
Kaffeecreme (mit Gelatine),331,5.6,26.2,17.7,0.188
"Fischstäbchen (Alaska-Seelachs) paniert, tiefgefroren",181,12.1,8.21,14.36,0.625
Zitronenkuchen vegan (Rührmasse),366,4.36,13.8,54.9,0.432
Tiroler Geröstel gebraten,216,10.73,14.56,9.73,0.275
"Westfälischer Bohnen-Eintopf (mit weißen und grünen Bohnen, Kartoffeln, Speck, Kernobst)",98,5.29,3.0,10.1,0.5
Sojawürstchen,200,12.5,16.4,0.6,1.345
"Reismischung mit Wildreis, gekocht",133,3.552,0.796,27.25,0.00342
Buttermilchgelee mit Erdbeeren,68,3.1,0.5,11.83,0.055
Schweinefleischsülze,113,23.5,2.1,0.06,1.57
"Rind Bratenfleisch (Bug) mariniert, geschmort ohne Fett",200,25.27,10.6,0.7,1.358
Sardinen mit Spinatfüllung gebacken,181,18.0,11.1,2.0,0.728
Kalbskotelett gedünstet,170,21.5,8.9,0.7,0.695
Nektarinenkompott,70,0.63,0.1,15.7,0.005
"Wachtel Fleisch, ohne Haut, tiefgefroren, gebraten ohne Fett (Ofen)",178,34.4,4.53,0.0,0.162
Nusspudding,357,8.1,21.38,32.0,0.395
Pommes frites mit Ketchup,216,3.05,8.96,29.47,1.1088
Orangentäschchen (Mürbeteig),504,7.8,25.5,59.0,0.26
"Speisequarkzubereitung < 10 % Fett i. Tr., mit Fruchtzubereitung, gesüßt",99,6.98,0.15,16.87,0.088
Apfel-Quarktorte (ohne Boden),176,7.7,6.4,21.0,0.152
Baiser-Schokosahnetorte (Mürbeteig),393,4.7,23.79,38.8,0.122
"Garnele paniert, tiefgefroren",277,12.61,15.44,21.22,1.098
Kartoffelkuchen (Rührmasse),364,5.02,18.21,44.1,0.318
Nuss-Spritzgebäck (Rührmasse) schokoliert,558,7.6,39.74,40.2,0.142
Tomaten-Paprikasalat mit Essigmarinade,98,0.76,8.63,3.17,0.168
Weiße-Bohnen-Eintopf,70,3.3,1.5,9.0,0.395
Spinatsamtsuppe,92,1.05,9.0,1.47,0.52
Fruchtsaftgetränk Kirsche,46,0.086,0.0,11.072,0.008
"Rinderherz gedünstet, mit Sauce",187,17.3,12.5,1.0,1.0
Kirschstrudel (Strudelteig),242,3.34,9.63,34.3,0.09
"Venusmuschel gekocht, gebraten ohne Fett (Pfanne)",79,14.7,1.35,2.0,0.835
Grundsauce hell/weiß mit Sahne,158,1.42,15.2,3.66,0.67
Stuttgarter Leberkäse,295,17.13,25.03,0.22,2.0
Tiroler Speckknödel,201,7.6,9.0,21.51,1.2
Semmelauflauf,300,8.6,14.5,32.5,0.8
Apfelküchlein (Apfelringe im Milchbackteig) gebraten,194,3.5,9.7,22.0,0.06
Schinkenpresskopf,193,21.68,11.75,0.0,2.0
Gemüsesaft aus Gemüsemischung,20,0.838,0.2,3.2,0.56
Mehrfruchtsaft,48,0.4,0.1,10.73,0.006
Frühstücksfleisch,288,14.7,25.4,0.08,2.0
Gänseleberpastete in der Kastenform gegart,194,19.7,12.24,1.209,2.2
Kürbisrösti gebacken,185,5.18,13.27,9.74,0.572
"Lachs in Tomatensauce, Konserve",146,12.3,8.1,5.6,0.748
"Pastinaken gekocht, gebraten (mit Fett und Salz)",76,2.63,2.35,9.8,0.375
Kalbshirn gebraten mit Ei,138,11.83,9.81,0.4,0.942
Sandwaffeln (Rührmasse),517,9.25,32.9,44.9,0.282
Schlackwurst,323,23.51,25.39,0.0,3.8
Pesto rosso,495,10.2,39.2,19.3,0.355
"Pariser Pastete mit Mürbeteig, gebacken",302,18.07,21.97,7.7,2.8
Käsekuchen (Vollkornhefeteig),232,9.7,10.1,24.0,0.15
Apfel-Streuselkuchen (Vollkornhefeteig),176,3.6,5.88,25.0,0.052
Pizza quattro formaggi (mit Käse),354,14.72,20.55,26.0,0.995
"Rind Hackfleisch, geschmort ohne Fett",297,28.056,20.488,0.0,0.135
Gemüsecremesuppe Instantpulver,337,8.09,3.4,63.77,9.792
"Champignons gedünstet in Essig, eingelegt in Rapsöl",159,3.92,13.66,4.2,0.645
Gewürzsalz/Kräutersalz,37,3.0,0.5,3.3,81.145
"Heringsfilet in Dillcreme, Konserve",153,10.5,10.23,4.521,0.998
Rote-Bete-Salat (roh) mit Essigmarinade,124,1.58,9.99,5.6,0.288
"Wirsing gekocht, mit Grundsauce hell/weiß",40,1.97,1.5,3.6,0.425
Nizza-Salat mit Thunfisch und Sardellen,97,6.69,6.8,1.5,1.038
Rumsauce von Vanillesauce,123,3.8,4.39,14.44,0.082
Schwedische Leberpastete mit Sardellen,266,12.74,23.2,1.3,1.8
Kalbfleischwurst mit Schweinefleisch,253,9.82,23.72,0.08,2.065
Vollkorn-Marmorkuchen (Rührmasse),404,8.05,22.6,39.9,0.5
"Rheinischer Sauerbraten vom Rind, mit Sauce",158,16.0,6.6,6.1,0.42
"Zwiebelsuppe klar, mit Fleischbrühe",27,0.68,1.1,3.1,0.388
Nürnberger Lebkuchen,409,10.55,15.5,54.8,0.125
"Grießflammeri/Grießpudding, mit Ei",119,5.1,4.61,13.94,0.14
"Heringsfilet paniert, gebraten",229,16.4,14.7,7.35,0.618
Apfelauflauf,199,3.7,8.9,24.8,0.09
"Gemüse-Kartoffel-Getreide-Brei, mit Karotte und Haferflocken (ohne Salz, geeignet für Beikost)",98,1.357,4.74,11.2,0.03
Apfelkompott mit Weißwein,61,0.301,0.3,12.2,0.005
"Gemüse-Kartoffel-Fleisch-Brei, mit Karotte und Hühnerfleisch (ohne Salz, geeignet für Beikost)",110,3.142,6.986,7.576,0.05
Böhmische Knödel,229,8.19,9.03,27.65,1.245
Backobstkompott gebunden mit Stärke,194,1.42,0.2,42.9,0.045
Orangenbiskuitplätzchen,323,5.24,2.22,69.9,0.13
Fruchtsulze (mit Weißwein),64,2.5,2.3,5.88,0.018
"Kalbsbries gekocht, mit Grundsauce hell/weiß",79,8.48,4.0,2.09,0.638
Eier-Frischteigwaren Ravioli (Gemüsefüllung) roh,240,8.23,3.44,42.4,1.15
"Speiseeis (Karamell, Vanille) gemischt, in Waffeltüte",206,3.6,10.03,24.9,0.092
"Fleischkäse fettreduziert, gebraten ohne Fett (Pfanne)",147,19.47,7.56,0.18,2.2
Sardellenpaste,305,17.109,26.3,0.0,13.615
Erbswurst,216,9.8,14.1,10.8,1.8
"Frischkäsezubereitung mind. 10 % Fett i. Tr., mit Fruchtzubereitung, gesüßt, angereichert mit Vitamin D und Calcium",99,7.7,2.5,10.8,0.07
Soja-Bolognese Konserve,53,2.7,1.8,5.0,0.968
Knackwurst/Servela/Würstchen,260,12.0,23.5,0.08,2.0
Ananasringe im Milchbackteig gebraten,192,3.7,9.8,21.2,0.07
Marzipan-Walnuss-Sahnetorte (Biskuit und Mürbeteig),384,8.1,29.7,20.1,0.095
Rote Grütze,84,1.1,0.3,16.8,0.005
Pariser Käsecremesuppe (mit Schmelzkäse),83,2.74,6.3,3.7,1.138
Frühstücksfleisch Konserve,198,14.01,15.68,0.08,2.0
"Aprikosenglasur/Aprikotur, für Gebäck/Torten",196,0.2,0.1,47.7,0.008
Brotaufstrich Ei-Kräuter,254,9.5,21.86,4.5,1.732
"Müslimischung mit Schokolade, glutenfrei, gesüßt",414,7.1,14.7,60.5,0.85
Broccolisalat (gegart) mit Essigmarinade,125,2.5,11.19,2.0,0.218
"Haferflocken ungesüßt mit Joghurt 3,5 % Fett und Fruchtmischung",111,4.78,3.3,13.9,0.062
Miesmuschel in Tomatensauce Konserve,102,6.9,5.4,5.6,0.962
Apfelstrudel (Blätterteig),317,3.3,21.2,26.7,0.142
"Vegetarisches Gulasch, Konserve",133,9.5,6.4,8.0,0.978
Aprikosensauce von getrockneten Früchten,73,0.6,0.1,15.68,0.008
Pfirsichkompott mit Süßstoff,35,0.6,0.097,7.14,0.012
Braunschweiger grobe Leberwurst,367,16.5,33.2,0.59,2.025
Weinschaumsauce/Weinchaudeau,130,3.7,3.0,18.58,0.12
Zucchinibratlinge mit Käse gebraten,221,7.8,14.57,13.0,0.395
Gemüse-Eintopf mit Wurst,101,3.45,6.6,6.0,0.735
"Gemüsemischung Kaisergemüse, gedünstet",40,2.537,0.469,5.1,0.055
Müsli Basismischung (ohne Trockenfrüchte) ungesüßt,376,14.772,12.332,45.6,0.025
"Getreideflakes gesüßt, mit Trockenfrüchten",346,8.9,1.6,70.3,0.592
Broccolicremesuppe mit Joghurt und Mandelblättchen,31,1.9,1.6,1.5,0.472
"Edelkrebs/Flusskrebs, gekocht, gebraten ohne Fett (Pfanne)",72,16.29,0.716,0.0,0.695
"Joghurt mind. 3,5 % Fett, mit Frucht-Getreidezubereitung, gesüßt",100,3.7,3.3,12.8,0.085
Herzwurst,162,14.65,11.34,0.25,2.0
Bananennektar,52,0.297,0.1,12.38,0.005
Roter Mehrfruchtsaft angereichert mit Vitaminen (Roter Multivitaminsaft),50,0.7,0.3,9.9,0.008
Caesar-Dressing,481,5.5,50.11,1.0,1.022
Marmorkuchen (Rührmasse),404,8.39,19.79,46.6,0.492
Getreidebratlinge gebraten,218,7.1,11.7,19.0,0.44
"Müsli Bircher-Benner Art, ungesüßt, mit Äpfeln, Rosinen, Sahne und Nüssen",114,1.8,4.7,14.6,0.01
Broccolisalat (gegart) mit Joghurtmarinade,51,3.01,2.68,2.4,0.222
"Rind Hackfleisch, tiefgefroren",224,19.102,16.39,0.0,0.145
Rinderroulade Konserve,176,18.69,10.99,0.54,1.0
Baguette-Brötchen mit Tomate-Mozzarella,200,9.5,10.41,16.0,0.762
"Mangold gedünstet, in Grundsauce hell/weiß",27,1.55,1.3,1.54,0.608
Apfelkuchen gedeckt (Vollkornmürbeteig),239,3.6,12.0,27.0,0.105
Blutpresssack,258,18.17,20.43,0.38,2.0
"Schweinesteak gebraten, mit Karotten und Erbsen gedünstet",130,15.3,5.7,3.43,0.348
Wiener Apfelstrudel (Strudelteig),265,3.7,11.6,34.5,0.112
Apfeltorte gedeckt (Mürbeteig),220,3.2,8.9,30.3,0.04
Nussfüllung für Gebäck/Torten,488,9.24,35.7,30.3,0.345
Kasseler im Blätterteig gebacken,223,18.8,12.25,8.95,2.228
Karotten-/Möhrenpüree,32,0.78,0.7,4.5,0.48
Schweinskäse weiß,238,18.31,18.28,0.1,2.0392
"Speiseeis (Karamell, Vanille) gemischt",189,3.2,9.47,22.4,0.098
"Semmelknödel getrocknet, gekocht",150,6.87,4.14,20.64,0.722
"Karpfen tiefgefroren, gebraten ohne Fett (Ofen)",150,23.425,6.24,0.0,0.088
"Brätblock hell, zur Rouladenherstellung",167,12.83,12.84,0.08,1.8
Hering in Gelee (Kochfischware),168,12.7,12.6,0.0,2.092
Kräuterbutter,618,1.3,67.3,0.9,0.23
Zitronenmarinade für Salat,405,0.18,44.0,0.75,0.735
Frankfurter Rindswurst/Rote Wurst,223,11.439,19.738,0.0,2.0
"Frischkornbrei gesüßt, mit Joghurt 3,5 % Fett und Fruchtmischung",99,3.33,1.8,15.6,0.038
"Kohlrabi gekocht, vegetarisch gefüllt mit Frischkäse und Erbsen",73,2.3,4.5,4.9,0.618
Weißkrautsalat (roh) mit Speck-Essigmarinade,130,1.03,11.72,3.41,0.462
Zungenblutwurst fettreduziert,154,18.08,8.7,0.76,1.2
"Teigwaren eifrei, Ravioli (Fleischfüllung) in Tomatensoße, Konserve",101,3.3,2.2,15.9,0.855
"Gemüseaufstrich, Brotaufstrich pflanzlich",199,0.8,16.8,10.0,1.48
Kalbsschnitzel mit Kochschinken und Käse übergrillt,205,31.5,8.18,0.78,1.148
"Kalb Bug/Schulter, tiefgefroren, gekocht",119,27.257,1.082,0.0,0.202
"Weizentoastbrot mit Roggen, getoastet",319,10.22,4.09,58.0,1.51
Käsekuchen/Quarkkuchen (Quark-Öl-Teig),253,9.2,11.9,26.3,0.24
Aprikoseneis,173,1.4,7.5,23.897,0.045
Speckkartoffeln gedünstet,68,2.04,1.1,12.018,0.5
"Hausmacher Sülze/Schweinskopfsülze, Konserve",220,16.3,17.2,0.08,1.8
Hobelspäne/Räderkuchen (Rührmasse) frittiert,355,7.09,16.1,44.2,0.51
Mandelpesto,416,11.33,38.56,4.0,0.555
"Schollenfilet mehliert, gebraten",94,16.6,1.5,2.73,0.475
Cocktail-Dressing,423,1.7,42.95,6.58,1.11
Souffle mit Räucherforelle,288,9.7,24.4,6.62,0.962
Boeuf a la mode mit Sauce (marinierter Schmorbraten),111,8.1,6.3,1.8,0.435
"Rind Filet/Lende, tiefgefroren, gebraten ohne Fett (Ofen)",136,25.126,3.951,0.0,0.105
"Spinat tiefgefroren, gedünstet",24,2.754,0.376,1.16,0.158
"Toast mit Ananas, Kochschinken und Käse (""Toast Hawaii"") gebacken",206,13.47,10.4,13.2,1.322
"Porree/Lauch, tiefgefroren, gebacken",38,1.1,0.327,6.0,0.0018
Frikadellen aus Putenfleisch gebraten,198,26.7,7.74,4.99,0.785
Weiße Graupenwurst,140,7.0,6.53,12.8,1.66
"Schmalz/Schmelz, Basis Pflanzenfett, vegan",817,1.01,87.127,6.35,1.55
Feldsalat mit Joghurtmarinade,54,2.36,3.48,2.0,0.282
Fenchelgemüse gedünstet,36,1.19,1.5,2.93,0.295
Apfelkuchen mit Puddingcreme (Hefeteig),177,4.6,5.2,26.8,0.08
"Karamellcreme einfach, gestürzt",164,4.2,3.97,27.78,0.118
Trüffel-Pralinen (alkoholhaltig),519,5.77,33.94,44.6,0.145
Pralinen gefüllt mit Gewürzcreme,576,5.78,38.64,50.2,0.13
"Frischkäsezubereitung mind. 20 % Fett i. Tr., mit Fruchtzubereitung, gesüßt, angereichert mit Calcium",108,4.87,3.82,13.01,0.062
Eiersalat mit Tomaten und Essigmarinade,139,7.02,11.28,1.56,0.51
Nuss-Pralinen (alkoholhaltig),439,5.16,20.61,51.5,0.085
Leberkäse fettreduziert,180,18.07,11.83,0.21,2.2
Himbeertörtchen (Mürbeteig) mit Sahne und Mandelblättchen,282,4.4,16.0,27.6,0.05
Spargelrisotto,109,2.57,2.7,18.0,0.285
Fleischkäse grob,223,18.96,16.27,0.1,2.0
Rohpolnische Würstchen/Polnische Bratwurst,419,20.99,37.2,0.12,3.8
Vollkorn-Schoko-Mandelkuchen (Rührmasse),429,8.2,24.8,40.8,0.405
Straßburger Gänseleberwurst mit Schweinefleisch,169,14.9,11.58,1.1,1.8
Schokosahnetorte (Schoko-Wasserbiskuit),312,4.8,21.3,24.4,0.125
"Speiseeis Schokolade, in Waffeltüte",249,4.12,11.17,31.6,0.085
Nuss-Pralinen,603,7.7,45.7,38.0,0.1
Fischmayonnaise mit Kabeljau,143,11.9,10.3,0.27,0.748
Fruchtgrütze,110,0.9,0.2,23.5,0.005
Gurken gedünstet,67,1.39,5.3,2.6,0.3
Regensburger Knacker/Regensburger Würstchen,253,14.8,21.5,0.09,2.2
Energieriegel gefüllt mit Nusscreme,449,10.6,21.7,47.0,0.798
Serviettenknödel,170,8.23,5.05,22.26,1.112
Avocadocremesuppe,53,1.1,4.4,1.4,0.41
Aprikosen im Ausbackteig frittiert,202,3.9,12.1,18.0,0.072
Kartoffelauflauf/Kartoffelring,177,7.1,11.387,11.057,0.6
"Gerstensuppe nach Bündner Art mit Speck, geräuchertem Rind- und Schweinefleisch",106,4.43,7.4,5.0,1.2
Quarkkeulchen (mit Kartoffeln) gebraten,259,6.6,12.2,29.4,0.3
Vollkornhaselnusskuchen (Rührmasse),434,8.53,27.0,37.0,0.4
Gurkencremesuppe,46,0.88,3.3,2.8,0.412
Marzipanstollen (Hefeteig),413,7.1,18.4,51.0,0.058
"Gemüsemischung Erbsen-Karotten, gebraten ohne Fett (Pfanne)",96,5.1,0.657,14.012,0.045
Knoblauchwurst roh,348,22.84,28.48,0.0,3.8
"Blätterteigtaschen gefüllt mit Spinat, Schafskäse und Pinienkernen, gebacken",338,7.9,26.9,14.7,0.985
Schwarze Graupenwürstchen,174,8.51,8.79,14.7,1.5
Frankfurter Pudding,131,3.0,4.595,17.9,0.19
Leberwurst einfach,236,17.59,18.08,0.62,2.0
"Languste tiefgefroren, gebraten ohne Fett (Pfanne)",96,20.949,1.41,0.0,0.495
"Salat aus Eierteigwaren dänische Art, mit Mayonnaise, gestreckt mit Joghurt",160,6.4,9.14,11.9,0.638
Mehlpüfferchen gebraten,284,7.3,10.5,38.7,0.452
Rinderherzragout,119,12.2,6.1,3.5,0.555
Ananas-Kranz gefüllt (Rührmasse),308,4.9,20.0,25.8,0.252
Mandel-Zitronen-Herzen (ohne Fett und Mehl),469,11.3,23.7,50.1,0.088
Tomatensuppe mit Fleischbrühe,63,0.81,5.5,2.16,0.33
"Edelkrebs/Flusskrebs, tiefgefroren, gekocht",61,13.889,0.58,0.0,0.662
Kalbsrahmbraten mit Sauce,128,13.5,6.7,3.0,0.52
Herzoginkartoffeln gebacken,128,4.7,5.11,15.0,0.79
Okra gedünstet (mit Fett und Salz),74,1.87,5.0,2.8,0.252
"Schweinefilet mariniert, gegrillt, mit Orange",156,29.1,4.2,0.4,0.245
Mandel-Marzipan-Donuts (Hefeteig) frittiert,432,10.0,18.8,54.0,0.328
Apfelkuchen gedeckt mit Mandelbelag (Mürbeteig),248,3.67,12.1,29.91,0.038
"Schokoladenpudding, Flammeri, zubereitet aus Pulver und Sojadrink",85,2.92,1.2,14.8,0.13
Vollmilchschokolade mit Haselnüssen,577,8.12,40.43,43.4,0.152
Fruchtschnitte/Fruchtriegel,339,4.9,9.4,53.8,0.05
"Schwein Kammsteak, tiefgefroren, gebraten ohne Fett (Ofen)",205,24.66,11.78,0.0,0.1505
"Mayonnaise, gestreckt mit Quark",393,6.9,39.38,2.04,0.678
Käsesalat mit Essigmarinade,292,18.7,23.64,0.62,0.488
Kalbfleischkäse mit Schweinefleisch,365,12.95,34.78,0.11,2.075
"Gemüsesaft aus Karotte/Möhre, mit Honig",33,0.621,0.3,6.403,0.088
"Kasseler Kotelett paniert, gebraten",226,23.96,10.36,8.78,2.905
Fisch-Curry mit Seelachs und Erdnüssen,121,12.0,6.9,2.3,0.47
Roter Presskopf,224,18.86,16.38,0.32,2.0
Zitronencreme (mit Gelatine) mit Weißwein,197,3.2,13.6,12.52,0.05
Apple-Pie (Mürbeteig),203,2.1,11.14,22.3,0.07
"Blätterteigtaschen gefüllt mit Käse und Kochschinken, gebacken",363,16.0,25.8,15.6,1.65
Käsewindbeutel (Brandmasse) gefüllt mit Frischkäsezubereitung,215,7.7,15.87,9.8,0.388
"Auberginen gefüllt mit Lammfleisch, Reis und Tomaten, überbacken",108,7.39,6.5,4.1,0.76
"Schinkentorte mit Mürbeteig, gebacken",224,19.87,12.24,7.8,1.8
Schweinefilet gedünstet,186,23.43,9.5,1.76,0.655
"Karpfen mariniert, gegrillt",147,18.73,5.6,4.75,0.94
Sauerkirschnektar,52,0.348,0.172,11.693,0.005
Vollmilchschokolade mit Haselnüssen und Cornflakes,576,6.5,39.0,48.6,0.182
Makronentorte (Mürbeteig),452,7.4,22.0,54.6,0.088
"Schwein Schnitzel, paniert, gebraten ohne Fett (Pfanne)",178,26.66,3.66,9.24,1.372
Schweinerippchen gekocht,372,28.52,28.34,0.813,2.0
Markklößchen,379,9.57,26.05,25.41,1.03
"Sardinen in Weißwein, gebacken",127,10.22,8.0,2.4,0.448
"Seehecht tiefgefroren, pochiert",92,18.169,2.17,0.0,0.312
Schokoladen-Grießflammeri/Schokoladen-Grießpudding,127,5.0,4.38,16.7,0.138
"Wildschwein Fleisch, tiefgefroren, gebraten ohne Fett (Ofen)",191,25.034,10.054,0.0,0.27
Pilzcremesuppe Instantpulver,338,11.9,4.5,60.0,11.935
Westfälischer Panhas (Mehlblutwurst),271,13.2,15.86,18.02,1.8
Seelachsfilet gedünstet (mit Fett und Salz),122,17.511,5.7,0.06,0.6895
"Spargel tiefgefroren, gedünstet",36,2.475,0.197,5.02,0.00675
"Forellenfilet natur, gebraten",183,23.572,9.4,0.156,0.44
Kräuterleberwurst,210,18.0,14.97,0.73,1.8
"Teigwaren eifrei, mit Auberginen gedünstet mit Tomaten und Ricotta",94,3.1,2.83,13.0,0.278
Mettwurst einfach,327,19.1,27.7,0.18,2.8
"Kartoffelpüree mit Milch 3,5 % Fett",88,2.35,2.98,12.43,0.295
Zitronensahne für Gebäck/Torten,290,2.9,23.7,15.6,0.07
Grüne-Bohnen-Salat (gegart) mit Essigmarinade,99,1.76,8.51,2.8,0.382
"Lammrücken gebraten im Ofen, mit Rosmarin und Sauce",181,23.7,8.4,2.0,0.69
Mandelsauce,153,5.5,8.01,14.25,0.08
"Dorsch/Kabeljau, paniert, gebraten ohne Fett (Pfanne)",217,16.6,8.28,18.34,1.598
Nuss-Nougat Rohmasse,522,7.623,30.4,53.0,0.085
Meerrettichmayonnaise,597,2.7,63.52,2.58,1.032
"Maultaschen (mit Schweinebrät), Suppeneinlage",119,5.2,5.39,11.89,0.5
"Pastete von Hasenfleisch, gebacken",219,19.27,12.07,7.9,1.8
"Speisequarkzubereitung mind. 40 % Fett i. Tr., mit Fruchtzubereitung, gesüßt",140,6.29,6.37,13.77,0.07
Matjesfilet nach Hausfrauenart,160,7.82,12.7,2.8,4.28
Spargelschinkenröllchen mit Käse überbacken,136,14.534,7.861,0.91,1.33
Mousse au chocolat (Schokoladenschaum) mit Rum,322,5.8,24.84,16.7,0.135
Geflügeljagdwurst mit Schweinefleisch,113,14.54,6.0,0.14,2.2
"Pirogge mit Sauerkrautfüllung, gebacken",225,6.2,8.81,27.0,0.942
Quarkfüllung für Gebäck/Torten,147,9.16,0.93,25.0,0.21
Pfirsichkompott,58,0.6,0.092,12.96,0.002
"Schupfnudeln schwäbisch, roh",188,6.81,2.52,33.26,1.19
Trüffelleberwurst Konserve,268,13.73,23.25,0.6,1.8
"Zuckermais tiefgefroren, gebacken",86,3.9,1.608,12.3,0.005
"Schaf Filetsteak, tiefgefroren, gebraten ohne Fett (Ofen)",146,29.26,3.21,0.0,0.1408
"Erdnuss geröstet, im Teigmantel",509,15.3,30.5,40.7,1.72
Chickenburger,194,15.3,6.6,17.56,0.81
"Rind/Schwein, Frikadelle, roh",190,13.57,13.17,4.0,1.305
Weizenmischbrötchen mit Schinkenspeck,290,9.0,2.75,54.0,1.5
Paprika-Gurken-Tomatensalat mit Essigmarinade,84,0.83,7.23,2.89,0.142
"Fischfrikadelle (Alaska-Seelachs) paniert, tiefgefroren",128,9.7,1.7,17.9,1.058
Buttergebäck (Mürbeteig) mit Cremefüllung,440,6.3,22.88,51.0,0.148
Roggenmischbrot mit Zwiebeln,216,6.21,1.55,41.0,1.135
"Pute Brust, ohne Haut, tiefgefroren, gekocht",104,24.648,0.619,0.0,0.052
Rindfleisch geschmort (mit Fett und Salz),146,16.0,7.7,2.5,0.632
Bratkartoffeln gesüßt,197,2.366,11.927,18.84,0.445
Hessische Landrotwurst,214,20.16,14.61,0.45,2.0
"Tiramisu fettreduziert, mit Likör",219,7.9,6.6,30.0,0.208
Leberklößchen,162,12.79,5.26,15.29,0.815
"Reisflockenbrei ungesüßt, mit Wasser, Apfelsaft und Rapsöl",127,2.069,3.422,21.7,0.01
Hühnerbrühe mit Eierteigwaren,19,1.0,0.4,2.64,0.885
Lauch-Eintopf mit Pökelnacken und Kartoffeln,87,5.53,4.2,6.0,1.2
Kokos-Currysauce vegan,191,2.3,18.3,2.4,0.278
Artischockenviertel gebraten mit Steinpilzen und Speck,122,6.34,7.4,2.97,1.2
"Kohlrabisalat (roh) mit Apfel, Haselnuss und Joghurtmarinade",93,2.71,5.99,5.7,0.182
Tomaten-Gurkensalat mit Joghurtmarinade,28,1.21,0.95,2.82,0.075
Eingestreute Reissuppe mit Fleischbrühe und Gemüse,24,1.11,0.4,3.4,0.6
Königinsuppe,61,3.5,3.9,2.81,0.748
Seezungenfilet gebraten,105,19.392,2.8,0.128,0.63
Thüringer Fleischrotwurst fettreduziert,128,20.57,4.68,0.77,2.0
"Karotten mit Erbsen und Bohnen gekocht, in Grundsauce hell/weiß",52,2.0,1.6,6.2,0.515
Frankfurter grüne Kräutersauce mit gekochtem Ei,244,7.9,22.7,0.97,1.125
"Schwein Vordereisbein/Vorderhaxe, tiefgefroren, gegrillt",256,29.82,15.16,0.0,0.3055
Gulasch (mit Rindfleisch),124,12.95,5.9,4.2,0.22
Rhabarbergrütze,93,0.474,0.102,20.809,0.008
"Dessert aus Joghurt mild, Frischkäse und Fruchtzubereitung, gesüßt",108,4.87,3.82,13.0,0.062
"Schweinebauch gefüllt, gebraten im Ofen",348,14.78,27.0,9.9,0.612
Currysauce von heller/weißer Grundsauce,58,0.79,4.5,3.57,0.785
Kümmelwurst (Rohwurst),336,23.23,27.04,0.0,3.8
Mortadella süddeutsch,172,12.86,13.3,0.15,2.0
"Buttermilchdrink mit Fruchtzubereitung, gesüßt, angereichert mit Vitaminen",62,2.42,0.42,11.7,0.09
Hummus/Kichererbsenmus,324,5.9,28.5,8.0,0.98
Hammelgulasch,254,6.6,23.3,4.0,0.708
Weißkrautsalat (gegart) mit rohem Mix aus Apfel-Karotte-Sellerie und Essigmarinade,98,0.96,7.67,4.6,0.32
Cordon bleu von der Pute gebraten,229,21.9,11.85,8.32,0.682
"Salat aus Eierteigwaren, würzig, mit Mayonnaise, gestreckt mit Joghurt",141,2.6,9.17,11.0,0.5
Smoothie grün (Früchte/Gemüse),46,1.3,0.3,8.0,0.028
Linsengemüse gekocht,67,4.707,0.4,9.0,0.135
Zitronenkuchen (Rührmasse),437,4.51,20.3,58.2,0.192
"Blätterteigtaschen gefüllt mit Blattspinat und Schafskäse, gebacken",360,8.9,27.43,18.0,0.998
Mohnstollen/Mohnstriezel (Hefeteig),329,11.5,16.8,30.0,0.09
"Languste gekocht, gegrillt",111,23.295,2.027,0.0,0.712
"Europäische Auster tiefgefroren, gegrillt",99,13.164,4.39,1.627,0.598
Eierlikörtorte (Schoko-Mandelbiskuit),349,7.97,22.62,23.7,0.178
Rindfleisch gekocht,167,26.17,6.9,0.04,0.24
Kartoffelsouffle mit Broccoli,135,7.29,8.21,7.3,0.535
Muffins vegan (Rührmasse),387,4.64,15.8,55.3,0.682
Vollmilchschokoladen-Riegel gefüllt mit Nougatcreme und Waffel,532,6.37,32.8,51.5,0.158
"Schaf Hinterhaxe, mager, tiefgefroren, gebraten ohne Fett (Ofen)",143,27.3,3.77,0.0,0.245
Endivien-Tomatensalat mit Essigmarinade,116,0.9,11.35,1.51,0.268
"Paprikahuhn gedünstet, mit Sauce",184,14.9,13.0,1.4,0.65
Seehechtfrikassee,129,13.6,7.3,1.5,0.588
"Kartoffelpüree mit Milch 1,5 % Fett",85,2.4,2.49,12.76,0.305
Käsewiener,247,12.9,21.69,0.06,2.0
Apfel-Bananen-Birnensalat mit Honig gesüßt,72,0.71,0.4,15.1,0.002
"Gemüsemischung Erbsen-Karotten, gedünstet",62,3.3,0.427,9.115,0.03
"Vanillepudding, Flammeri, zubereitet aus Pulver und Milch 1,5 % Fett",92,3.29,1.44,16.32,0.152
Kalbfleischsülze Konserve,82,11.9,3.8,0.02,1.8
Grüne Eiersauce von heller/weißer Grundsauce,77,3.61,5.6,2.8,0.75
Französische Schweinefleischterrine gebacken,326,18.67,27.78,0.21,1.758
"Schaumomelett gesüßt, gebraten, mit Zitronensaft beträufelt",238,10.6,17.9,8.537,0.445
Hühnerbrühe mit Reis,16,0.8,0.3,2.6,0.81
Tomatensuppe aus frischen Tomaten und Gemüsebrühe,29,0.79,1.2,3.1,0.365
Omelett gebraten mit Kräutern,195,12.11,15.97,0.67,0.498
Kasseler Pirogge (Kasseler im Hefeteig gebacken),241,15.6,8.24,25.0,1.828
Tintenfischsalat mit Essigmarinade,100,7.0,6.9,1.8,0.765
Fisch-Pichelsteiner mit Seelachs,92,8.01,2.7,8.0,0.235
"Hirschfleischpastete mit Alkohol, gebacken",231,21.13,15.68,0.9,1.8
Nudelpudding (Teigwaren eifrei) mit Kochschinken,149,9.8,5.2,15.2,0.6
Weizenbrötchen mit Schinkenspeck,296,9.6,2.75,56.0,1.5
Bienenstich (Hefeteig),332,6.44,19.34,32.0,0.112
"Joghurt mind. 3,5 % Fett, mit Frucht-Schokoladenzubereitung, gesüßt",104,3.46,3.5,13.93,0.088
"Zanderfilet Müllerinart (mehliert, gebraten)",107,18.89,1.3,4.02,0.385
"Haferflocken ungesüßt, mit Milch 3,5 % Fett und Fruchtmischung",136,5.08,3.3,19.6,0.038
Vollmilchschokolade mit Rosinen und Haselnüssen (alkoholhaltig),520,6.3,31.6,49.6,0.15
Grießbrei (als Dessert) mit Schokoladensauce,110,4.24,4.13,13.6,0.102
Paprikacremesuppe,61,0.88,4.4,3.9,0.388
Leberrisotto/Leberreis,153,7.8,4.7,19.5,0.502
Hannoversche Weißwurst,256,17.82,20.27,0.46,1.845
Orangencreme abgeschlagen (mit Gelatine) mit Weißwein,190,3.4,12.8,12.59,0.05
Kichererbsenbratlinge gebraten,190,9.4,5.1,22.0,0.395
"Rind Keule, tiefgefroren, gekocht",187,28.6,8.1,0.0,0.125
Radieschensalat mit Essigmarinade,69,0.97,5.74,2.3,0.15
"Clubsandwich mit Thunfisch, Gurke, Emmentaler und Mayonnaise",242,11.9,13.72,16.6,1.188
Krebssuppe,32,5.0,0.9,0.4,0.742
Griechischer Salat,107,3.77,8.73,2.3,0.508
"Sahneflammeri/Sahnepudding, mit Früchten",185,2.7,10.7,18.9,0.092
Apfelkuchen vegan (Rührmasse),198,2.2,7.51,29.1,0.242
"Pilze gedünstet, mit saurer Sahne",110,4.08,8.6,3.5,0.28
"Rehschnitzel paniert, gebraten",228,24.08,10.95,8.03,0.652
Liegnitzer,403,6.3,14.1,60.4,0.298
Eierteigwaren gebraten mit Steinpilzen und Tomaten,109,4.4,2.2,17.0,0.362
"Seelachs im Backteig, tiefgefroren",227,13.0,11.1,18.11,0.83
"Meerrettichsauce von Bechamelsauce mit Milch 3,5 % Fett",115,4.45,7.08,7.86,0.188
Eierteigwaren gebraten mit Thunfisch,117,6.6,2.25,17.0,0.402
Nusskranz (Hefeteig),351,8.5,13.5,47.0,0.115
Erdbeerkuchen (Rührmasse) mit Klarguss,133,2.62,4.78,18.46,0.042
Kabeljaufilet im Backteig (mit Bier) frittiert,221,14.8,11.8,12.84,0.502
"Pastete (Mürbeteig) mit Champignon-Käsefüllung, gebacken",302,10.6,19.58,20.0,0.8
Aalrauchmettwurst,358,22.6,29.57,0.21,3.8
Borschtsch (Rote-Bete-Suppe),57,4.35,2.6,3.4,0.38
"Schwarzwurzel tiefgefroren, gedünstet",61,1.434,0.444,8.6,0.012
Grünkernmehlsuppe,51,1.1,3.9,2.69,0.695
Johannisbeerkompott mit Süßstoff,30,1.118,0.155,3.34,0.025
"Europäische Auster tiefgefroren, gedämpft",69,8.036,3.5,1.298,0.405
"Karotten/Möhren, gekocht, in Butter geschwenkt",65,0.86,3.288,6.296,0.372
"Biersuppe gesüßt, gebunden mit Stärke",78,2.4,2.6,10.06,0.048
Käsetorte (Mürbeteig),261,8.4,12.1,28.9,0.19
Karottensalat (gegart) mit warmer Essigmarinade,66,0.72,3.9,5.19,0.265
"Sahnepudding, Flammeri, zubereitet aus Pulver, Milch 3,5 % Fett und Sahne",198,2.9,13.52,16.2,0.152
Rote-Bete-Suppe mit Apfel und Meerrettich,29,0.82,1.2,3.4,0.54
Cola-Misch-Getränk Orange,36,0.015,0.0,9.0,0.002
"Hummer gekocht, gebraten ohne Fett (Pfanne)",95,17.267,2.896,0.0,0.742
Himbeersahnecreme für Gebäck/Torten,208,2.1,13.7,17.5,0.042
Kalbsleberspießchen gegrillt,198,13.63,11.93,8.4,1.2
Schokoladen-Haselnussmakronen,505,9.4,29.5,48.2,0.108
Trüffeltorte (Schoko-Wasserbiskuit),363,6.79,17.49,42.9,0.202
Schokoladen-Nusstorte (Rührmasse),431,7.12,25.16,42.2,0.192
Fruchtgrütze zuckerreduziert,88,1.0,0.3,17.5,0.005
Fränkischer Fleischpresssack,237,18.09,18.17,0.18,1.8
Eier-Frischteigwaren Ravioli (Fleischfüllung) roh,235,9.8,5.5,35.0,1.5
Gemüserisotto,121,2.8,2.9,19.8,0.305
Quarkcreme,127,8.5,5.27,10.89,0.08
Eiskonfekt,601,2.4,42.7,51.3,0.38
Bananenkompott,101,1.053,0.3,22.21,0.005
Kräutersauce von heller/weißer Grundsauce,85,0.96,7.4,3.59,0.718
Feine Leberwurst fettreduziert,163,19.9,8.89,0.75,1.8
"Speiseeis Vanille, in Waffeltüte",221,3.21,10.94,26.8,0.095
Gnocchi roh,152,3.88,0.61,31.9,1.3
Spargelcremesuppe,58,0.87,4.7,2.87,0.125
Vollmilchschokolade gefüllt mit Nuss-Gewürzcreme,576,5.78,38.64,50.2,0.13
"Jagdwurstpastete mit Mürbeteig, gebacken",251,16.56,17.07,7.14,1.5
Pannacotta,330,3.4,30.9,9.545,0.128
Erdbeersahnecreme für Gebäck/Torten,206,2.0,13.7,17.8,0.042
Fruchtkompott,71,0.56,0.3,15.6,0.005
"Zucchinischeiben paniert, gebraten",154,6.4,8.56,12.0,0.562
Buchweizentorte (Wasserbiskuit) mit Heidelbeersahnecreme,259,5.8,13.3,27.5,0.16
"Fleischküchlein fein (Schwein/Kalb, Hackfleisch) gebraten",212,14.33,13.91,7.0,0.618
"Barsch/Flussbarsch, tiefgefroren, gedünstet",70,16.24,0.6,0.0,0.118
Mandelkranz (Hefeteig),337,9.2,11.6,47.0,0.115
Englischer Teekuchen glutenfrei,359,4.4,18.1,42.3,0.235
Kartoffelklöße halb und halb,105,3.84,1.04,19.26,0.305
Eier im Ausbackteig gebraten,208,11.56,13.54,9.6,0.48
"Riesengarnelen mariniert, gegrillt",181,24.0,9.2,0.12,0.48
Kaisergemüse gedünstet,64,2.02,3.9,4.2,0.3
Gebratene Rinderkutteln mit Ei aus Bologna,329,18.3,28.2,0.4,1.818
Käsesoufflee,338,14.9,28.3,5.6,0.78
Schwarzbrotauflauf mit Schokolade,321,6.1,16.3,35.9,0.43
"Camembert paniert, frittiert",294,18.41,22.07,5.09,1.262
Leberkäse,295,11.8,27.4,0.17,1.498
Schmand-Dip mit Schnittlauch,184,2.632,17.6,2.8,0.612
Hackfleisch-Kohlpudding,247,18.15,17.8,2.74,1.005
Feines Früchtebrot (mit Roggenbrotteig zubereitet),286,3.9,5.3,51.0,0.17
Apfelgrütze,92,0.301,0.2,21.2,0.008
Hähnchencreme (Brotaufstrich),300,12.9,26.7,1.75,1.06
Mornaysauce von Bechamelsauce,166,5.9,13.8,4.3,0.548
"Sardinen mit Fenchelsamen, gedünstet",139,14.118,7.98,2.1,0.52
Pumpernickel mit Krabbencreme,146,8.505,5.8,12.7,0.728
"Eierkartoffeln mit Tomaten, überbacken",96,3.2,5.6,7.5,0.2
Basilikumbutter,551,2.7,59.1,1.7,0.45
"Schokoladenpudding, Flammeri, zubereitet aus Pulver und Milch 3,5 % Fett",115,3.56,3.3,17.4,0.15
Rotweinpunsch,85,0.2,0.0,5.13,0.005
"Grüne Bohnen gekocht, in Butter geschwenkt",63,2.121,4.311,3.2,0.33
Vollmilchschokolade mit Trüffelfüllung (alkoholhaltig),519,5.77,33.94,44.6,0.145
Laugengebäck mit Hagelsalz,282,9.132,4.113,50.0,2.81
Blutbregenwurst,140,17.26,7.78,0.28,2.0
"Bierschinkenpastete mit Mürbeteig, gebacken",280,18.05,19.53,7.57,2.8
Göttinger Bierwurst/Göttinger Blasenwurst,236,10.17,21.68,0.08,2.0
Schokoladen-Makronen,468,11.9,23.6,49.2,0.112
Seelachsschnitten gegrillt,124,21.072,4.3,0.077,0.1845
Bockwurst,273,13.1,24.5,0.0,2.2
Apfelmeerrettich,130,2.43,7.6,11.1,0.415
Donut (Hefeteig) frittiert,336,7.3,14.8,41.9,0.08
Gemüsewaffeln pikant,182,9.44,6.9,18.56,0.475
Rheinische Mutzen (Nudelteig) frittiert,323,8.58,9.1,50.3,0.14
"Aal in Rotwein mariniert, pochiert",219,9.0,19.5,0.52,0.238
Zitronencreme (mit Gelatine),158,5.6,9.8,10.61,0.082
"Frucht-Chutney, Würzsoße",282,0.6,0.33,68.0,2.962
Tomatensalat mit Essigmarinade,86,0.83,7.47,2.89,0.15
Rindsbratwurst,213,10.884,18.78,0.0,1.908
Reisauflauf mit Kochschinken und Käse,177,9.51,8.35,15.4,0.86
"Rinderrumpsteak gebraten, mit gebratenen Zwiebeln",155,22.62,6.03,2.14,0.65
Chicoree mit Speck geschmort,59,3.38,3.6,2.6,0.8
Helle Zungenwurst,286,17.3,24.0,0.22,2.0
Mandarinen-Schmand-Kuchen (Quark-Öl-Teig),198,3.97,9.38,23.6,0.192
Käsekuchen (Vollkornmürbeteig),274,8.57,14.2,26.57,0.192
Spinatauflauf/Spinatpudding,123,5.3,5.51,12.16,0.708
Kräutercremesuppe,93,0.91,9.2,1.5,0.612
Fleischbrühe mit Flädle,55,2.07,2.8,5.17,0.572
"Kalbskotelett gebraten, mit gebratenen Champignons",104,16.91,3.4,1.2,0.36
"Waffeln, einfache (Rührmasse)",459,8.19,24.83,49.8,0.37
"Mozzarella paniert, frittiert",295,16.62,22.93,5.05,0.58
"Grießbrei gesüßt, mit Butter und Ei",114,4.6,5.08,12.16,0.115
"Schwein Herz, tiefgefroren, gebraten ohne Fett (Pfanne)",160,24.7,6.81,0.0,0.3595
Gemüsebrühe mit Hühnerfleisch und Reis,65,5.66,3.6,2.5,0.535
Sahnemeerrettich,155,4.492,10.6,8.503,0.795
Erdbeer-Sahnecremetorte (Wasserbiskuit),290,3.8,22.0,18.5,0.148
Leberpresssack einfach,291,15.3,25.3,0.47,1.8
Entenfleisch im Backteig (mit Bier) frittiert,370,17.7,26.1,15.18,0.295
Marzipanstangen (Rührmasse),498,6.39,28.6,51.7,0.078
Fenchelsuppe mit Orangenfilets,40,0.74,2.9,2.2,0.53
"Seezunge Müllerinart (mehliert, gebraten)",108,18.18,2.6,2.58,0.592
Jagdwurst fettreduziert,112,16.81,4.9,0.09,2.2
Champignonleberwurst,250,12.87,21.58,0.9,1.8
"Vanillesahneeis mit Schlagsahne, frischen Erdbeeren und Rum",157,1.7,12.09,6.69,0.038
"Speisequarkzubereitung mind. 20 % Fett i. Tr., mit Fruchtzubereitung, gesüßt",122,7.03,3.51,14.97,0.075
Pfirsichtorte (Mürbeteig) mit Klarguss,189,2.7,9.15,23.15,0.035
Gaisburger Marsch,79,6.75,2.6,6.7,0.455
"Krabben in Dillcreme, Präserve",309,10.2,27.243,5.483,1.528
Nussboden (mit Eiklar zubereitet),391,8.4,17.8,48.2,0.188
"Rinderfilet gebraten im Ofen, ohne Sauce",191,24.49,10.35,0.01,0.645
Biersauce,56,0.9,3.3,4.2,0.388
"Kabeljau im Backteig, tiefgefroren",216,12.2,10.26,18.11,0.858
"Gemüse-Eintopf/Gemüsepichelsteiner, mit Rind- und Schweinefleisch",94,5.17,5.1,6.0,0.368
"Pie (Mürbeteig) gefüllt mit Gemüse und Schweinehackfleisch, gebacken",377,9.1,26.9,23.49,0.358
"Grünkohl tiefgefroren, gedämpft",51,4.028,0.648,3.21,0.055
"Kalbfleischpastete (Mürbeteig) mit Speck und Kochschinken, gebacken",307,15.0,18.6,18.9,1.2
Kirschsauce gebunden,106,0.585,0.3,23.938,0.005
Kalbsroulade mit Lachsschinken (mit Schweinefleisch),147,15.87,9.01,0.42,2.0
"Sahnekefir mind. 10 % Fett, mit Fruchtzubereitung, gesüßt",136,2.396,7.9,13.26,0.085
Selleriepüree,23,1.11,0.6,1.9,0.55
"Gans Schenkel tiefgefroren, gebraten ohne Fett (Pfanne)",206,24.49,11.96,0.0,0.2375
Terlaner Weinsuppe,70,1.6,6.5,0.51,0.592
Gurkensalat mit Joghurtmarinade,35,1.47,1.83,2.33,0.168
"Buchweizengrütze (mit Milch 3,5 % Fett)",161,7.03,4.9,20.93,0.335
Kartoffel-Gemüse-Kuchen,94,4.417,4.2,8.7,0.31
Zervelatwurst fettreduziert,252,25.54,16.49,0.21,3.8
"Schaf Filetmedaillon, tiefgefroren, gegrillt",161,31.25,3.95,0.0,0.161
"Erdbeermilch mit Milch 1,5 % Fett",54,2.37,1.1,7.96,0.052
Eierteigwaren mit Butterflöckchen,164,5.0,5.312,23.309,0.34
Ambrosiacreme (Saure-Sahne-Creme mit Rum),131,4.2,4.0,17.7,0.1
Karpfen pochiert im Wurzelsud,76,9.825,2.87,1.8,0.145
Mandelkrokant,549,14.868,42.635,22.97,0.01
Hamburger National (Steckrüben-Kartoffel-Eintopf mit Poularde),64,4.0,2.8,5.0,0.1
Dinkeleierteigwaren gekocht,139,5.71,0.9,25.61,0.008
"Tomaten gefüllt mit Kräuter-Brot-Parmesan-Mischung, gegrillt",165,3.95,12.42,8.0,0.83
Knoblauchwurst einfach,573,17.92,55.65,0.0,3.8
Mohnschnecken (Blätterteig),464,9.59,32.17,31.03,0.2
"Rotzunge mehliert, gebraten",102,17.58,1.9,3.14,0.665
Schinkenrisotto,148,4.97,4.0,22.5,0.5
"Langos (Hefeteig) frittiert, ungefüllt",340,8.63,10.0,52.0,1.218
Lammragout mit Karotten,165,11.09,11.2,4.31,0.665
Bitterschokolade gefüllt mit Marzipan (alkoholhaltig),513,8.6,35.5,35.0,0.018
"Tintenfisch tiefgefroren, gekocht",71,15.094,1.22,0.0,1.028
Schwarztee (Getränk) mit Zitronensaft und Zucker,8,0.008,0.0,1.823,0.005
"Grießpudding mit Sahne, gesüßt",129,2.84,6.77,14.03,0.122
"Cocktail, Margarita",70,0.0,0.0,2.4,0.338
"Eierteigwaren gekocht, gebraten ohne Fett (Pfanne)",133,5.3,0.929,25.225,0.25
Schokoladenkuchen (Rührmasse),402,7.4,19.53,47.7,0.445
"Heringsfilet in Senfcreme, Konserve",160,10.5,11.47,3.17,1.298
Bananenquark,114,7.677,3.2,12.56,0.052
"Gemüsemischung mexikanische Art, roh",59,3.3,0.5,7.8,0.005
"Schwarzer Heilbutt tiefgefroren, gedünstet",147,11.526,11.2,0.0,0.212
Weiße Lebkuchen,385,11.55,13.1,53.0,0.122
"Mais gekocht, gebacken",99,2.566,1.067,18.632,0.002
Gratin aus Eierteigwaren und Spinat,183,6.9,10.3,15.0,0.78
"Gulaschsuppe ungarisch, mit Rindfleisch, Fleischbrühe, Tomaten und Kartoffeln",59,2.8,3.8,3.0,0.57
Apfel-Bananensalat mit Honig gesüßt,73,0.845,0.4,15.0,0.002
"Shiitakepilz getrocknet, gekocht",140,11.7,0.9,11.18,0.01058
Schweinezungensülze,157,17.0,9.6,0.53,1.5
Kalbsschnitzel gebraten mit Parmaschinken (Saltimbocca) und Sauce,194,21.6,11.9,0.04,1.178
"Schafmilch-Camembert paniert, frittiert",310,17.15,24.16,5.48,1.322
"Eier-Frischteigwaren, rot, selbstgemacht, roh",253,9.9,5.1,40.3,1.022
Amerikaner (Rührmasse),380,5.62,13.7,57.1,0.348
Brötchen mit Fleischkäse,282,13.76,16.61,18.44,2.115
Reis mit gedünsteten Champignons,113,2.68,1.4,21.9,0.0798
Rotbarschfilet im Backteig (mit Milch) frittiert,213,14.2,12.1,11.2,0.572
"Schaf Brust, mittelfett, tiefgefroren, gebraten ohne Fett (Ofen)",215,25.9,12.4,0.0,0.255
"Knoblauch tiefgefroren, gedünstet",105,6.59,0.458,3.0,0.0214265
Plockwurst einfach,520,18.93,49.23,0.15,3.5
"Schwein Bauch (wie gewachsen) tiefgefroren, gegrillt",421,23.65,36.24,0.0,0.1902
"Fruchtkompott gemischt, ungesüßt",52,0.646,0.3,10.6,0.005
Kartoffel-Kohlrabi-Gratin mit Käse,103,3.03,4.43,12.0,0.28
Käsekuchen mit Streuseln (Mürbeteig),304,7.95,14.3,35.1,0.165
Birnensaftschorle,32,0.135,0.116,7.8,0.0155
Currybratwurst gegrillt,240,12.28,21.17,0.05,1.8408
Seehechtfilet pochiert (ohne Sauce),65,12.402,1.5,0.112,0.3
Lollo-Rosso-Salat mit Essigmarinade,158,0.83,16.04,1.2,0.345
"Erfrischungsgetränk isotonisch, gesüßt, angereichert mit Vitaminen und Mineralstoffen",18,0.071,0.0,4.2,0.012
"Grünkohl tiefgefroren, gekocht",50,3.924,0.632,3.13,0.065
Quarkremoulade,199,9.93,16.59,2.07,0.462
Sächsisches Zwiebelfleisch vom Rind,88,10.62,2.7,4.6,0.432
Gorgonzolasauce,241,9.23,22.1,1.0,1.428
Dorschleber Konserve,694,4.7,75.0,0.0,1.098
Lammragout orientalische Art,197,14.7,12.6,5.6,1.0
"Vanillepudding, Flammeri, zubereitet aus Pulver und Sojadrink",76,2.61,1.02,13.41,0.13
"Kekse/Plätzchen, kakaohaltig (Rührmasse) schokoliert",529,6.8,30.83,53.8,0.088
Melonenkaltschale,38,0.7,0.2,7.5,0.015
"Weizen ganzes Korn, gekocht, gebraten ohne Fett (Pfanne)",226,8.7668,1.188,40.513,0.012
Sülzwurst,169,17.9,10.7,0.25,2.0
Buchweizenplinsen gebraten,319,7.8,16.8,33.0,0.095
Seezunge gebraten in Butter,104,19.399,2.7,0.132,0.63
"Gemüse-Kartoffel-Fisch-Brei, mit Karotte und Lachs (ohne Salz, geeignet für Beikost)",100,3.32,5.876,7.576,0.04
Schinken-Käse-Sülze,121,16.0,5.6,0.84,1.745
Erdbeersahnetorte (Wasserbiskuit),234,3.6,14.1,22.3,0.11
Rostbratwurst gargezogen,159,14.82,11.06,0.07,1.5668
Fleischsulze mit gekochtem Schweinefleisch,83,9.5,4.7,0.61,0.455
"Schaf Filetmedaillon, tiefgefroren, gebraten ohne Fett (Ofen)",146,29.26,3.21,0.0,0.1408
Kartoffel-Gemüsesuppe mit Gemüsebrühe,48,0.94,2.0,6.0,0.5
"Knuspermüslimischung mit Trockenfrüchten, gesüßt, angereichert mit Vitaminen und Mineralstoffen",410,7.9,14.1,59.2,0.42
Avocadocreme (Guacamole),113,1.41,10.2,2.0,0.45
Kabeljaufilet gedünstet (mit Fett und Salz),102,15.8,4.2,0.06,0.718
Gemüsesuppe mit Kartoffeln,27,1.0,1.2,2.7,0.572
"Gemüse-Kartoffel-Brei, mit Karotte, Pastinake (ohne Salz, geeignet für Beikost)",92,1.325,5.031,9.3,0.022
Käse im Blätterteig gebacken,426,16.6,32.68,15.47,1.108
Punschsauce,87,0.077,0.0,15.9,0.005
"Mandelbrot (mit Eiklar, ohne Fett zubereitet)",399,12.3,15.13,51.63,0.13
"Speiseeis Karamell, in Waffeltüte",214,4.5,9.94,26.4,0.088
Wildfrikadellen gebraten,135,22.03,2.35,6.0,0.662
Champignonsuppe aus frischen Champignons,40,2.26,2.3,2.7,0.5
Käsesauce von Bechamelsauce mit Kochschinken,123,7.8,8.2,4.18,0.74
Smoothie gelb (Früchte),50,0.7,0.2,9.7,0.01
Anspacher Leberpresssack/Leberpresssack,300,14.12,26.8,0.55,2.055
"Pfannkuchen/Eierkuchen, mit Milch 3,5 % Fett und Heidelbeeren, gebraten",241,6.0,11.98,25.66,0.155
"Pfannkuchen/Eierkuchen mit Milch 3,5 % Fett, gebraten, gefüllt mit Konfitüre",263,7.4,10.8,33.1,0.292
"Biskuitrolle/Biskuitroulade, mit Mandarinensahnecreme",244,5.7,10.7,30.6,0.125
Früchtequark,94,4.8,1.0,15.6,0.05
"Joghurt aus entrahmter Milch, max. 0,5 % Fett, mit Fruchtzubereitung, Zucker und Süßungsmitteln",44,3.681,0.113,6.3,0.128
Fischsalat mit Kabeljau und Essigmarinade,104,9.8,6.46,1.11,0.495
"Grünkern Vollkornschrot gekocht, gebraten ohne Fett (Pfanne)",64,2.21,0.51,11.44,0.0002
Sahnehering,156,10.44,11.3,2.1,5.82
Grüne Erbsensuppe St. Germain,52,2.7,1.5,5.6,0.08
Kaninchenbraten ohne Sauce,171,25.1,7.8,0.08,1.0
Flammkuchen vegetarisch,221,6.85,10.73,23.0,0.485
Bitterschokolade mit Haselnüssen,586,10.53,45.98,27.7,0.016
Tomatensuppe aus Tomatenmark mit Gemüsebrühe,41,0.7,2.8,3.0,0.76
Mayonnaise-Dressing,342,6.7,32.44,5.01,1.028
"Cashewkern geröstet mit Fett, gesalzen",594,19.6,49.495,15.8,0.985
"Champignon getrocknet, gekocht",134,17.08,1.279,13.8,0.4341
"Polenta (Maisgrieß mit Wasser, Fett und Salz) gekocht, gebraten ohne Fett (Pfanne)",126,1.903,6.3,14.383,0.41
Gurken- und Kopfsalat mit Joghurtmarinade,33,1.48,1.56,2.4,0.135
Grüne-Bohnen-Salat (gegart) mit warmer Essigmarinade,57,1.62,3.8,2.8,0.422
"Bratkartoffeln aus rohen Kartoffeln, mit Zwiebeln",221,2.867,12.697,22.502,0.4275
Studentenschnitzel (Fleischkäse gebraten mit Spiegelei),287,14.12,25.26,0.55,1.702
Schokoladen-Dragees (Schokolinsen),466,2.91,15.03,74.5,0.015
"Schweinerückenpastete mit Mürbeteig, mit Alkohol, gebacken",187,20.35,7.61,8.75,1.188
Feldsalat mit Essigmarinade,168,1.2,17.3,0.64,0.34
Tofu-Bratlinge gebraten ohne Fett (Pfanne),166,9.34,6.17,16.8,1.26
Heringssalat mit Apfel und Essigmarinade,173,8.67,13.7,2.4,5.242
"Schwein Stielkotelett, tiefgefroren, gebraten ohne Fett (Pfanne)",206,26.99,10.9,0.0,0.1398
Schweineohren/Schweinsohren (Blätterteig),588,4.14,39.72,52.38,0.388
"Chinesische Suppe scharf, mit Hähnchenbrustfilet",54,5.8,0.7,5.5,0.725
"Müsli Bircher-Benner Art, gesüßt, mit Äpfeln, Rosinen, Sahne und Nüssen",129,1.7,4.3,19.3,0.01
Gänseleberwurst mit Trüffeln und Schweinefleisch,193,14.3,14.54,1.1,2.0
Grüner-Spargel-Salat (gegart) mit Essigmarinade,148,3.27,10.72,7.46,0.21
"Französische Zwiebelsuppe, mit Weißbrotscheiben, überbacken",64,2.7,3.3,5.48,0.66
Sahneflammeri/Sahnepudding (als Dessert) mit Karamellsauce,207,3.8,12.45,19.79,0.122
Vollkornplunderteig gebacken,438,8.6,26.96,37.0,0.935
"Kürbissuppe scharf, mit Sahne",70,1.0,5.9,3.0,0.45
"Schweineschnitzel natur, gebraten, mit Grundsauce dunkel/braun",125,20.19,3.9,2.18,0.562
Zitronenbutter,667,1.123,73.1,0.689,0.45
"Pfannkuchen/Eierkuchen, mit Milch 3,5 % Fett, gebraten in Butter",266,8.2,11.77,31.11,0.21
Schweinskopfwurst,216,15.9,16.85,0.08,2.0
Omelett gebraten mit Kartoffeln und Kochschinken,170,7.96,11.91,7.17,0.62
"Speiseeis (Kaffee, Karamell, Schoko, Vanille) gemischt",196,3.6,9.7,22.9,0.098
Spargelsalat (gegart) mit Essigmarinade,85,1.42,7.95,1.13,0.155
"Speiseeis überzogen mit Schokolade, Karamell und Mandeln",302,4.5,17.28,30.9,0.135
Rheinische Bratwurst gebraten ohne Fett (Pfanne),242,12.59,21.19,0.09,2.035
"Milchreis mit Milch 3,5 % Fett und Banane roh",124,4.03,2.5,20.8,0.082
Fleischbrühe mit Eierteigwaren,17,0.9,0.3,2.64,0.578
Linzer Torte (Mürbeteig),480,8.9,29.7,42.4,0.055
Karamellflammeri/Karamellpudding,158,3.9,4.55,25.2,0.13
Blumenkohl im Backteig (mit Bier) frittiert,246,6.5,14.3,21.36,0.275
Marzipanfüllung für Gebäck/Torten,444,6.09,28.7,38.94,0.14
Gerollte Marzipan-Nuss-Schnitten (Quark-Öl-Teig),410,7.7,22.1,42.8,0.598
Eierpunsch,170,3.19,7.77,10.6,0.092
Schaschlik (mit Schweinefleisch) gegrillt,157,16.22,8.27,3.82,0.8
Wiener Würstchen mit Brötchen und Senf,274,11.43,16.68,18.45,1.978
Kartoffelsuppe mit Gemüsebrühe,57,1.01,1.8,9.0,0.46
"Hummersuppe mit Schlagsahne, Weißwein und Bleichsellerie",64,4.0,4.5,1.0,0.62
Knollensellerie gedünstet (mit Fett und Salz),44,1.07,2.8,1.91,0.368
Fleischbrühe mit Eierstich,18,1.5,1.2,0.32,0.668
"Getreideflakes gesüßt, mit Trockenfrüchten, angereichert mit Vitaminen und Mineralstoffen",346,8.9,1.6,70.3,0.592
Schweineroulade,194,15.21,14.71,0.17,1.8
Broccoli im Backteig (mit Bier) frittiert,234,6.8,14.19,17.7,0.502
"Rinderlebergeschnetzeltes, mit Grundsauce dunkel/braun",139,11.77,7.5,6.01,0.578
Rinderkraftbrühe mit Grießklößchen,32,1.67,1.3,3.41,0.562
Wildbretgalantine gebacken,156,24.6,6.38,0.06,1.8
Sellerie-Lauchcremesuppe,38,1.1,2.18,3.0,0.118
"Biskuitrolle/Biskuitroulade, mit Himbeersahnecreme",238,5.6,10.4,29.3,0.12
"Hähnchen Brustfilet, tiefgefroren, gebraten ohne Fett (Pfanne)",137,30.79,1.59,0.0,0.147
"Johannisbeersauce einfach, aus Fruchtsaft",79,0.992,0.1,16.96,0.005
"Hefeteig gesüßt, mit Milch 3,5 % Fett, roh",317,7.91,10.14,47.0,0.572
Quarkauflauf,232,10.5,11.1,21.5,0.372
Kürbis-Kuchen (Rührmasse),339,5.2,16.1,41.7,0.2
Reis mit gedünstetem Gemüse und Kochschinken,108,3.83,2.24,17.5,0.2
"Speiseeis (Karamell, Schokolade) gemischt",208,3.9,9.63,25.7,0.092
Seezungenfilet gegrillt,124,20.34,4.7,0.03,0.69
Teufelssauce von dunkler/brauner Grundsauce,66,0.97,4.2,4.79,0.68
Erdbeersauce roh,106,0.667,2.3,19.493,0.01
Leberspätzle/Leberreis,240,15.18,5.43,31.26,0.528
Nektarinenkompott ungesüßt,32,0.7,0.1,6.0,0.0035
Steinpilzsuppe,35,2.48,1.5,2.26,0.532
"Zander tiefgefroren, gedünstet",76,17.647,0.62,0.0,0.06
"Lammkeule geschmort mit Zwiebeln und Senf, mit Grundsauce dunkel/braun",189,22.05,9.8,3.0,0.72
Eierstich mit Kräutern,100,7.71,6.78,2.09,0.592
Gänseleber in Aspik,135,20.2,5.3,1.53,1.692
"Edelkrebs/Flusskrebs, gekocht, gegrillt",83,18.904,0.806,0.0,0.92
"Spargel gekocht, mit Grundsauce hell/weiß",37,1.56,1.5,3.82,0.4
Thunfischaufstrich mit Mayonnaise,131,18.2,6.0,0.63,1.072
Königskuchen (Rührmasse) mit Alkohol,373,6.9,16.2,47.9,0.39
Nussecken (Mürbeteig),545,7.4,36.6,44.6,0.102
Rinderbierschinken,125,15.71,6.91,0.08,2.2
Schoko-Plunder,500,8.65,29.16,49.0,0.908
Kalbsroulade mit Schweinefleisch,157,14.57,10.78,0.32,1.8
"Hummer gekocht, gegrillt",118,21.534,3.501,0.0,1.055
"Buttermilchdessert mit Sahne und Fruchtzubereitung, gesüßt",110,3.446,3.944,14.696,0.13
Weingelee,87,1.6,0.0,16.58,0.015
"Bananenmilch mit Milch 3,5 % Fett",71,2.54,2.3,9.39,0.055
"Glasnudelsalat mit Putenbrust, Gemüse und Essigmarinade",97,4.2,3.1,12.3,0.612
"Apfelreis mit Milch 3,5 % Fett",116,3.28,3.4,17.4,0.078
Apfelkuchen gedeckt (Hefeteig),187,3.5,5.6,29.0,0.032
Gelee extra,230,0.6,0.1,55.0,0.01
Frikadellen aus Rindfleisch gebraten,299,21.24,21.05,5.98,0.73
Bratkartoffeln mit Ei,198,4.509,13.398,13.84,0.3
Quark-Grieß-Auflauf,143,5.5,7.3,13.4,0.12
Endiviensalat mit Essigmarinde,154,0.83,15.93,0.64,0.368
Geflügelsalat (Huhn) mit Essigmarinade,123,13.0,5.95,3.3,0.152
"Kartoffelkloß halb und halb, tiefgefroren",116,4.09,1.09,21.53,0.09
Schafskäse-Dip,236,8.64,18.58,6.4,0.93
Brötchen mit Tilsiter und saurer Sahne überbacken,348,17.58,19.5,24.5,1.68
"Rind Hackfleisch, gekocht",299,28.653,20.488,0.0,0.132
Apfel-Bananenmus (roh) mit Rosinen,70,0.9,0.4,14.1,0.002
Gewürzkuchen (Rührmasse),420,7.81,21.29,48.2,0.468
Kartoffelbällchen (Hefeteig mit gekochten Kartoffeln) frittiert,353,6.81,18.8,38.0,0.112
"Tintenfischtuben gefüllt, gegrillt",173,20.13,7.8,5.0,1.995
Rührei gebraten mit Paprika,176,10.76,13.52,2.3,0.572
Schweinehirn gebraten mit Ei,149,12.15,10.85,0.4,0.95
Geflügelleberwurst,106,21.8,2.0,0.12,2.0
Kalbszunge in Weißweinaspik,114,12.7,6.2,0.44,1.5
Rinderkraftbrühe mit Flädle/Frittaten/Suppenpfannkuchen,54,2.07,2.7,5.14,0.502
Mischpilze gedünstet,47,4.9,0.4,3.05,0.018
"Biskuitrolle/Biskuitroulade, mit Erdbeersahnecreme",240,5.6,10.5,29.9,0.122
"Blumenkohl tiefgefroren, gebraten ohne Fett (Pfanne)",66,2.6,0.622,11.23,0.06
Eberswalder Spritzkuchen (Brandmasse) frittiert,374,5.88,16.3,50.3,0.22
"Joghurt mind. 3,5 % Fett, mit Knuspermüslizubereitung, gesüßt",110,4.3,4.83,11.1,0.135
Käsekuchen/Quarkkuchen (Hefeteig),243,9.7,9.7,28.0,0.125
"Gulaschsuppe mit Rindfleisch, Fleischbrühe und Rotwein",70,4.3,4.7,2.0,0.672
Buttermilchsulze (mit Arrak),94,3.8,1.6,13.33,0.078
Deutsches Beefsteak gebraten,282,21.2,19.52,4.93,0.738
Vegetarische Füllung für Gemüse,249,8.3,16.85,15.23,1.198
Geflügelcremesuppe (Huhn),109,8.2,7.8,1.53,0.62
Heidelbeersuppe gebunden mit Stärke,79,0.4,0.4,15.84,0.008
"Joghurt fettarm, mind. 1,5 % bis max. 1,8 % Fett, mit Fruchtzubereitung, gesüßt, laktosefrei",81,3.612,1.273,12.9,0.125
Eierteigwaren mit gebratenem Hähnchenbrustfilet und Grundsauce hell/weiß,129,12.1,2.8,13.44,0.435
Baumkuchenspitzen,488,7.1,29.7,45.7,0.292
Käsesahnecreme für Gebäck/Torten,208,7.1,14.3,12.129,0.072
"Schwein Schinkenspeck, Rohpökelware, geräuchert, gebraten ohne Fett (Pfanne)",131,23.51,3.9,0.573,4.8
"Speisezwiebel tiefgefroren, gekocht",37,1.284,0.167,6.68,0.015
"Tofu vegan paniert, gebraten",233,15.74,11.93,14.24,0.482
"Spargel tiefgefroren, gedämpft",34,2.351,0.187,4.78,0.00575
"Alaska-Seelachs paniert, tiefgefroren",147,10.3,4.99,14.59,0.995
Fleischsalat (Rind) mit Essigmarinade,189,23.43,10.1,0.72,0.255
"Schokoladenpudding, Flammeri, zubereitet aus Pulver und Milch 1,5 % Fett",100,3.58,1.6,17.6,0.152
Quittenkompott mit Süßstoff,34,0.27,0.322,5.3,0.01
Zwiebelkuchen ohne Speck,169,4.9,8.6,17.0,0.35
"Kartoffelsalat mit Salatgurke und Mayonnaise, gestreckt mit Joghurt",123,1.9,7.52,11.04,0.152
Kürbissuppe mit Kokosmilch,59,1.01,4.1,4.0,0.418
Gewürfelte Zungenwurst Konserve,261,15.9,21.69,0.41,1.5
Nuss-Trüffel-Pralinen (alkoholhaltig),519,5.77,33.94,44.6,0.145
"Schweinekotelett paniert, gebraten",296,24.11,19.22,6.29,0.495
"Meerforelle tiefgefroren, gebraten ohne Fett (Pfanne)",126,21.8,4.06,0.0,0.155
Leberknödel Konserve,212,16.18,9.75,14.34,1.0
"Gans Fleisch, mit Haut, tiefgefroren, gegrillt",379,21.077,32.699,0.0,0.27
Chinakohlsalat mit Joghurtmarinade,33,2.0,1.45,1.96,0.155
Nüsse mit Vollmilchschokoladenüberzug,564,8.0,37.7,46.5,0.132
"Fleischkäse fettreduziert, gekocht",118,16.3,5.74,0.14,1.2
Pfannkuchen-Auflauf mit Spinatgemüse,234,9.3,14.76,14.9,0.655
"Kartoffelpüree, zubereitet aus Instantpulver, Wasser, Milch 3,5 % Fett und Fett",85,2.26,3.33,11.09,0.408
"Bayerisches Kraut gedünstet, mit Speck",40,1.67,1.12,4.48,0.2
Zucchinipuffer gebraten,95,4.2,3.96,10.0,0.325
"Hamburger Speckscholle, gebraten",156,18.9,7.8,2.12,1.5
Mehrfruchtsaft angereichert mit Vitaminen (Multivitaminsaft),48,0.4,0.1,10.61,0.0052
Kalbfleischwurst mit Schweinefleisch Konserve,253,9.82,23.72,0.08,2.065
"Cocktail, Sex on the Beach",73,0.3,0.093,6.6,0.012
Aprikosenkuchen (Mürbeteig) mit Rahmguss,238,3.9,11.99,28.21,0.108
Putenragout mit Paprika und saurer Sahne,152,17.26,7.8,2.9,0.65
"Venusmuschel tiefgefroren, gratiniert ohne Fett (Ofen)",80,16.0,1.07,1.6,0.915
"Suppengrün/Suppenkraut, tiefgefroren",32,2.154,0.335,3.3,0.125
Rindersalami,395,21.63,34.14,0.18,3.8
"Schweinemedaillon gebraten, mit Apfel und Sauce",105,16.8,2.5,3.6,0.532
Vollkornsandkuchen (Rührmasse),412,7.82,23.1,41.1,0.45
Kalbfleischsülze,82,11.9,3.8,0.02,1.8
"Eier-Frischteigwaren Ravioli, vegetarisch gefüllt mit Spargel und Ricotta",113,6.0,4.17,12.24,0.398
Reis-Schinkenfüllung für Gemüse,251,14.55,13.45,17.2,1.482
Karpfen im Backteig (mit Bier) frittiert,244,16.1,13.62,13.5,0.42
"Knuspermüsli (Granola) gesüßt, mit Milch 3,5 % Fett und Fruchtmischung",154,4.8,6.2,17.9,0.04
"Kalbskäsebrät mit Schweinefleisch, roh",271,11.7,24.9,0.09,2.155
Buttermilch-Dressing für Salat,38,2.59,0.5,3.74,1.381
Schellfischfilet pochiert (ohne Sauce),71,15.9,0.6,0.145,0.298
Savarin (getränkt mit Weißwein),291,7.8,10.89,36.0,0.14
Thüringer Mohnkuchen (Hefeteig),294,9.0,12.73,34.0,0.085
"Baguette mit Kochschinken, Frischkäsecreme, Tomaten und Champignons, überbacken",166,11.4,5.26,17.0,1.435
Brötchen (Blätterteig),425,4.18,32.19,28.65,0.398
Preiselbeere gezuckert (mit Pektin) Konserve,176,0.3,0.2,42.2,0.008
"Lauch/Porree, gedünstet, mit Bechamelsauce",62,2.39,3.3,5.0,0.36
"Blätterteigtaschen gefüllt mit Rinderhackfleisch und Käse, gebacken",423,14.25,33.68,14.78,1.132
"Haferflocken ungesüßt, mit Sojadrink und Fruchtmischung",124,4.95,2.4,18.2,0.028
Kartoffelkroketten tiefgefroren,180,4.04,9.27,19.05,0.945
Thüringer Klöße (Mischung aus rohen und gekochten Kartoffeln),77,1.82,0.45,15.66,0.24
"Molkenmischgetränk mit Fruchtsaft, Zucker und Süßungsmitteln, angereichert mit Vitaminen",33,0.6,0.1,7.0,0.082
Reis mit gedünsteten Tomaten,98,2.154,1.151,19.2,0.118
"Rind Frikadelle, roh",175,13.96,11.3,4.0,1.308
"Dinkelvollkornteigwaren eifrei, gekocht",127,5.26,0.9,22.38,0.001
French Dressing,501,2.8,52.9,1.3,1.15
"Champignonpastete mit Mürbeteig, gebacken",247,15.01,17.25,7.62,1.5
Kalbsfrikassee,94,14.9,3.0,1.83,0.552
Zervelatwurst,395,20.3,34.8,0.21,3.8
"Kalb Bug/Schulter, tiefgefroren, geschmort ohne Fett",116,26.571,1.077,0.0,0.175
Rinderkraftbrühe mit Eierstich,18,1.5,1.2,0.31,0.568
Brühkartoffeln mit Gemüsebrühe und Gemüse,73,1.51,1.7,12.3,0.27
Kasseler im Brotteig gebacken,165,13.31,1.84,22.0,2.37
Bäckerin-Kartoffeln vegetarisch,105,1.66,4.8,13.0,0.632
"Rinderfiletmedaillons gebraten, mit Röstgemüse",126,17.42,4.82,2.1,0.585
"Roastbeef gebraten im Ofen, mit Sauce",166,24.98,7.0,0.76,0.57
"Sommersalat mit Karotten, Kohlrabi, Gurke und Joghurtmarinade",46,1.63,2.03,4.0,0.178
Pfirsich-Maracuja Fruchtnektar,43,0.3,0.0,10.2,0.005
"Rhabarberkompott mit einer Zuckerart und Süßungsmitteln, Konserve",48,0.522,0.121,9.3,0.01
Kokosmakronen,504,5.9,29.9,49.4,0.148
Blumenkohlcremesuppe/Dubarry-Suppe,53,2.0,3.1,4.05,0.38
Zungenblutwurst,257,17.44,20.76,0.16,1.8
Kartoffelbratlinge mit Zwiebeln gebraten,218,3.69,13.67,18.95,0.34
Wiener Hörnchen (Hefeteig),318,7.6,10.5,47.0,0.422
Gulaschsuppe Konserve,99,7.9,5.6,4.0,1.335
Kräutersauce von Bechamelsauce,88,2.5,6.2,5.42,0.498
Haselnuss-Krokant,456,3.25,12.918,80.9,0.01
"Garnele/Granat/Krabbe, tiefgefroren, gegrillt",128,27.206,2.149,0.0,0.545
Himbeereis,172,1.4,7.5,22.5,0.042
Brätklößchen,189,11.39,13.32,5.61,0.99
Joghurt-Dressing,128,3.25,10.7,3.51,0.5552
Feine Oblaten-Lebkuchen,386,11.24,11.9,56.2,0.142
Gemüsebrühe mit Gemüse,23,0.8,1.5,1.4,0.615
Feldsalat mit Champignons und Essigmarinade,103,1.76,9.69,1.3,0.212
"Schwein Kochfleisch (Bauch) tiefgefroren, gekocht",357,22.49,29.64,0.0,0.0965
Preiselbeere mit einer Zuckerart und Süßungsmitteln (mit Pektin) Konserve,84,0.3,0.2,19.2,0.01
Reis mit Tomatenmark,112,2.4,1.3,22.3,0.175
"Eier-Frischteigwaren Ravioli, gefüllt mit Rinderhackfleisch",144,7.6,4.8,17.0,0.428
Mokkacreme abgeschlagen (mit Gelatine),191,5.5,12.6,13.8,0.125
"Garnele/Granat/Krabbe, tiefgefroren, gebraten ohne Fett (Pfanne)",109,22.948,1.87,0.0,0.402
"Kohlrabi gedünstet, mit Grundsauce hell/weiß",72,1.37,5.6,3.46,0.518
Kalbfleischgalantine gebacken,119,20.45,4.13,0.03,1.8
Kirschfüllung für Gebäck/Torten,81,0.73,0.24,18.32,0.002
Rinderkraftbrühe mit Eierteigwaren,17,0.9,0.3,2.64,0.525
Apfelmus,59,0.338,0.399,12.5,0.002
Marzipanmakronen,457,11.2,26.1,41.56,0.12
"Hähnchen Fleisch, ohne Haut, tiefgefroren, geschmort ohne Fett",190,33.8,6.1,0.0,0.142
Mayonnaise mit Zitronensaft,720,2.1,78.6,0.56,1.255
"Berliner/Pfannkuchen/Krapfen (Hefeteig) frittiert, ungefüllt",355,7.8,17.3,40.7,0.5
"Schaf Filet/Lende, tiefgefroren, gebraten ohne Fett (Ofen)",225,24.0,14.3,0.0,0.215
"Käsescheiben paniert, gebraten",414,25.8,31.65,5.81,0.662
Frucht-Sorbet,121,0.7,0.1,27.809,0.03
Kartoffelklöße von rohen Kartoffeln,87,2.1,1.75,15.05,0.215
Sardellenpesto mit Kräutern,240,7.53,22.8,0.3,2.678
Auberginenscheiben gebraten,159,1.05,14.2,4.6,0.68
"Blumenkohl tiefgefroren, gekocht",29,1.2,0.28,5.05,0.035
Milchschokolade mit Karamell-Füllung (alkoholhaltig),524,4.78,31.33,52.2,0.135
Broccolicremesuppe,52,2.4,3.1,3.1,0.405
Rinderlungenhaschee mit Sauce,95,9.39,4.8,3.22,0.588
"Arme Ritter gebraten, mit Zucker und Zimt",284,7.1,12.59,34.43,0.78
Erdbeercremeeis,142,3.5,6.43,16.96,0.072
"Schaf Filet/Lende, tiefgefroren, gegrillt",260,25.6,17.5,0.0,0.248
Rote Grütze zuckerreduziert,74,1.1,0.3,14.3,0.005
Fruchtsaftgetränk mit Zucker und Süßungsmitteln,10,0.148,0.0,2.2,0.008
Rindergulasch ungarisch,160,14.9,8.8,4.5,0.562
Joghurtcreme,113,4.6,3.3,15.59,0.135
Waffelschnitte gefüllt mit Kakaocreme und gerösteten Haselnussstückchen,524,7.6,30.6,52.6,0.25
Rosenkohl mit Käse überbacken,88,5.1,5.2,3.24,0.55
"Karamell-Toffee gefüllt mit Nougatcreme, Schokolade und Haselnuss",532,5.7,27.7,58.3,0.35
Brühreis mit Rindfleisch,150,10.27,2.7,20.7,0.452
"Gänseleberpastete mit Schweinefleisch, gebacken",244,19.8,17.66,1.46,1.8
Presssäckel,281,14.7,24.7,0.07,1.8
"Hähnchen Flügel, mit Haut, mariniert, gegrillt",303,26.02,20.83,2.56,1.358
"Ente Schenkel, mit Haut, tiefgefroren, gebraten ohne Fett (Pfanne)",199,25.23,10.88,0.0,0.332
Vanille-Mürbchen (Mürbeteig),537,4.94,28.73,63.5,0.082
Karottensalat (roh) mit Joghurtmarinade,60,1.46,2.76,5.72,0.242
"Rind Leberhack, tiefgefroren, gekocht",174,26.195,4.436,7.227,0.262
Knäckebrotstückchen in Vollmilchschokolade,475,6.87,22.52,57.4,0.522
Wiener Würstchen mit Senf,271,12.12,24.34,0.16,2.055
Paprikaspeckwurst,184,12.23,14.97,0.08,2.2
Cordon bleu vom Schwein gebraten,215,21.9,11.88,4.74,0.762
"Clubsandwich mit Mozzarella, Tomaten und Kochschinken",190,10.9,10.45,12.0,1.115
Bananen im Ausbackteig frittiert,236,4.8,13.2,23.2,0.082
"Kaninchen Fleisch, tiefgefroren, gebraten ohne Fett (Ofen)",154,25.7,5.7,0.0,0.148
"Speiseeis (Kaffee, Schoko) gemischt",201,4.0,9.8,23.4,0.095
"Pute Flügel, mit Haut, tiefgefroren, geschmort ohne Fett",176,23.2,9.2,0.0,0.07
"Haferflocken gesüßt, mit Sojadrink und Fruchtmischung",131,4.65,2.3,20.6,0.028
"Apfel-Weincreme eihaltig, für Gebäck/Torten",183,2.4,6.4,26.44,0.058
Quarkbällchen (Hefeteig) frittiert,408,10.8,17.5,49.7,0.082
"Ente Schenkel, mit Haut, tiefgefroren, gebraten ohne Fett (Ofen)",194,26.02,9.98,0.0,0.342
Serbische Bohnensuppe mit Speck,97,4.84,4.2,8.0,0.5
Lauchcremesuppe,64,1.4,4.5,4.0,0.365
"Schupfnudeln eifrei, roh",175,4.93,0.56,36.18,2.058
Kuchen aus Sandmasse/Sandkuchen,447,5.43,25.11,49.3,0.228
Orangencreme abgeschlagen (mit Stärke),104,2.8,2.159,18.085,0.125
Kalbsnierengeschnetzeltes mit Grundsauce dunkel/braun,165,14.03,10.9,2.42,0.798
"Speiseeis (Nuss, Vanille) gemischt, in Waffeltüte",229,3.29,11.72,26.8,0.09
Haselnussmakronen,499,9.8,29.0,47.9,0.125
Kirschplotzer (mit Weißwein) gebacken,260,4.6,15.787,23.6,0.208
"Vanillebuttercreme eihaltig, gestreckt, für Gebäck/Torten",288,2.7,20.77,22.5,0.06
Thüringer grüne Kartoffelklöße (mit Grieß),113,2.77,3.81,16.3,0.3
Butterkartoffeln,106,1.961,3.705,15.134,0.182
"Meerrettichsauce vegan, mit Sojadrink",79,3.56,4.9,4.2,0.182
Artischocken gekocht,53,2.833,0.2,3.21,0.93
"Rind Hals/Kamm/Nacken, tiefgefroren, gekocht",199,27.944,9.738,0.0,0.078
"Milchreis gesüßt, mit Milch 3,5 % Fett, Rosinen und Pistazien",155,4.9,4.3,23.5,0.11
Kohlrübensuppe püriert,37,0.75,2.9,1.4,0.495
"Garnele/Granat/Krabbe, tiefgefroren, gedünstet",94,19.11,1.973,0.0,0.425
Fettgebäck (Mürbeteig) frittiert,405,7.03,20.0,48.0,0.272
Apfelmus mit Süßstoff,50,0.369,0.435,10.1,0.01
Kartoffel-Speck-Rösti tiefgefroren,220,4.71,11.05,24.5,1.335
Pommes frites mit Mayonnaise,316,3.1,21.6,26.14,1.008
"Kartoffelpüree, zubereitet aus Instantpulver und Milch 1,5 % Fett",89,4.55,1.62,13.67,0.462
Zucchini mit Hirsefüllung und Käse überbacken,100,3.7,5.16,9.0,0.445
Bayerischer Gemüsetopf mit Weißkraut,58,1.28,2.0,7.55,0.24
Milchschokoladen-Riegel gefüllt mit Knusperwaffel,457,6.39,25.51,48.9,0.15
Rinderbrät-Grundmasse (Halbfabrikat),188,18.915,12.515,0.038,2.5
"Grünkernbratlinge mit Karotten und Nüssen, vegan, gebraten",123,3.27,3.93,16.8,0.105
Gemüsesülze/Gemüse-Mix in Aspik,30,1.8,0.4,3.82,1.755
"Kartoffeltaschen mit Frischkäsefüllung, tiefgefroren",215,3.1,11.46,24.0,1.332
Mokkasahnetorte (Wasserbiskuit) mit Alkohol,284,4.5,19.0,22.8,0.13
"Champignons gefüllt, überbacken",220,13.14,16.8,3.3,1.648
"Rind Kotelett (Rücken) tiefgefroren, gegrillt",151,26.283,5.101,0.0,0.142
"Wildschweinpastete imitiert, mit Mürbeteig, gebacken",209,19.44,11.2,7.3,1.5
Rührei gebraten mit Kräutern,202,12.85,16.54,0.39,0.705
"Speiseeis (Nuss, Schoko, Vanille) gemischt, mit Eierlikör",231,3.24,10.65,26.4,0.098
Specktorte lothringisch,344,11.81,25.16,16.7,1.0
Grützblutwurst,187,13.1,12.87,4.3,1.8
"Kaffeeersatz (Getränk) mit Haferdrink, ungesüßt",6,0.1,0.04,1.07,0.0135
Makrele in Tomatensauce Konserve,200,10.0,15.0,5.6,0.912
"Hähnchen Brustfilet, mariniert, gegrillt",163,27.34,4.91,2.13,1.03
Fleischwurst im Blätterteig gebacken,403,10.6,34.16,12.45,1.782
Kaffeecreme einfach (mit Stärke),146,5.2,6.7,16.1,0.14
Weiße-Bohnensuppe,58,2.99,1.2,7.1,0.395
Leberrotwurst,176,20.51,10.28,0.43,1.8
Fleischsalat mit Salatmayonnaise und Gurke,290,4.2,27.35,6.18,1.5
Karottencremesuppe,33,0.53,1.9,2.92,0.51
Seelachsfilet gedünstet mit Weißwein,128,17.534,5.7,0.13,0.6892
"Schweinelunge sauer, gekocht, mit Grundsauce hell/weiß",82,5.61,5.5,2.3,0.62
Markklößchen Konserve,383,10.03,28.22,21.21,1.63
Pralinen mit Frucht-Nuss-Füllung (alkoholhaltig),520,6.3,31.6,49.6,0.15
"Mokkaflammeri mit Likör, für Gebäck/Torten",144,2.7,2.4,25.0,0.14
"Kartoffelbrei mit Milch 3,5 % Fett",78,1.9,2.7,11.04,0.515
"Joghurt aus entrahmter Milch, max. 0,5 % Fett, mit Fruchtzubereitung, Zucker und Süßungsmitteln, angereichert mit Vitaminen",44,3.681,0.113,6.3,0.128
"Reis parboiled, poliert, gekocht, gebraten ohne Fett (Pfanne)",117,2.851,0.34,25.3,0.002
"Schweinelende im Wirsingmantel, gebraten im Ofen",93,13.33,3.2,2.0,0.528
"Schaf Bug/Schulter, mager, tiefgefroren, gekocht",206,31.2,9.01,0.0,0.175
Apfelstrudel (Strudelteig),220,3.3,8.6,30.4,0.085
Filet-Blutwurst,226,19.57,16.35,0.16,1.8
Sushi mit Lachs,126,7.3,3.19,16.4,0.15
"Eier gekocht, gesalzen",134,13.113,8.958,0.338,0.832
Roquefort-Dressing,253,5.58,24.2,2.2,1.488
Spinatgratin mit Käse überbacken,114,6.6,8.4,2.1,0.52
Milchschokolade mit Trüffelfüllung (alkoholhaltig),569,5.03,40.1,44.5,0.148
Pfirsichtörtchen (Mürbeteig) mit Klarguss und Sahne,227,2.9,12.26,25.47,0.045
Vanilleflammeri/Vanillepudding (als Dessert) mit Karamellsauce,141,4.2,4.88,19.98,0.122
"Pute Fleisch, ohne Haut, tiefgefroren, gebraten ohne Fett (Pfanne)",140,27.903,3.1,0.0,0.275
"Erfrischungsgetränk isotonisch, mit Zucker und Süßungsmitteln, angereichert mit Vitaminen und Mineralstoffen",18,0.037,0.0,4.3,0.05
"Bohnen weiß, gekocht (mit Fett und Salz)",149,8.527,2.7,17.252,0.145
Apfel-Bananen-Birnenmus ungesüßt,65,0.719,0.4,13.4,0.002
Birnenkompott ungesüßt,34,0.185,0.2,7.45,0.0042
"Wildschweinkeule geschmort, mit Wildsauce von dunkler/brauner Grundsauce",166,15.21,10.5,2.55,0.75
"Karpfen im Backteig, roh",155,13.7,5.55,11.44,0.358
Grießbrei (als Dessert) mit Vanillesauce,107,4.2,3.81,13.72,0.1
"Heringsfilet in Meerrettichcreme, Konserve",168,9.9,12.62,3.58,0.838
"Linsen gekocht, mit gedünstetem Suppengemüse",121,7.2,2.9,13.6,0.24
Rührei gebraten mit Tomaten,170,10.65,13.35,1.4,0.568
"Kopfsalat mit Tomate, Gurke und Joghurtmarinade",47,1.83,2.76,2.6,0.25
"Suppenhuhn Innereien, tiefgefroren, geschmort ohne Fett",244,30.9,13.4,0.0,0.245
Orangenkaltschale,80,1.2,1.1,14.5,0.015
"Ochsenschwanzsuppe gebunden, Konserve",88,9.6,4.4,2.27,0.948
"Joghurt mind. 3,5 % Fett, mit Nusszubereitung, gesüßt",110,3.99,3.675,14.4,0.088
Husarenkrapfen (Mürbeteig),489,8.4,27.2,51.0,0.09
"Speiseeis (Karamell, Nuss, Vanille) gemischt",206,3.3,10.58,23.85,0.095
"Venusmuschel tiefgefroren, gebraten ohne Fett (Pfanne)",79,15.7,1.08,1.6,0.785
Haselnussflammeri/Haselnusspudding,174,5.3,8.66,18.3,0.14
Bierschinken,161,16.625,10.45,0.08,2.0
"Sardine in Tomatensauce, Konserve",151,11.4,10.7,1.9,1.118
Rindfleischspieße gegrillt,212,25.34,11.8,0.3,0.385
"Frischkornbrei ungesüßt, mit Fruchtmischung",145,4.82,5.0,17.8,0.01
Aprikosenkompott mit Süßstoff,38,0.7,0.115,7.283,0.015
Erbsen-Mais-Gemüse gedünstet,90,3.7,3.56,8.8,0.175
"Süßkartoffelpüree (ohne Salz, geeignet für Beikost)",122,1.084,4.792,17.6,0.01
"Nearwater/Aqua Plus Getränk, aromatisiert, ungesüßt",0,0.008,0.0,0.0,0.0068
"Lachs tiefgefroren, gedünstet",163,17.355,10.419,0.0,0.0788
Vollkorneierteigwaren gekocht,125,5.17,0.99,21.56,0.008
"Kasseler, Rohpökelware, geräuchert, paniert",124,18.29,2.69,6.28,2.425
"Zuckererbsen gekocht, in Butter geschwenkt",77,3.5,4.7,4.1,0.46
"Wachtel Fleisch, ohne Haut, tiefgefroren, geschmort ohne Fett",184,36.5,4.28,0.0,0.092
"Kaffeeersatz (Getränk) mit Milch 3,5 % Fett",7,0.19,0.12,1.07,0.0125
Semmelknödel,179,7.49,6.64,21.66,1.172
Rote-Bete-Karottensalat (roh) mit Essigmarinade,95,1.26,6.71,5.83,0.208
Wurst-Käsesalat mit Essigmarinade,255,10.4,22.54,1.63,1.148
Rotweinsauce süß,76,0.008,0.0,12.9,0.005
"Schaf Keule, mager, tiefgefroren, geschmort ohne Fett",181,33.5,5.25,0.0,0.15
"Cocktail, Cuba Libre",52,0.012,0.0,5.435,0.002
Helle Zungenwurst Konserve,166,13.71,12.2,0.22,2.0
Schleie pochiert im Wurzelsud,54,9.671,0.531,1.8,0.15
Selleriecremesuppe,59,0.96,4.7,2.62,0.485
Schweineherzragout,134,13.8,7.0,3.6,1.022
Brotaufstrich Tomate-Mozzarella,242,4.8,19.4,10.2,1.5
Jagdwurst/Schinkenwurst grob,204,15.3,15.8,0.08,2.0
Frischkäse-Torte (ohne Backen),246,5.5,17.9,15.1,0.375
Champignoncremesuppe aus frischen Champignons und Fleischbrühe,78,1.68,7.0,2.0,0.465
Kartoffelpuffer tiefgefroren,149,4.0,1.65,28.49,0.948
Schinkensauce von heller/weißer Grundsauce,70,4.11,4.4,3.13,1.008
Nasi Goreng (Reis gebraten mit Gemüse und Schweinefleisch),110,10.2,1.0,14.0,0.498
"Pfannkuchen/Eierkuchen, gebraten, gefüllt mit gedünstetem Rahmspinat",205,9.38,12.07,13.6,0.552
"Grießklößchen getrocknet, gekocht",117,6.02,4.78,12.12,0.182
"Buckellachs tiefgefroren, gedünstet",110,18.3,4.1,0.0,0.152
Gemüsebrühe mit Ei-Einlauf,23,1.71,1.0,1.67,0.75
Zervelatwurst Ia,341,23.12,27.54,0.21,3.8
Sülzkotelett,104,22.1,1.7,0.05,2.185
Spritzgebäck (Rührmasse),493,6.7,28.8,50.5,0.158
"Pute Fleisch, mit Haut, tiefgefroren, gebraten ohne Fett (Pfanne)",216,27.494,11.806,0.0,0.185
"Kalb Schnitzel (Keule) tiefgefroren, gebraten ohne Fett (Pfanne)",126,29.224,0.974,0.0,0.19
"Karotte/Möhre, tiefgefroren, gebacken",47,0.882,0.495,7.613,0.0632
"Wachsbohne tiefgefroren, gekocht",29,2.2,0.2,3.6,0.00402
"Zwiebeln gedünstet, mit Speck",56,2.63,2.5,4.93,0.8
Rotbarschfilet gedünstet (mit Fett und Salz),113,13.0,6.5,0.3,0.655
"Reh Rücken, tiefgefroren, gebraten ohne Fett (Ofen)",152,29.151,3.89,0.0,0.245
"Schweinerücken geschmort, mit Grundsauce dunkel/braun",196,17.09,13.1,2.25,0.595
Plockwurst,319,20.5,26.3,0.0,3.5
Kartoffel-Schupfnudeln roh,151,5.0,1.27,28.72,1.172
Rotkohlsalat (roh) mit warmer Essigmarinade,66,1.14,3.7,5.5,0.23
Fleischbrühe mit Brötchenscheiben,52,1.88,1.1,8.2,0.822
Bechamelsauce mit Sahne,178,2.57,16.4,4.91,0.368
"Kartoffelpüree, zubereitet aus Instantpulver und Wasser",42,0.953,0.06,9.101,0.352
Gänsepresskopf mit Schweinefleisch,125,16.2,6.63,0.03,1.8
Quarkklöße (mit Zucker und Zimt),182,9.6,6.4,20.7,0.268
"Schwein Schinkenspeck, Rohpökelware, geräuchert, gegrillt",201,35.18,6.33,0.823,7.0
Rotbarschfilet gegrillt,132,18.0,6.6,0.03,0.638
Kürbiskompott,82,0.538,0.1,19.395,0.012
Curryreis mit Mandeln,147,2.684,5.64,20.9,0.09
Sächsischer Presskopf Konserve,239,18.4,18.3,0.1,2.0
Käsekrainer/Käsewürstchen,192,15.9,14.17,0.06,2.0
Allgäuer Käsesuppe mit Croutons,90,3.1,6.7,4.0,0.842
"Weißkraut gekocht, mit Grundsauce hell/weiß",40,1.1,1.8,3.97,0.455
"Schafskopf (Meerbrasse) tiefgefroren, gebraten ohne Fett (Pfanne)",120,24.0,2.71,0.0,0.188
Bratwurst mittelgrob,292,15.2,25.6,0.08,1.935
Sauerkirschnektar mit Süßungsmitteln,22,0.284,0.14,4.499,0.008
"Rind/Schwein, Hackfleisch gemischt, roh",236,18.8,17.83,0.0,0.142
Paprikasauce von dunkler/brauner Grundsauce,75,1.1,4.9,6.0,0.658
"Tomaten-Eintopf mit Speck, dicken Bohnen und Suppengemüse",74,4.0,3.5,5.4,1.0
"Kalbsrücken gebraten im Ofen, mit Sauce",122,17.07,5.0,2.1,0.608
"Schwein Hintereisbein/Hinterhaxe, tiefgefroren, gebraten ohne Fett (Ofen)",271,27.31,17.94,0.0,0.2488
Rosinenkuchen (Rührmasse),375,6.7,15.9,49.6,0.43
Radicchiosalat mit Essigmarinade,134,1.0,13.23,1.9,0.285
"Rahmkartoffeln/Niedernauer Kartoffeln, gebraten",158,4.37,9.1,13.8,0.35
Mischpilze gebraten ohne Fett (Pfanne),55,5.7,0.5,3.55,0.02
Pilaw mit gedünstetem Hähnchenbrustfilet und Sauce,152,8.1,5.2,17.4,0.58
"Buttermilchdrink mit Fruchtzubereitung, gesüßt",62,2.42,0.42,11.7,0.09
Gemüsebrühe mit Teigwaren eifrei,21,0.9,0.2,3.91,0.645
Rührei gebraten mit Kochschinken,203,14.9,15.64,0.45,0.965
"Rotzunge tiefgefroren, gedünstet",64,13.839,0.95,0.0,0.305
"Gemüse-Kartoffel-Brei, mit Spinat (ohne Salz, geeignet für Beikost)",77,1.47,4.976,5.9,0.065
Bremer Pinkel (Grützwurst),123,5.1,7.77,7.4,1.66
"Kalbsbrust gefüllt, gebraten ohne Fett (Ofen)",199,19.55,12.89,0.9,1.59
"Schwein Hackfleisch, tiefgefroren, gekocht",345,25.95,26.78,0.0,0.1488
"Gemüse-Kartoffel-Fleisch-Brei, mit Karotte und Schweinefleisch (ohne Salz, geeignet für Beikost)",92,3.63,4.82,7.576,0.045
Wildragout mit Grundsauce dunkel/braun,147,15.14,8.2,3.0,0.62
"Schokoladenbuttercreme eihaltig, gestreckt, für Gebäck/Torten",312,3.1,21.89,25.2,0.055
"Salami Ia, fettreduziert",252,25.53,16.49,0.23,3.8
"Dicke Bohnen mit Speck gedünstet, in Grundsauce hell/weiß",118,3.4,8.8,4.6,0.712
Französische Apfeltarte (Blätterteig),343,4.2,23.6,27.1,0.062
"Weißer Thun tiefgefroren, gedünstet",109,24.3,1.3,0.0,0.1965
"Milchreis gesüßt, mit Milch 3,5 % Fett und Fruchtmischung",126,3.89,2.5,21.5,0.082
"Brätblock dunkel, zur Rouladenherstellung",152,13.35,10.91,0.08,1.8
Biskuitplätzchen schokoliert,453,10.65,13.89,69.6,0.218
"Rind Kotelett (Rücken) tiefgefroren, gebraten ohne Fett (Pfanne)",166,29.124,5.532,0.0,0.158
"Schaf Filetmedaillon, tiefgefroren, gebraten ohne Fett (Pfanne)",156,31.38,3.44,0.0,0.151
Karottensalat (roh) mit Essigmarinade,125,0.69,10.6,4.97,0.24
Wildklößchen,187,16.68,12.51,1.72,0.775
"Kohlrabi gefüllt mit Hähnchenbrustfilet, Reis und Gemüse, überbacken",96,6.6,4.2,7.0,0.4
Rote Grütze aus Fruchtsaft,70,1.021,0.1,14.49,0.005
Kopfsalat mit Radieschen und Essigmarinade,126,1.02,12.34,1.6,0.282
Antipasti von gegrillter Paprika,104,1.036,7.9,5.7,0.2398
"Speisezwiebel tiefgefroren, gedünstet",37,1.259,0.164,6.55,0.025
"Paprikaschoten gebacken, mit Bulgur-Gemüsefüllung",90,2.7,2.0,14.0,0.192
Karottensuppe,33,0.67,1.9,3.03,0.612
Reiswurst,203,9.54,12.9,12.0,1.785
Hefeplinsen gebraten,328,7.47,16.16,37.0,0.12
Grüne-Bohnen-Eintopf mit Gemüsebrühe und Kartoffeln,46,1.5,0.6,8.0,0.43
Kaffeegebäck (Quarkblätterteig),432,7.6,24.3,44.3,0.31
"Schaf Bug/Schulter, mager, tiefgefroren, geschmort ohne Fett",193,29.2,8.45,0.0,0.165
Fleischbrühe mit Teigwaren eifrei,21,1.0,0.3,3.44,0.552
Schaumeierkuchen (Omelette souffle) gebraten,253,9.3,14.9,19.99,0.262
"Brätblock mittel, zur Rouladenherstellung",162,13.01,12.2,0.08,1.8
Saure-Sahne-Dressing für Salat,113,2.81,8.4,5.7,1.18
Hirschbraten ohne Sauce,161,26.48,6.05,0.05,0.8
"Hähnchen Unterschenkel, mit Haut, mariniert, gegrillt",220,23.7,12.81,2.31,1.228
"Holundersuppe mit Apfel und Grießklößen, gebunden",75,1.87,1.38,11.8,0.055
"Blei/Brachsen/Brasse, tiefgefroren, gebraten ohne Fett (Pfanne)",112,19.712,3.72,0.0,0.088
Milchschokoladen-Riegel gefüllt mit Karamell-Waffel und Cerealien,464,5.1,20.4,59.7,0.425
"Rind Herz, tiefgefroren, gebraten ohne Fett (Pfanne)",176,24.812,8.492,0.0,0.352
Vanillecremeeis mit Schlagsahne,238,3.4,19.9,11.32,0.095
Eingemachtes Huhn mit Grundsauce hell/weiß und saurer Sahne,209,13.4,16.3,2.0,0.48
"Rote-Bete-Gemüse gedünstet, mit saurer Sahne",66,1.55,4.2,4.7,0.3
Gemüse-Eintopf mit Hammelfleisch,106,4.53,6.7,6.0,0.39
"Gemüsemischung asiatische Art, tiefgefroren",29,2.0,0.3,3.4,0.015
"Tartufo, Vanilleeis im Schokoladenmantel (mit Alkohol)",375,5.0,24.1,30.0,0.068
Erdbeerschnee,105,2.4,0.2,22.091,0.095
Fruchtsalat ungesüßt,56,0.77,0.4,10.9,0.002
Grießklöße,159,6.57,7.95,14.74,1.155
"Grüne-Bohnen-Salat (gegart) mit Steinpilzen, Parmaschinken und warmer Essigmarinade",75,4.1,4.2,3.7,0.585
"Reh Rücken, mariniert, geschmort ohne Fett",143,26.94,3.61,0.42,0.878
Eierteigwaren mit vier Käsesorten,196,8.2,9.5,18.97,0.5
"Gemüse-Kartoffel-Brei, mit Fenchel (ohne Salz, geeignet für Beikost)",81,1.15,4.928,7.11,0.038
Karotten im Backteig (mit Bier) frittiert,231,5.0,13.31,20.79,0.452
Kartoffelpudding,157,6.7,9.39,10.77,0.58
Vanillecreme einfach,146,5.2,6.74,16.04,0.142
"Gemüsebratlinge vegan, gebraten",152,2.2,9.9,12.0,0.238
"Kirschkaltschale/Kirschsuppe, gebunden mit Stärke",66,0.671,0.222,15.1,0.002
"Tomatengemüse gedünstet, mit Rosmarin und Salbei",47,1.17,2.26,4.37,0.268
"Buckellachs tiefgefroren, gebraten ohne Fett (Pfanne)",145,24.9,5.0,0.0,0.165
"Baguette-Brötchen mit Salami, Tomaten und Salatcreme",198,7.0,5.8,28.0,1.2
"Bohnen weiß, in Tomatensoße, Konserve",94,5.08,1.33,12.88,0.815
"Kaffeeersatz (Getränk) mit Kondensmilch 7,5 % Fett und Zucker",17,0.279,0.25,3.026,0.018
Fleischbrühe mit Gemüse und Reis,24,1.0,0.3,4.0,0.525
"Schaf Hinterhaxe, mager, tiefgefroren, gekocht",169,32.3,4.47,0.0,0.205
Savarin (getränkt mit Fruchtsaft),283,7.9,10.89,37.0,0.14
"Kaiserreis (Milchreis gesüßt, mit Sahne und Sauerkirschen)",138,2.96,7.27,14.8,0.065
"Haselnusspastete mit Mürbeteig, gebacken",312,16.79,23.39,7.9,1.5
Burgunder Schinken in Aspik,124,25.8,2.3,0.013,1.5
"Zartbitter-/Halbbitterschokolade, gefüllt mit Marzipan",474,7.31,28.6,43.38,0.018
Apfelkaltschale/Apfelsuppe,51,0.232,0.3,11.0,0.005
"Bohne grün, tiefgefroren, gebraten ohne Fett (Pfanne)",33,2.2,0.307,4.2,0.0057
"Kaffeeersatz (Getränk) mit Kondensmilch 7,5 % Fett",10,0.284,0.254,1.249,0.018
Roggenbrötchen mit Schinkenspeck,270,8.49,2.9,48.0,1.5
"Kalbfleischpastete mit Schweinefleisch und Mürbeteig, gebacken",217,18.23,12.58,7.32,1.8
Tomatensauce aus Tomatenmark,107,0.5,10.4,2.3,0.518
"Schwein Schnitzel (Oberschale) tiefgefroren, gegrillt",137,28.8,2.388,0.0,0.22
"Spaghetti Aglio e olio (Teigwaren eifrei, mit Knoblauch und Öl)",189,5.1,6.6,26.41,0.24
Gekochte Zwiebelwurst,314,17.55,27.0,0.17,1.8
Vollkornhefeteig süß gebacken,317,9.77,9.6,44.0,0.192
"Gemüsemischung asiatische Art, gebacken",35,2.4,0.4,4.2,0.02
"Haselnusskerne gebrannt, dragiert",533,7.638,30.358,51.6,0.005
"Grünkohl tiefgefroren, gebraten ohne Fett (Pfanne)",88,6.899,1.11,5.5,0.105
Weißkrautsalat (roh) mit Essigmarinade,98,1.14,7.98,3.75,0.678
"Fruchtsaftgetränk mit Süßungsmitteln, angereichert mit Vitaminen",2,0.042,0.0,0.4,0.008
"Süßkartoffeln und Broccoli gedünstet, mit gekochtem Rindfleisch und Grundsauce hell/weiß",115,8.77,4.7,8.4,0.4
"Lachs tiefgefroren, gebraten ohne Fett (Pfanne)",208,23.631,12.6,0.0,0.0848
"Rind Hackfleisch, gegrillt",303,26.197,22.009,0.0,0.175
"Rosenkohl gedünstet, mit zerlassener Butter",89,3.27,6.8,1.84,0.272
"Teigwaren eifrei, gebraten mit Ei",159,7.8,5.1,19.85,0.29
Quark-Meerrettich-Dressing,64,8.21,1.1,4.06,0.435
Gemischter Salat mit Joghurtmarinade,47,2.0,2.6,2.8,0.392
Thüringer Rotwurst Konserve,191,20.58,11.9,0.37,1.8
Apfel im Schlafrock (Mürbeteig) gebacken,248,4.5,11.1,30.7,0.068
"Schwein Brät, tiefgefroren",268,12.49,24.13,0.09,1.7882
Fruchtsaftgetränk Zitrusfrüchte,41,0.119,0.0,9.975,0.008
"Gans Schenkel tiefgefroren, gebraten ohne Fett (Ofen)",203,25.62,11.122,0.0,0.2485
Zwiebeln überbacken,123,4.348,8.6,5.98,0.395
Kabanossi/Peperoni,329,21.27,27.13,0.0,3.5
"Schusterpfanne auf Köthener-Art (mit Kartoffeln, Schweinenacken und Birnen) gebacken",99,6.22,4.3,8.48,0.468
Spiegelei gebraten mit Schinkenspeck,201,16.19,14.91,0.46,2.2
"Hähnchenbrustfilet gebraten, mit Schmorgurken",141,14.61,8.21,1.69,0.362
"Wildlachs tiefgefroren, gebraten ohne Fett (Pfanne)",208,23.631,12.6,0.0,0.128
"Kaffeeersatz (Getränk) mit Milch 3,5 % Fett und Zucker",14,0.19,0.12,2.84,0.012
"Wildschwein Fleisch, tiefgefroren, gebraten ohne Fett (Pfanne)",214,28.068,11.273,0.0,0.302
Käsekuchen ohne Boden,183,10.0,7.3,18.6,0.15
Meeresfrüchtemischung gebraten ohne Fett (Pfanne),82,16.528,1.71,0.0,0.702
"Heilbutt/Weißer Heilbutt, tiefgefroren, gedünstet",119,17.529,5.42,0.0,0.165
"Lachs tiefgefroren, pochiert",187,19.9,11.947,0.0,0.0935
"Hammelkotelett natur, gebraten",462,18.94,42.8,0.06,0.705
"Hummer tiefgefroren, gegrillt",119,23.257,2.836,0.0,1.008
Nusskuchen (Rührmasse),520,9.02,39.0,31.8,0.338
"Schaf Keule, mittelfett, tiefgefroren, gebraten ohne Fett (Ofen)",219,25.2,13.1,0.0,0.18
Eisbergsalat mit Essigmarinade,71,0.7,6.4,1.66,0.14
Ochsenschwanzsuppe klar,103,8.9,6.6,1.3,0.342
Leberpastete,316,14.2,28.6,0.5,1.8
"Schaf Brust, mittelfett, tiefgefroren, geschmort ohne Fett",242,29.1,14.0,0.0,0.202
Rote-Bete-Salat (gegart) mit Essigmarinade,128,1.47,10.65,5.16,0.295
Renke pochiert (ohne Sauce),86,14.918,2.5,0.142,0.39
Kopfsalat mit Essigmarinade,170,0.94,17.45,1.2,0.375
Semmelklößchen,317,9.02,22.33,19.06,0.978
Leberpastete mit Champignons,318,14.2,28.6,0.8,1.8
Weißkohl-Eintopf,68,1.4,3.7,5.9,0.53
"Fasan Fleisch, mit Haut, tiefgefroren, gebraten ohne Fett (Ofen)",188,33.785,5.904,0.0,0.092
Schwertfisch pochiert (ohne Sauce),90,15.874,2.7,0.161,0.332
Weizenmischbrötchen mit Zwiebeln,296,8.8,3.1,55.0,1.432
"Frischteigwaren eifrei, gekocht",82,3.6,1.55,12.87,0.308
"Rind Hals/Kamm/Nacken, tiefgefroren, geschmort ohne Fett",186,25.85,9.2,0.0,0.092
"Trinkjoghurt fettarm, mind. 1,5 % bis max. 1,8 % Fett, mit Fruchtzubereitung, gesüßt",80,3.612,1.273,12.8,0.125
"Seelachs paniert, tiefgefroren",175,15.0,6.04,14.59,0.9
"Fleischkäse fettreduziert, gebraten ohne Fett (Ofen)",156,21.07,7.81,0.19,2.2
"Rotweinmarinade, Salatsauce",99,0.41,5.48,8.2,0.4
"Rosenkohl gedünstet, mit Kochschinken",58,6.23,2.04,1.77,0.64
"Schwarzwurzel tiefgefroren, geschmort ohne Fett",74,1.745,0.54,10.5,0.015
Grüne Erbsensuppe mit Grießklößchen,78,4.6,1.4,9.95,0.328
"Schwein Brät, gekocht",236,13.21,20.25,0.09,1.2128
"Schwein Frikadelle, gebraten ohne Fett (Pfanne)",253,16.86,18.25,5.0,1.578
Tiramisu (ohne Ei) mit Likör,313,5.4,18.2,30.0,0.215
"Blätterteigtaschen mit Lachs-Schmandfüllung, gebacken",352,11.02,26.7,15.9,0.628
Quark-Mokka-Creme,289,6.3,20.5,18.7,0.075
"Porree/Lauch, tiefgefroren, gebraten ohne Fett (Pfanne)",54,1.4,0.441,9.0,0.0025
Aprikosensauce von frischen Früchten,54,0.5,0.1,11.759,0.005
Vollmilchschokolade mit Rosinen und Haselnüssen,521,6.5,31.7,50.2,0.148
"Rührei gebraten, mit Räucherlachs",193,15.35,14.4,0.32,1.36
"Weinsuppe gesüßt, gebunden mit Stärke",35,0.066,0.0,5.97,0.03
"Kalbsbrust gedünstet, mit Grundsauce dunkel/braun",198,13.95,14.4,2.78,0.562
Münchner Weißwurst,292,11.7,27.225,0.08,2.085
Rotkohlsalat (roh) mit Essigmarinade,93,1.25,7.62,3.47,0.658
"Knuspermüsli (Granola) gesüßt, mit Joghurt 3,5 % Fett und Fruchtmischung",123,4.6,5.2,12.8,0.065
Aprikosenkompott,61,0.7,0.109,13.145,0.005
"Nearwater/Aqua Plus Getränk, mit Fruchtsaft, aromatisiert, gesüßt",18,0.008,0.007,4.4,0.007
Sahne-Dressing für Salat,127,2.01,10.9,3.4,1.02
Laugengebäck mit Käse und Schinkenspeck,276,9.3,3.41,50.0,1.2
"Cocktail, Mojito",52,0.031,0.0,3.498,0.005
Erdbeerkompott,61,0.708,0.345,12.287,0.005
"Schwein Kotelett (Rücken/cranial) tiefgefroren, gebraten ohne Fett (Ofen)",203,26.63,10.75,0.0,0.133
Knackwürstchen fettreduziert,116,15.44,5.9,0.13,2.2
Zucchini-Auberginensauce von heller/weißer Grundsauce,84,0.8,7.5,3.0,0.662
"Vollkornblätterteig eifrei, gebacken",533,6.45,41.16,31.21,0.502
Kartoffelteig (aus gekochten Kartoffeln) roh,112,3.83,0.87,21.09,0.145
"Teigwaren eifrei, glutenfrei, gekocht",143,3.659,0.965,28.4,0.0
Karottensaftschorle,11,0.315,0.16,1.858,0.049
Schokoladencreme abgeschlagen (mit Gelatine) mit Rum,247,5.5,16.4,17.7,0.092
"Pute Fleisch, ohne Haut, tiefgefroren, gekocht",121,26.357,1.7,0.0,0.132
Honigpfannkuchen gebraten,321,6.81,12.87,43.0,0.065
"Katfisch/Steinbeißer, tiefgefroren, gedünstet",75,14.107,2.03,0.0,0.265
"Schwarzer Heilbutt tiefgefroren, gebraten ohne Fett (Pfanne)",173,14.772,12.7,0.0,0.215
"Hähnchen Flügel, mit Haut, tiefgefroren, gebraten ohne Fett (Ofen)",226,24.77,14.13,0.0,0.2568
Schinkenroulade,173,15.75,12.21,0.08,1.8
"Schwein Frühstücksspeck, Rohpökelware, geräuchert, gegrillt",337,19.12,28.69,0.561,4.8
"Polenta (Maisbrei zubereitet mit Wasser, Rapsöl und Salz) gebacken",128,1.913,6.781,13.877,0.485
"Kalb Steak (Rücken) tiefgefroren, gebraten ohne Fett (Pfanne)",142,27.867,3.348,0.0,0.195
"Hackfleischteig roh (für Frikadellen, Buletten, Fleischklopse/-küchle/-pflanzerl)",216,15.58,15.36,3.59,0.595
Limonade mit höherem Fruchtsaftgehalt,37,0.121,0.0,8.9,0.008
"Pute Brust, ohne Haut, mariniert, gebraten ohne Fett (Pfanne)",178,30.46,5.14,2.35,1.172
"Rind Hinterhesse, tiefgefroren, geschmort ohne Fett",177,28.7,6.9,0.0,0.1472
"Schnecken tiefgefroren, gebraten ohne Fett (Pfanne)",73,15.5,1.227,0.0,0.198
Weizenmischtoastbrot getoastet,297,9.3,3.37,54.0,1.462
"Weizenglutenfertigmischung, Trockenprodukt",404,72.7,5.6,14.3,0.66
Weizenmischbrot mit Zwiebeln,214,6.69,1.61,40.0,1.108
"Apfelkompott/Apfelmus, gezuckert, Konserve",86,0.22,0.1,20.32,0.008
"Miesmuschel gekocht, gebraten ohne Fett (Pfanne)",67,10.517,2.746,0.0,0.75
Spargelsuppe,43,1.2,2.7,3.31,0.602
"Kalbsleber gebraten, mit gebratenen Zwiebeln",118,13.83,2.59,9.25,0.518
Hausmacher Blutwurst Konserve,322,15.37,28.81,0.36,2.0
Gurkensalat mit Essigmarinade,98,0.87,9.43,1.61,0.182
"Tintenfisch tiefgefroren, gegrillt",107,23.549,1.46,0.0,1.445
"Speiseeis (Schokolade, Vanille) gemischt, in Waffeltüte",226,3.39,10.75,27.8,0.092
Couscous (mit Fett und Salz),179,5.093,3.645,30.02,0.1688
"Wirsing gedünstet, mit Sahne",80,2.28,5.7,3.6,0.355
"Pilgermuschel/Jakobsmuschel, tiefgefroren, gegrillt",93,22.818,0.149,0.0,1.105
"Sushi vegan, gefüllt mit Gemüse",97,2.3,1.88,16.8,0.132
Bouillon (Fleischbrühe) mit Ei,29,1.5,2.5,0.02,0.528
Salami Ia,410,21.17,36.0,0.18,3.8
"Ente Fleisch, mit Haut, tiefgefroren, gekocht",204,24.682,11.727,0.0,0.058
Makronen/Mandelmakronen,433,12.3,20.9,46.59,0.122
"Speiseeis (Nuss, Schokolade) gemischt, in Waffeltüte",245,3.81,11.86,29.5,0.085
"Schaf Bug/Schulter, fett, tiefgefroren, gebraten ohne Fett (Ofen)",351,23.3,28.6,0.0,0.295
"Karpfen tiefgefroren, pochiert",107,15.882,4.88,0.0,0.078
Erdbeercreme (mit Gelatine),154,2.2,11.451,9.605,0.038
"Pute Flügel, mit Haut, tiefgefroren, gebraten ohne Fett (Ofen)",278,30.9,17.1,0.0,0.152
Sauerkraut mit Apfel gedünstet,33,0.72,0.99,3.0,0.635
Reisauflauf gesüßt,168,5.34,5.27,24.3,0.14
Geflügelbratwurst gegrillt,215,12.85,18.11,0.1,1.915
"Schaf Vorderhaxe, mittelfett, tiefgefroren, gebraten ohne Fett (Ofen)",219,25.2,13.1,0.0,0.18
"Schwein Filetmedaillon, tiefgefroren, gebraten ohne Fett (Pfanne)",144,28.87,3.17,0.0,0.1388
Honigkuchen schokoliert,392,6.7,10.6,65.4,0.375
Rindfleisch gedünstet (mit Fett und Salz),155,17.6,8.6,1.2,0.47
Vanillebuttercreme,578,2.0,46.913,36.916,0.035
Leipziger Allerlei gedünstet,75,2.5,3.7,6.36,0.298
Brotsuppe (Schwarzbrot) aufgebrüht mit Gemüsebrühe,43,0.9,2.0,5.06,0.752
"Geflügel Frikadelle, gebraten ohne Fett (Ofen)",113,16.7,3.2,4.0,1.245
"Pflaumenkompott/Zwetschgenkompott, mit Süßstoff",39,0.24,0.138,8.68,0.018
Quark (Magerstufe) mit Konfitüre,90,10.3,0.2,11.0,0.072
"Gemüse-Kartoffel-Brei, mit Zucchini (ohne Salz, geeignet für Beikost)",75,1.1,4.97,6.0,0.008
Touristenwurst (Rohwurst),455,19.93,41.61,0.18,3.8
"Karotten/Möhren, gekocht, mit Grundsauce hell/weiß",45,0.83,1.6,5.63,0.455
"Karotte/Möhre, tiefgefroren, gebraten ohne Fett (Pfanne)",74,1.389,0.78,11.983,0.0995
"Reisbrei gesüßt, mit Milch 3,5 % Fett",129,5.0,5.66,14.4,0.128
"Gemüsemischung Kaisergemüse, gebraten ohne Fett (Pfanne)",55,3.446,0.637,6.9,0.075
"Kalb Herz, tiefgefroren, geschmort ohne Fett",175,27.175,7.36,0.0,0.282
"Wirsing-Eintopf mit Gemüsebrühe, Kartoffeln und Karotten",40,1.66,0.7,6.0,0.325
"Bohne grün, milchsauer fermentiert, abgetropft",23,1.905,0.205,2.6,1.2202
Eier mit Käse überbacken,155,8.17,11.6,4.35,0.922
"Gemüse-Süßkartoffel-Brei, mit Karotte, Pastinake (ohne Salz, geeignet für Beikost)",101,1.25,5.151,11.2,0.022
Bleichsellerie gekocht (mit Fett und Salz),78,1.232,6.8,1.6,0.558
"Hähnchen Leber, tiefgefroren, gebraten ohne Fett (Pfanne)",159,24.36,6.1,1.765,0.35
Bitterschokolade gefüllt mit Fruchtcreme,522,6.49,34.15,43.1,0.02
Ochsenschwanz in Gelee,192,23.8,10.8,0.0,1.608
"Tintenfisch tiefgefroren, gebraten ohne Fett (Pfanne)",87,19.119,1.22,0.0,1.028
"Kohlrüben/Steckrüben, gedünstet, in Grundsauce hell/weiß",52,1.07,3.7,2.55,0.478
Nusssahne für Gebäck/Torten,348,5.2,31.6,10.0,0.068
Schwertfisch gedünstet (mit Fett und Salz),119,16.0,5.9,0.28,0.668
Malteser Sauce,368,3.3,38.1,2.67,0.37
"Speiseeis (Kaffee, Schokolade, Vanille) gemischt",199,3.5,9.9,23.1,0.098
"Schwein Hintereisbein/Hinterhaxe, tiefgefroren, gegrillt",282,26.1,19.73,0.0,0.2582
Marzipan,407,4.0,12.4,68.6,0.012
"Schaf Brust, mittelfett, tiefgefroren, gekocht",239,28.6,13.8,0.0,0.198
Meeresfrüchte-Cocktail mit Essigmarinade,140,15.29,8.64,0.05,0.948
Mangonektar,51,0.2,0.126,12.2,0.012
"Schneeklößchen gesüßt, Suppeneinlage",175,7.2,0.0,36.445,0.34
Reis mit gebratenen Zwiebeln,101,2.344,0.587,21.0,0.238
Fleischbrühe mit Grießklößchen,32,1.67,1.3,3.41,0.61
Chicoree gedünstet (mit Fett und Salz),55,1.63,4.6,1.0,0.258
"Schafskopf (Meerbrasse) tiefgefroren, gedünstet",93,18.0,2.3,0.0,0.18
Bratwurst gebraten,252,12.59,22.31,0.09,2.035
"Rind Hackfleisch, gebraten ohne Fett (Ofen)",281,26.968,19.282,0.0,0.15
"Schaf Bug/Schulter, mager, tiefgefroren, gebraten ohne Fett (Ofen)",176,26.7,7.73,0.0,0.212
"Rind Vorderhesse, tiefgefroren, gekocht",149,24.904,5.445,0.0,0.095
Delikatesswürstchen,163,12.52,12.53,0.08,2.2
Reis mit gedünsteter Paprika,110,2.293,1.303,21.6,0.063
"Schwein Schnitzel (Oberschale) tiefgefroren, gebraten ohne Fett (Pfanne)",144,31.015,2.235,0.0,0.225
"Schwein Frühstücksspeck, Rohpökelware, geräuchert, gebraten ohne Fett (Pfanne)",310,18.73,25.91,0.573,4.8
"Gans Fleisch, mit Haut, tiefgefroren, gekocht",260,20.186,19.929,0.0,0.122
Pesto verde,542,6.7,56.5,0.7,1.805
Zwiebelringe im Backteig (mit Bier) frittiert,226,5.1,13.12,20.18,0.248
Mettwurst,349,22.85,28.51,0.18,3.8
"Milchreis gesüßt, mit Milch 3,5 % Fett und Beerenmischung",113,3.8,2.4,18.1,0.078
Maronenkrem,247,1.112,0.737,57.327,0.008
"Geflügelfleischkäse mit Schweinefleisch, gekocht",150,15.06,9.9,0.1,1.2
"Gemüse-Kartoffel-Fleisch-Brei, mit Karotte und Rindfleisch (ohne Salz, geeignet für Beikost)",92,3.532,4.822,7.576,0.05
"Rind Steak (Rücken) mariniert, gebraten ohne Fett (Pfanne)",172,26.48,7.11,0.19,1.142
Zwiebelsauce von heller/weißer Grundsauce,63,0.92,4.5,4.17,0.72
"Vanilleflammeri/Vanillepudding, mit Ei",127,4.8,4.54,16.64,0.172
"Frischkornbrei ungesüßt, mit Joghurt 3,5 % Fett und Fruchtmischung",87,3.54,2.2,11.8,0.055
Senfbutter,590,3.9,63.18,0.9,0.555
"Getrüffelte Zungenpastete mit Champignons und Mürbeteig, gebacken",236,14.59,16.03,7.84,1.2
Birnen im Sud gekocht,67,0.332,0.3,15.28,0.002
"Gemüsemischung Kaisergemüse, geschmort ohne Fett",40,2.512,0.465,5.1,0.055
Leberklößchen mit Semmelbröseln,244,13.47,15.0,13.19,0.835
"Wildreis gekocht, gebraten ohne Fett (Pfanne)",149,5.398,0.371,30.17,0.00502
"Ente Fleisch, mit Haut, tiefgefroren, geschmort ohne Fett",213,26.019,12.094,0.0,0.06
"Reis poliert, gekocht, gebraten ohne Fett (Pfanne)",124,3.51,0.37,26.4,0.02598
Krakauer roh,332,23.27,26.56,0.0,3.8
Apfelklöße,196,5.72,5.8,29.0,0.225
"Schwein Frikadelle, gegrillt",288,18.98,21.23,5.0,1.76
Kekse/Plätzchen (Vollkornmürbeteig) schokoliert,528,6.95,30.85,52.5,0.172
Schwarzwurzeln gekocht,56,1.26,0.4,7.7,0.34
Hagebuttensauce aus Konfitüre,183,0.3,0.1,44.5,0.008
"Speiseeis (Karamell, Schoko, Vanille) gemischt",204,3.4,9.81,24.69,0.095
"Spinat gedünstet, in Grundsauce hell/weiß",32,2.04,1.5,1.78,0.318
"Hagebuttensuppe mit Apfel, gebunden mit Stärke",48,0.657,0.2,9.6,0.015
"Apfelküchlein/Apfelringe im Ausbackteig, frittiert",197,3.5,11.9,17.9,0.068
"Suppenhuhn Schenkel, mit Haut, tiefgefroren, gekocht",226,22.5,15.088,0.0,0.0872
"Kalb Hals/Nacken/Kamm, tiefgefroren, gekocht",135,27.257,2.85,0.0,0.168
"Grüne Bohnen gekocht, in Grundsauce hell/weiß",34,1.85,1.1,3.6,0.328
"Knuspermüsli (Granola) gesüßt, mit Sojadrink und Fruchtmischung",142,4.7,5.4,16.5,0.03
Vanillesahneeis mit heißer Schokoladensauce,182,4.0,12.03,14.1,0.095
"Schaf Hinterhaxe, mittelfett, tiefgefroren, gekocht",259,29.8,15.5,0.0,0.15
Pfirsichkompott zuckerreduziert,47,0.6,0.095,10.16,0.002
"Blumenkohl tiefgefroren, gebacken",46,1.8,0.438,7.92,0.042
"Getreide-Obst-Brei, mit Apfelmus ungesüßt und Haferflocken (geeignet für Beikost)",71,1.443,2.283,10.0,0.002
"Hähnchen Herz, tiefgefroren, gebraten ohne Fett (Pfanne)",270,27.89,17.66,0.0,0.485
Corned Beef gekocht,138,22.448,5.172,0.29,1.2
"Hähnchen Flügel, mit Haut, tiefgefroren, geschmort ohne Fett",185,21.9,10.86,0.0,0.1205
"Eierteigwaren glutenfrei, gekocht",140,3.173,1.417,28.0,0.025
"Wachsbohne tiefgefroren, gedünstet",31,2.4,0.2,4.0,0.00528
"Kalb Kochfleisch (Brust) tiefgefroren, gekocht",231,23.895,14.992,0.0,0.145
"Bohne grün, tiefgefroren, geschmort ohne Fett",32,2.1,0.3,4.2,0.00558
"Vanillepudding, Flammeri, zubereitet aus Pulver und Milch 3,5 % Fett",107,3.27,3.2,16.14,0.15
"Pute Fleisch, mit Haut, tiefgefroren, gebraten ohne Fett (Ofen)",221,29.627,11.333,0.0,0.168
Vanilleflammeri/Vanillepudding (als Dessert) mit Schokoladensauce,137,4.4,5.35,17.6,0.13
"Königslachs tiefgefroren, gebraten ohne Fett (Pfanne)",208,23.631,12.6,0.0,0.128
Mirabellenkompott,86,0.449,0.1,20.393,0.005
Rote-Bete-Salat (roh) mit Joghurtmarinade,60,1.98,1.73,7.7,0.212
"Reis unpoliert, gekocht, gebraten ohne Fett (Pfanne)",137,3.198,0.976,28.01,0.003135
Sahnesauce von dunkler/brauner Grundsauce,97,1.24,7.7,5.34,0.692
"Mehrkorntoastbrot mit Ölsamen, getoastet",343,11.68,6.83,56.0,1.348
Kürbiscremesuppe,69,0.95,5.2,4.0,0.422
"Rote-Bete-Gemüse süß/sauer, gedünstet",60,1.28,3.3,5.26,0.31
Birnendicksaft,272,1.165,1.001,67.8,0.105163
"Schaf Keule, mager, tiefgefroren, gebraten ohne Fett (Ofen)",163,30.2,4.73,0.0,0.192
Pfirsichtorte (Biskuit) mit Klarguss (ohne Sahne/Creme),87,2.3,1.08,16.56,0.045
"Kalb Haxe, tiefgefroren",118,19.3,4.51,0.0,0.288
"Jagdwurst/Schinkenwurst grob, Konserve",152,14.46,10.46,0.08,2.0
"Pute Flügel, mit Haut, tiefgefroren, gekocht",152,20.7,7.7,0.0,0.062
"Weißer Thun tiefgefroren, gebraten ohne Fett (Pfanne)",143,32.3,1.54,0.0,0.2065
Kichererbsen-Eintopf,62,2.6,2.5,6.0,0.638
Brühreis mit Hühnerfleisch,171,9.16,5.6,20.7,0.45
Kartoffelgratin,128,3.42,5.77,15.0,0.365
"Blumenkohl tiefgefroren, gedämpft",33,1.3,0.311,5.62,0.028
"Brotsuppe (Weißbrot) mit Gemüsebrühe, Tomaten, Champignons und Käse",74,2.8,4.2,5.9,0.692
Erdbeer-Carpaccio (mit Weißwein),54,0.737,0.31,9.38,0.002
Leberpastete/Leberpudding,196,15.91,12.0,6.0,1.212
Linsen-Eintopf mit Suppengemüse und Kartoffeln,122,6.84,2.0,16.2,0.54
Pralinen gefüllt mit Marzipan,474,7.31,28.6,43.38,0.018
Blumenkohl gratiniert,90,5.6,4.9,5.4,0.12
"Kalbskotelett gebraten, mit Sahnesauce",140,19.75,6.6,0.313,0.482
"Kalb Rücken, tiefgefroren, gebraten ohne Fett (Ofen)",134,27.114,2.832,0.0,0.252
Weinsauerkraut gedünstet,22,1.093,0.301,0.99,1.155
Gemüsesamtsuppe,44,0.94,2.5,4.0,0.468
"Ochsenzunge paniert, gebraten",274,16.38,19.74,7.29,0.658
Fenchel gekocht (mit Fett und Salz),74,1.295,5.5,3.13,0.325
"Hähnchen Fleisch, ohne Haut, tiefgefroren, gekocht",128,23.3,3.9,0.0,0.102
"Omelett gebraten, gefüllt mit gedünsteten Champignons",163,9.09,13.15,2.1,0.525
"Schaf Kotelett, mariniert, gegrillt",421,19.22,37.96,0.47,1.295
Chinakohlsalat mit Essigmarinade,107,1.39,10.17,1.34,0.218
"Gemüsemischung Erbsen-Karotten, gebacken",76,4.0,0.518,11.045,0.035
"Mandeln gebrannt, dragiert",472,10.3,21.902,51.4,0.158
Heilbuttfilet gegrillt,240,23.74,15.8,0.187,0.222
"Schwein Bauch (wie gewachsen) tiefgefroren, gebraten ohne Fett (Ofen)",364,22.77,30.34,0.0,0.1688
"Suppenhuhn Innereien, tiefgefroren, gebraten ohne Fett (Pfanne)",240,27.0,14.62,0.0,0.26
Spargel gedünstet,33,2.269,0.18,4.6,0.0062
"Schwein Bauch (wie gewachsen) mariniert, gegrillt",434,21.95,38.32,0.14,1.2
Fenchelsalat (gegart) mit Essigmarinade,109,1.11,9.61,2.95,0.245
Erdbeereis,170,1.4,7.6,22.822,0.042
Zucchini-Sahnesauce,150,2.0,13.6,4.0,0.27
"Seehecht tiefgefroren, gebraten ohne Fett (Pfanne)",101,20.425,2.17,0.0,0.268
"Joghurt fettarm, mind. 1,5 % bis max. 1,8 % Fett, mit Fruchtzubereitung, gesüßt",88,3.368,1.366,14.72,0.12
"Zuckermais tiefgefroren, gegrillt",78,3.5,1.47,11.3,0.005
"Kalb Bratenfleisch (Bug) tiefgefroren, gebraten ohne Fett (Ofen)",120,27.503,1.092,0.0,0.235
Kaffeeersatz (Getränk) mit Alkohol,20,0.07,0.002,0.904,0.01
Backkartoffeln mit Kräuterquark,116,5.19,3.4,15.4,0.38
Pizzateig (mit Hefe) gebacken,300,7.89,6.26,51.0,0.448
"Speiseeis (Nuss, Schokolade, Vanille) gemischt, in Waffeltüte",230,3.39,11.35,27.6,0.09
"Schnecken tiefgefroren, gekocht",78,16.6,1.29,0.0,0.198
Berner Rösti gebraten,207,2.468,12.755,19.4,0.31
Apfelkompott,46,0.292,0.3,9.4,0.005
"Zander tiefgefroren, gebraten ohne Fett (Pfanne)",102,23.75,0.74,0.0,0.065
"Europäische Auster tiefgefroren, gratiniert ohne Fett (Ofen)",73,9.8,3.27,1.211,0.445
"Hähnchenschenkel mariniert, gebraten, mit Curryjoghurtsauce",262,16.97,19.88,3.3,0.485
Stachelbeergrütze mit Schlagsahne,126,0.765,2.916,23.336,0.015
Böhmische Knödel gekocht,199,7.21,7.27,25.33,0.765
"Wels tiefgefroren, gebraten ohne Fett (Pfanne)",139,17.1,7.8,0.0,0.048
Bechamelkartoffeln,79,2.16,2.5,11.37,0.2
"Grünkohl tiefgefroren, gedünstet",54,4.202,0.676,3.35,0.062
Ananasgelee,60,1.6,0.1,12.931,0.015
"Tintenfisch tiefgefroren, gedünstet",68,14.375,1.17,0.0,0.98
"Johannisbeernektar schwarz, mit Süßungsmitteln",14,0.31,0.044,2.5,0.008
"Haferflocken gesüßt, mit Joghurt 3,5 % Fett und Fruchtmischung",120,4.6,3.2,16.5,0.06
"Milchreis gesüßt, mit Milch 3,5 % Fett, Zucker und Zimt",142,4.83,3.18,23.2,0.108
"Schweineleber gebraten, mit Grundsauce dunkel/braun",123,12.22,6.0,4.88,0.555
Mehrkornschrot gekocht,50,1.71,0.47,8.8,0.002
"Grüne Erbsen gekocht, in Grundsauce hell/weiß",80,4.8,1.2,10.38,0.32
"Haferflockenbrei gesüßt, mit Butter und Ei",137,6.0,6.83,12.3,0.135
"Broccoli gedünstet, mit Bechamelsauce",69,3.08,4.0,4.3,0.325
"Suppengrün/Suppenkraut, gekocht",31,2.019,0.314,3.3,0.118
Waffelkekse schokoliert,362,5.67,18.77,41.6,0.1
"Felchen/Maräne/Renke/Schnäpel, tiefgefroren, gedünstet",102,18.199,3.021,0.0,0.37
Tomatensauce aus frischen Tomaten,111,1.004,9.46,4.39,0.275
"Ente gebraten im Ofen, mit Grundsauce dunkel/braun",167,19.58,9.1,1.59,0.55
"Hirsch Rücken, tiefgefroren, geschmort ohne Fett",140,26.808,3.66,0.0,0.13
"Schaf Schnitzel (Keule, mager) tiefgefroren, gegrillt",174,31.0,5.58,0.0,0.21
Dinkelvollkorneierteigwaren gekocht,125,5.17,0.99,21.56,0.008
"Ente Innereien, tiefgefroren, geschmort ohne Fett",210,26.6,11.51,0.0,0.21
"Schwein Hintereisbein/Hinterhaxe, tiefgefroren, gekocht",259,26.24,17.07,0.0,0.1385
"Schokolade weiß, mit Haselnüssen",586,8.8,41.54,43.1,0.1868
"Knoblauch tiefgefroren, gebacken",127,7.908,0.549,4.0,0.0257118
"Miesmuschel tiefgefroren, gebraten ohne Fett (Pfanne)",65,11.219,2.197,0.0,0.708
"Rotbarsch/Goldbarsch, tiefgefroren, gedünstet",84,13.7,3.3,0.0,0.202
Rhabarberkompott mit Süßstoff,18,0.542,0.126,1.229,0.032
Pfirsich Melba,170,2.2,10.4,16.5,0.055
"Venusmuschel gekocht, gratiniert ohne Fett (Ofen)",80,15.0,1.33,2.0,0.972
"Gans gebraten im Ofen, mit Grundsauce dunkel/braun",419,19.13,37.6,1.05,0.61
"Thunfischsteak mariniert, gegrillt",184,25.3,9.16,0.02,0.742
"Knoblauch tiefgefroren, gebraten ohne Fett (Pfanne)",174,10.67,0.741,6.0,0.0346905
Frucht-Joghurteis,107,3.3,2.1,17.94,0.082
"Blei/Brachsen/Brasse, tiefgefroren, gedünstet",87,14.647,3.12,0.0,0.082
"Schwertfisch tiefgefroren, gebraten ohne Fett (Pfanne)",124,23.038,3.5,0.0,0.27
"Speisezwiebel tiefgefroren, gebacken",44,1.511,0.196,7.85,0.03
Vanilleparfait (Halbgefrorenes),328,3.6,22.04,28.7,0.072
"Rind Roastbeef (Rücken) tiefgefroren, gebraten ohne Fett (Ofen)",160,29.124,4.811,0.0,0.158
"Pute Keule, ohne Haut, tiefgefroren, geschmort ohne Fett",136,26.943,3.094,0.0,0.122
"Erdnusskerne gebrannt, dragiert",506,13.6,23.4,54.3,0.008
"Speiseeis Vanille, überzogen mit Schokolade und Karamell",265,3.7,14.11,29.96,0.12
"Rotbarsch/Goldbarsch, tiefgefroren, gebraten ohne Fett (Ofen)",108,18.4,3.87,0.0,0.215
"Bohne grün, tiefgefroren, gebacken",34,2.2,0.314,4.4,0.00582
Fruchtsaftgetränk angereichert mit Vitaminen,37,0.121,0.0,9.0,0.008
"Schaf Keule, fett, tiefgefroren, geschmort ohne Fett",309,26.7,22.5,0.0,0.158
"Hähnchen Flügel, mit Haut, mariniert, gebraten ohne Fett (Ofen)",238,22.38,15.47,2.23,1.185
"Languste gekocht, gebraten ohne Fett (Pfanne)",90,18.679,1.677,0.0,0.5
"Rind Steak (Rücken) tiefgefroren, gebraten ohne Fett (Pfanne)",166,29.124,5.532,0.0,0.158
Robertsauce von dunkler/brauner Grundsauce,72,1.03,4.8,5.37,0.6
Sauerkirschkompott mit Süßstoff,57,0.746,0.414,11.381,0.025
Käsepilaw (Reis mit Zwiebeln und Käse),187,5.93,6.7,25.1,0.645
Hummersamtsauce von heller/weißer Grundsauce,87,4.6,6.4,2.61,0.825
Gemüsesuppe mit Graupen,37,1.3,1.2,4.8,0.525
"Kalb Leber, tiefgefroren, gebraten ohne Fett (Pfanne)",110,18.625,1.513,5.395,0.242
Rostbratwurst gebraten ohne Fett (Pfanne),216,19.72,15.22,0.1,2.1628
"Ente Schenkel, mit Haut, tiefgefroren, geschmort ohne Fett",200,24.68,11.22,0.0,0.16
Gemischter Salat mit Essigmarinade,115,1.2,10.9,2.0,0.402
"Gemüsemischung Erbsen-Karotten, tiefgefroren",62,3.4,0.44,8.919,0.028
"Dinkelteigwaren eifrei, gekocht",149,5.83,0.61,28.72,0.0008
"Schwein Stielkotelett, tiefgefroren, gegrillt",223,27.27,12.67,0.0,0.148
"Rind/Schwein, Hacksteak, roh",205,15.25,15.54,0.96,1.8
"Kalb Hals/Nacken/Kamm, tiefgefroren, gebraten ohne Fett (Ofen)",136,27.503,2.876,0.0,0.298
"Speiseeis Kaffee, in Waffeltüte",204,4.7,10.2,23.1,0.09
"Kalb Schnitzel (Keule) tiefgefroren, gebraten ohne Fett (Ofen)",121,28.389,0.823,0.0,0.245
"Ente Leber, tiefgefroren, gebraten ohne Fett (Pfanne)",173,26.1,6.82,1.765,0.338
"Polenta (Maisgrieß mit Wasser, Fett und Salz) gekocht, gebacken",128,1.916,6.7,13.898,0.428
Fleischbrühe mit Ei-Einlauf,21,1.78,1.0,1.2,0.608
"Zuckererbse tiefgefroren, gedünstet",43,4.3,0.2,5.0,0.042
Rhabarbercreme einfach,91,1.7,1.234,16.812,0.05
"Edelkrebs/Flusskrebs, Präserve",60,13.764,0.575,0.0,1.515
"Schwein Filetmedaillon, paniert, gebraten ohne Fett (Pfanne)",171,26.8,2.9,9.12,1.292
"Rind Gulasch (Bug) tiefgefroren, gebraten ohne Fett (Pfanne)",179,28.518,7.171,0.0,0.155
Gemüse-Rindfleisch-Eintopf,85,7.23,3.2,6.0,0.35
"Schwein Frühstücksspeck, Rohpökelware, geräuchert, gebraten ohne Fett (Ofen)",306,19.15,25.28,0.58,4.2
"Haselnusscreme, eingerührte Art (mit Stärke)",193,6.5,10.76,17.2,0.132
"Schwein Kamm, tiefgefroren, gegrillt",217,24.27,13.34,0.0,0.1608
"Speiseeis Vanille, mit Eierlikör",206,2.58,9.78,23.2,0.108
Gefüllter Schinken,103,17.66,3.54,0.08,2.0
Grießbrei (als Dessert) mit Karamellsauce,113,4.0,3.66,15.94,0.095
Vanillecreme abgeschlagen (mit Gelatine),213,5.5,15.1,13.68,0.102
"Gemüsemischung Kaisergemüse, gebacken",43,2.716,0.502,5.5,0.06
Frikadellen aus Kalbfleisch gebraten,249,19.53,17.75,2.5,0.598
"Broccolipüree mit Milch 1,5 % Fett",45,3.79,1.5,3.2,0.3
Rührei gebraten mit Pfifferlingen und Kochschinken,168,11.23,13.0,1.11,0.802
Hähnchenpastete gebacken,211,19.2,11.4,7.7,0.5
"Speisezwiebel tiefgefroren, geschmort ohne Fett",47,1.589,0.207,8.35,0.03
"Trüffel getrocknet, gekocht",128,14.154,0.871,1.0,0.295
"Hummer tiefgefroren, gebraten ohne Fett (Pfanne)",99,19.365,2.436,0.0,0.735
Risi-Pisi (gekochter Reis mit gedünsteten grünen Erbsen),109,3.6,1.228,19.4,0.05
"Gemüsemischung Leipziger Allerlei, tiefgefroren, gedünstet",62,3.5,0.433,8.91,0.028
"Apfelkompott/Apfelmus, mit Süßungsmitteln, Konserve",32,0.3,0.12,6.7,0.012
"Weizen ganzes Korn, gekocht, gebacken",226,8.7668,1.188,40.513,0.012
"Gemüsemischung asiatische Art, gedünstet",31,2.1,0.3,3.9,0.018
"Wildente Fleisch, mit Haut, tiefgefroren, gebraten ohne Fett (Ofen)",243,27.0,15.0,0.0,0.178
"Blätterteig eifrei, gebacken",560,5.5,42.36,37.7,0.522
Currysauce indisch,67,1.02,4.6,4.85,0.482
"Hähnchen ganz, entbeint, mit Haut, tiefgefroren, geschmort ohne Fett",205,25.61,11.39,0.0,0.0978
Rotweinsauce von dunkler/brauner Grundsauce,71,1.02,4.6,5.28,0.545
"Meerforelle tiefgefroren, gedünstet",98,16.4,3.44,0.0,0.148
"Kaffeeersatz (Getränk) mit Mandeldrink, ungesüßt",6,0.1,0.074,0.94,0.014
Mokkasahneeis,291,3.7,24.9,12.96,0.088
"Schweinelende gebraten im Ofen, mit Grundsauce dunkel/braun",125,20.41,4.0,1.7,0.492
"Kaninchen Fleisch, tiefgefroren, geschmort ohne Fett",177,29.5,6.6,0.0,0.118
Eierteigwaren mit Roquefortsauce,234,7.7,14.962,16.666,0.928
"Champignon tiefgefroren, gedünstet",50,6.45,0.482,5.1,0.17282
"Languste tiefgefroren, gekocht",76,15.926,1.358,0.0,0.478
Eierteigwaren mit Muschelsauce,114,5.7,2.875,15.7,0.555
Müslikekse/Müsliplätzchen (Vollkornmürbeteig) schokoliert,438,8.0,18.0,57.5,0.17
"Rebhuhn Fleisch, tiefgefroren, gebraten ohne Fett (Ofen)",324,54.4,11.8,0.0,0.315
"Suppengrün/Suppenkraut, getrocknet, gekocht",67,2.738,0.583,10.0,0.102
"Karpfen tiefgefroren, gedünstet",107,15.882,4.88,0.0,0.075
"Ente Fleisch, mit Haut, tiefgefroren, gebraten ohne Fett (Ofen)",203,27.011,10.585,0.0,0.125
"Rind Gulasch (Bug) tiefgefroren, geschmort ohne Fett",173,28.77,6.424,0.0,0.105
Mohnfüllung für Gebäck/Torten,315,10.26,13.7,34.24,0.51
"Schwein Kammsteak, tiefgefroren, gebraten ohne Fett (Pfanne)",189,22.81,10.9,0.0,0.1442
"Pferd Fleisch, tiefgefroren, geschmort ohne Fett",145,28.476,3.259,0.541,0.1
"Kalb Hackfleisch, gebraten ohne Fett (Pfanne)",257,26.591,16.687,0.0,0.18
"Pute Fleisch, mit Haut, tiefgefroren, gegrillt",215,27.671,11.644,0.0,0.195
"Hähnchen Brustfilet, tiefgefroren, gebraten ohne Fett (Ofen)",144,31.85,1.86,0.0,0.1438
"Speisequarkzubereitung < 10 % Fett i. Tr., mit Fruchtzubereitung, Zucker und Süßungsmitteln",65,9.02,0.15,6.21,0.072
"Hähnchen ganz, entbeint, mit Haut, tiefgefroren, gegrillt",239,25.61,15.18,0.0,0.1818
Grünkohl-Eintopf mit Kartoffeln,66,2.43,2.2,7.5,0.358
"Schaf Hinterhaxe, mager, tiefgefroren, gegrillt",161,29.7,4.72,0.0,0.285
Heidelbeerkompott ungesüßt,48,0.4,0.5,7.5,0.005
Pfeffersauce von dunkler/brauner Grundsauce,74,1.2,5.0,5.8,0.618
"Hirsch Rücken, tiefgefroren, gebraten ohne Fett (Ofen)",140,26.808,3.66,0.0,0.182
Semmelknödel gekocht,156,7.04,4.05,22.03,0.892
Eier-Frischteigwaren gekocht,172,7.26,2.29,29.64,0.302
"Gemüsemischung Kaisergemüse, tiefgefroren",36,2.309,0.427,4.4,0.045
"Barsch/Flussbarsch, tiefgefroren, gegrillt",96,22.54,0.7,0.0,0.148
"Speisezwiebel tiefgefroren, gebraten ohne Fett (Pfanne)",59,2.038,0.265,10.6,0.04
"Pute Fleisch, ohne Haut, tiefgefroren, gegrillt",134,26.974,2.9,0.0,0.275
Selleriegemüse gekocht,26,1.333,0.3,2.41,0.395
"Meeräsche tiefgefroren, gedünstet",98,18.214,2.75,0.0,0.175
"Vanillepudding, Flammeri, zubereitet aus Pulver und Milch 3,5 % Fett, gesüßt",101,3.11,3.04,15.32,0.142
"Porree/Lauch, tiefgefroren, gedünstet",37,1.0,0.296,6.0,0.0015
"Karotte/Möhre, tiefgefroren, gekocht",38,0.726,0.407,6.263,0.0475
"Kartoffelschichtspeise mit Sauerkraut und Kochschinken, überbacken",89,5.2,3.6,7.29,0.808
Süßkirschkompott zuckerreduziert,74,0.717,0.246,16.58,0.002
"Schinkennockerln, Suppeneinlage",277,11.34,15.19,22.63,0.83
"Ente Fleisch, mit Haut, tiefgefroren, gegrillt",268,24.983,18.654,0.0,0.122
"Lauch gedünstet, mit Butter und Käse",108,3.264,7.79,5.0,0.288
Quark (Halbfettstufe) mit Konfitüre,127,10.6,4.4,10.4,0.078
"Blumenkohl tiefgefroren, gedünstet",36,1.4,0.338,6.11,0.032
Zwiebelsauce von dunkler/brauner Grundsauce,67,1.15,4.2,5.69,0.588
"Brandmasse/Brandteig, gebacken",274,10.38,14.29,24.94,0.258
"Schwein Schinkenspeck, Rohpökelware, geräuchert, gekocht",137,25.2,3.79,0.589,4.2
"Waffelkekse mit Nuss-Nougatcremefüllung, schokoliert",499,6.47,29.22,50.2,0.088
"Rind Herz, tiefgefroren, geschmort ohne Fett",197,29.244,8.889,0.0,0.3
"Pute Brust, ohne Haut, tiefgefroren, geschmort ohne Fett",145,34.111,0.914,0.0,0.07
"Rind Bratenfleisch (Bug) tiefgefroren, gebraten ohne Fett (Ofen)",161,26.933,5.889,0.0,0.148
"Pute Keule, ohne Haut, tiefgefroren, gegrillt",176,31.538,5.554,0.0,0.298
"Morchel getrocknet, gekocht",121,10.126,1.302,2.4,0.018
"Schwein Stielkotelett, tiefgefroren, gebraten ohne Fett (Ofen)",203,26.63,10.75,0.0,0.133
"Teigwaren eifrei, mit Kalbsgulasch",115,11.4,2.9,10.4,0.592
Puddingfüllung für Gebäck/Torten,129,3.2,3.53,20.98,0.155
Rheinische Bratwurst gegrillt,240,12.28,21.11,0.09,1.858
"Pferd Fleisch, tiefgefroren, gebraten ohne Fett (Ofen)",150,29.516,3.268,0.585,0.138
Semmelknödel gedämpft,156,6.96,3.91,22.51,0.858
Meeresfrüchtemischung gedünstet,58,11.417,1.42,0.0,0.615
"Schaf Vorderhaxe, mittelfett, tiefgefroren, geschmort ohne Fett",242,27.9,14.5,0.0,0.14
"Schaf Keule, mittelfett, tiefgefroren, geschmort ohne Fett",242,27.9,14.5,0.0,0.14
"Kartoffelpüree, zubereitet aus Instantpulver und Milch 3,5 % Fett",108,4.61,3.59,13.84,0.46
Mürbchen (Mürbeteig) schokoliert,501,6.54,26.61,57.1,0.13
"Hähnchen Flügel, mit Haut, tiefgefroren, gebraten ohne Fett (Pfanne)",219,25.66,12.94,0.0,0.2815
"Kalb Steak (Rücken) tiefgefroren, gebraten ohne Fett (Ofen)",150,30.4,3.176,0.0,0.282
"Katfisch/Steinbeißer, tiefgefroren, gebraten ohne Fett (Pfanne)",97,18.762,2.4,0.0,0.28
Schokoladen-Biskuitplätzchen,420,12.9,9.43,68.4,0.305
"Stint tiefgefroren, gedünstet",77,15.536,1.619,0.0,0.395
Mangokompott,90,0.7,0.338,20.0,0.02
Lauchsalat (gegart) mit Essigmarinade,110,1.84,8.96,4.0,0.168
Rinderragout mit Paprika,164,16.59,9.3,3.15,0.63
"Gans Fleisch, mit Haut, tiefgefroren, gebraten ohne Fett (Ofen)",257,22.73,18.507,0.0,0.272
"Schwein Kotelett (Rücken/cranial) tiefgefroren, geschmort ohne Fett",219,27.53,12.07,0.0,0.103
"Ente Innereien, tiefgefroren, gebraten ohne Fett (Pfanne)",240,27.0,14.62,0.0,0.26
"Westfälische grobe Mettwurst, gebraten ohne Fett (Pfanne)",390,20.4,34.14,0.18,3.8
"Schwein Kamm, tiefgefroren, gebraten ohne Fett (Ofen)",205,24.66,11.78,0.0,0.1505
"Schwein Frikadelle, gebraten ohne Fett (Ofen)",270,19.07,19.08,5.0,1.65
"Zartbitter-/Halbbitterschokolade, mit Haselnüssen",570,9.03,40.34,38.3,0.0162
"Mayonnaise, gestreckt mit saurer Sahne",419,2.6,44.3,2.2,0.68
"Porree/Lauch, tiefgefroren, gekocht",31,0.8,0.261,5.0,0.0012
"Garnele/Granat/Krabbe, tiefgefroren, gekocht",94,19.11,1.973,0.0,0.425
"Pute Keule, ohne Haut, tiefgefroren, gebraten ohne Fett (Ofen)",189,34.692,5.554,0.0,0.265
"Teigwaren eifrei, gekocht, gebacken",165,6.1,0.798,32.591,0.002
"Eierteigwaren mit Weizenkeimen, gekocht",139,6.09,1.06,25.24,0.008
Rührei gebraten mit Zwiebeln,192,12.07,15.41,1.06,0.655
"Schaf Filetsteak, tiefgefroren, gegrillt",170,33.15,4.18,0.0,0.1708
"Blumenkohl gekocht, mit Grundsauce hell/weiß",48,1.48,2.7,4.31,0.572
Creme brulee,351,5.3,24.7,26.82,0.112
Kirschgrütze,114,0.657,0.352,25.952,0.005
"Schaf Kotelett, tiefgefroren, gebraten ohne Fett (Pfanne)",393,19.39,35.068,0.0,0.262
"Gelbflossen-Thun tiefgefroren, gebraten ohne Fett (Pfanne)",121,29.0,0.55,0.0,0.128
"Seehecht tiefgefroren, gedünstet",78,15.357,1.84,0.0,0.255
"Karotte/Möhre, tiefgefroren, geschmort ohne Fett",44,0.816,0.458,7.111,0.0585
"Eisbein gepökelt, gekocht",196,23.03,11.29,0.579,1.8
"Taube Fleisch, mit Haut, tiefgefroren, geschmort ohne Fett",202,32.047,8.233,0.0,0.15
"Kalb Haxe, geschmort ohne Fett",140,24.189,4.811,0.0,0.23
"Gans Innereien, tiefgefroren, geschmort ohne Fett",210,26.6,11.51,0.0,0.21
"Suppenhuhn Fleisch, mit Haut, tiefgefroren, gekocht",246,24.485,16.419,0.0,0.0948
"Hähnchen Flügel, mit Haut, tiefgefroren, gegrillt",286,28.8,19.03,0.0,0.2942
"Gemüsemischung Leipziger Allerlei, tiefgefroren, gekocht",61,3.4,0.421,8.69,0.025
"Toastbrot glutenfrei, getoastet",271,2.004,4.906,54.0,1.335
"Kalb Hackfleisch, geschmort ohne Fett",208,23.032,12.836,0.0,0.16
"Wildschwein Fleisch, tiefgefroren, geschmort ohne Fett",204,26.848,10.783,0.0,0.205
"Steinpilz getrocknet, gekocht",140,16.189,1.199,9.8,0.04
"Ente Fleisch, mit Haut, mariniert, gegrillt",278,23.35,20.42,0.18,1.268
"Pfifferling getrocknet, gekocht",126,18.654,1.293,2.629,0.032
"Rind Leberhack, tiefgefroren, gebraten ohne Fett (Pfanne)",159,22.812,4.575,6.625,0.308
"Europäische Auster tiefgefroren, gebraten ohne Fett (Pfanne)",73,9.607,3.3,1.225,0.382
Zedernbrot,396,8.9,15.8,52.4,0.075
Weinsauerkraut gekocht,18,1.046,0.288,0.94,0.995
"Vollkornteigwaren eifrei, gekocht, gebraten ohne Fett (Pfanne)",132,5.5,1.13,23.0,0.002
"Zuckermais tiefgefroren, gekocht",67,3.0,1.255,9.6,0.005
"Sahnejoghurt mind. 10 % Fett, mit Fruchtzubereitung und Süßungsmitteln",110,2.8,8.266,5.4,0.098
Vollkornhefezopf,273,8.4,8.26,38.0,0.165
"Schwein Herz, tiefgefroren, geschmort ohne Fett",195,29.106,8.7,0.0,0.3055
"Kalb Hackfleisch, gekocht",219,24.573,13.409,0.0,0.192
"Teigwaren eifrei, gekocht, gebraten ohne Fett (Pfanne)",149,5.5,0.716,29.265,0.0018
Printen schokoliert,424,5.5,13.4,68.5,0.388
"Schwein Hackfleisch, tiefgefroren, geschmort ohne Fett",393,27.71,31.36,0.0,0.1318
Weißweinsauce von heller/weißer Grundsauce,50,0.64,3.5,2.85,0.615
"Muscheln gedämpft, im Weißweinsud",91,3.95,6.649,0.22,0.55
"Broccoli tiefgefroren, gebacken",45,3.1,0.9338,3.5,0.092
"Schaf Schnitzel (Keule, mager) tiefgefroren, gebraten ohne Fett (Ofen)",161,29.8,4.67,0.0,0.19
"Vanille-Milchsuppe mit Ei, gebunden mit Stärke",103,5.0,4.85,9.73,0.152
"Hase Fleisch, tiefgefroren, geschmort ohne Fett",155,30.627,3.594,0.0,0.098
"Gemüsemischung Kaisergemüse, gekocht",31,1.96,0.363,3.9,0.038
Champignonsauce von dunkler/brauner Grundsauce,72,1.7,4.8,5.36,0.58
"Zuckererbse tiefgefroren, gekocht",40,4.0,0.2,4.6,0.032
"Venusmuschel tiefgefroren, gekocht",73,13.8,1.2,1.8,0.875
Rosinensauce von dunkler/brauner Grundsauce,88,1.2,4.7,9.6,0.552
"Rind Vorderhesse, tiefgefroren, geschmort ohne Fett",163,27.126,6.057,0.0,0.098
"Karpfen tiefgefroren, gebraten ohne Fett (Pfanne)",138,21.375,5.83,0.0,0.08
"Schaf Schnitzel (Keule, mager) tiefgefroren, gebraten ohne Fett (Pfanne)",168,31.1,4.87,0.0,0.198
"Spargel tiefgefroren, gekocht",34,2.39,0.19,4.85,0.00545
"Kalb Bug/Schulter, tiefgefroren, gebraten ohne Fett (Ofen)",120,27.503,1.092,0.0,0.235
"Dicke Bohne unreif, tiefgefroren, gekocht",68,5.8,0.7,6.4,0.038
"Speiseeis (Schokolade, Vanille) gemischt, mit Eierlikör",223,3.12,9.92,26.1,0.102
"Gemüse-Kartoffel-Brei, mit Karotte, Kürbis (ohne Salz, geeignet für Beikost)",86,0.943,4.959,8.39,0.02
Kümmelsauce von heller/weißer Grundsauce,57,0.79,4.2,3.62,0.74
Limettensaft Konzentrat,148,2.757,1.2,9.315,0.029
"Rind Tatar/Schabefleisch, tiefgefroren, gekocht",166,33.0,3.75,0.0,0.15
Tomatensauce aus frischen Tomaten und saurer Sahne,112,1.13,9.6,4.4,0.28
"Cocktail, Pina Colada",89,0.583,3.924,2.8,0.015
"Pilgermuschel/Jakobsmuschel, tiefgefroren, gratiniert ohne Fett (Ofen)",69,16.987,0.111,0.0,0.822
"Spinat tiefgefroren, gebacken",24,2.721,0.372,1.16,0.155
Franzbrötchen (Plunderteig),567,5.48,34.85,57.0,0.602
"Porree/Lauch, tiefgefroren, geschmort ohne Fett",38,1.1,0.344,6.0,0.0018
"Butterpilz getrocknet, gekocht",131,10.538,1.489,13.52,0.055
"Felchen/Maräne/Renke/Schnäpel, tiefgefroren, gebraten ohne Fett (Pfanne)",132,24.492,3.611,0.0,0.392
"Kalb Haxe, gebraten ohne Fett (Ofen)",144,25.038,4.876,0.0,0.31
"Champignon tiefgefroren, gebraten ohne Fett (Pfanne)",58,7.51,0.561,5.9,0.20115
"Schaf Filetsteak, tiefgefroren, gebraten ohne Fett (Pfanne)",156,31.38,3.44,0.0,0.151
"Pute Brust, ohne Haut, tiefgefroren, gebraten ohne Fett (Pfanne)",148,33.74,1.414,0.0,0.14
Pfirsichnektar,48,0.3,0.044,11.6,0.005
"Pute Fleisch, mit Haut, tiefgefroren, geschmort ohne Fett",172,26.549,7.286,0.0,0.09
Blumenkohlsalat (gegart) mit Essigmarinade,132,1.42,12.08,3.84,0.23
Felchenfilet in Mandelkruste gebacken,225,27.119,12.075,0.63,0.82
"Schwein Bauch (wie gewachsen) tiefgefroren, gekocht",357,22.49,29.64,0.0,0.0965
"Schwein Hackfleisch, tiefgefroren, gebraten ohne Fett (Pfanne)",339,25.35,26.44,0.0,0.1672
"Schaf Bug/Schulter, fett, tiefgefroren, gekocht",408,27.2,33.3,0.0,0.242
"Rind Steak (Rücken) tiefgefroren, gebraten ohne Fett (Ofen)",162,29.523,4.877,0.0,0.16
"Pute Innereien, tiefgefroren, geschmort ohne Fett",210,26.6,11.51,0.0,0.21
"Suppenhuhn Innereien, tiefgefroren, gekocht",204,25.2,11.51,0.0,0.18
"Kalb Haxe, gegrillt",140,23.16,5.299,0.0,0.305
"Schaf Keule, mager, mariniert, geschmort ohne Fett",165,30.7,4.43,0.48,0.895
"Rotzunge tiefgefroren, gebraten ohne Fett (Pfanne)",84,18.406,1.12,0.0,0.322
"Schokoladenflammeri/Schokoladenpudding, mit Vanillesauce",123,3.9,4.26,17.1,0.12
"Beerenmischung mit Sauerkirschen, ungesüßt, gedünstet",53,1.2,0.3,8.4,0.002
"Schwein Filetmedaillon, mariniert, gebraten ohne Fett (Pfanne)",164,26.6,6.2,0.14,1.2
"Matjeshering in Öl, Präserve, abgetropft",427,14.94,40.228,0.0,4.54
"Blumenkohl gedünstet, mit Bechamelsauce",68,2.53,3.8,5.52,0.31
"Kalb Steak (Rücken) tiefgefroren, gegrillt",131,25.723,3.157,0.0,0.252
"Ente Fleisch, mit Haut, tiefgefroren, gebraten ohne Fett (Pfanne)",264,33.126,14.604,0.0,0.152
Mischpilze gebacken,47,4.9,0.4,3.0,0.018
"Schwein/Rind, Hackfleisch gemischt, roh",250,18.43,19.55,0.0,0.138
"Ente Schenkel, mit Haut, tiefgefroren, gegrillt",258,24.39,17.81,0.0,0.342
"Schwein Filetmedaillon, mariniert, gegrillt",172,26.5,7.2,0.14,1.0
"Barsch/Flussbarsch, tiefgefroren, pochiert",70,16.05,0.6,0.0,0.12
"Steinbutt tiefgefroren, gebraten ohne Fett (Pfanne)",97,19.831,1.946,0.0,0.302
"Bückling (Hering) in Öl, Konserve, abgetropft",238,19.133,17.89,0.0,1.318
"Schwein Kotelett (Rücken/cranial) tiefgefroren, gegrillt",226,27.64,12.84,0.0,0.15
"Pute Brust, ohne Haut, tiefgefroren, gegrillt",139,31.711,1.303,0.0,0.135
"Eisbein, Kochpökelware, gekocht",186,26.32,8.68,0.579,1.8
"Kartoffeln gekocht, mit Kräuterquark und Butter",101,5.29,4.1,9.9,0.32
"Schaf Vorderhaxe, mittelfett, tiefgefroren, gekocht",259,29.8,15.5,0.0,0.15
"Vollkornteigwaren eifrei, gekocht, gebacken",147,6.1,1.26,25.6,0.002
Hörnchen (Blätterteig),425,4.18,32.19,28.65,0.398
"Mischpilze getrocknet, gekocht",134,13.8,1.1,8.48,0.045
"Hummer tiefgefroren, gekocht",80,14.722,2.346,0.0,0.708
"Schwein Schinkenspeck, Rohpökelware, geräuchert, gebraten ohne Fett (Ofen)",133,24.04,3.81,0.58,4.2
"Perlhuhn Fleisch, mit Haut, tiefgefroren, gebraten ohne Fett (Ofen)",167,29.9,5.23,0.0,0.175
"Knoblauch tiefgefroren, geschmort ohne Fett",134,8.318,0.578,4.0,0.0270455
"Knoblauch tiefgefroren, gekocht",111,6.875,0.478,3.0,0.0136595
"Kalb Brust, tiefgefroren, geschmort ohne Fett",229,23.061,15.147,0.0,0.21
"Garnele/Granat/Krabbe, gekocht, gegrillt",138,27.952,2.945,0.0,0.635
"Rind Hackfleisch, gebraten ohne Fett (Pfanne)",303,26.577,21.853,0.0,0.148
"Karotte/Möhre, tiefgefroren, gedünstet",46,0.862,0.484,7.438,0.0618
"Hähnchen Fleisch, ohne Haut, tiefgefroren, gebraten ohne Fett (Pfanne)",156,27.5,5.1,0.0,0.232
"Hase Fleisch, tiefgefroren, gebraten ohne Fett (Ofen)",135,26.649,3.127,0.0,0.122
Plunderteig gebacken,486,8.85,28.46,47.0,1.005
"Hähnchen Brustfilet, tiefgefroren, gegrillt",140,30.29,2.05,0.0,0.1348
"Kalb Rücken, tiefgefroren, geschmort ohne Fett",130,26.195,2.795,0.0,0.185
"Pute Brust, ohne Haut, tiefgefroren, gebraten ohne Fett (Ofen)",164,37.871,1.414,0.0,0.132
"Schaf Kotelett, mariniert, gebraten ohne Fett (Pfanne)",356,18.24,31.2,0.46,1.258
"Kalb Hackfleisch, gebraten ohne Fett (Ofen)",240,26.982,14.724,0.0,0.245
"Schwein Filetmedaillon, tiefgefroren, gegrillt",148,28.79,3.63,0.0,0.145
Wollwurst/Geschwollene,196,11.0,16.86,0.08,2.3212
"Stint tiefgefroren, gebraten ohne Fett (Pfanne)",100,20.662,1.912,0.0,0.415
Vanillesahneeis mit Orangenlikör,293,3.0,20.5,16.5,0.085
"Reh Rücken, tiefgefroren, geschmort ohne Fett",152,29.151,3.89,0.0,0.172
"Kalb Schnitzel (Keule) tiefgefroren, gegrillt",116,26.854,0.915,0.0,0.248
"Kalb Keule, tiefgefroren, gebraten ohne Fett (Ofen)",114,26.854,0.778,0.0,0.232
"Sprotte in Öl, Konserve, abgetropft",244,17.278,19.4,0.0,1.565
"Hähnchen Innereien, gebraten ohne Fett (Pfanne)",163,25.05,6.94,0.0,0.348
Erdbeerkompott ungesüßt,41,0.852,0.368,6.941,0.002
"Rosenkohl tiefgefroren, gedünstet",47,5.15,0.394,2.62,0.025
Mischpilze tiefgefroren,43,4.4,0.4,2.71,0.015
"Rind Leber, tiefgefroren, gebraten ohne Fett (Pfanne)",159,22.812,4.575,6.625,0.308
"Milchreis mit Milch 3,5 % Fett und Stachelbeerkompott",126,3.69,2.34,22.1,0.08
"Gans Innereien, tiefgefroren, gebraten ohne Fett (Pfanne)",236,26.6,14.39,0.0,0.255
"Rosenkohl tiefgefroren, gekocht",40,4.45,0.34,2.26,0.025
Sahneflammeri/Sahnepudding (als Dessert) mit Schokoladensauce,202,4.0,12.92,17.4,0.13
"Schwein Leber, tiefgefroren, gebraten ohne Fett (Pfanne)",147,23.15,5.55,1.163,0.2462
"Eierteigwaren gekocht, gebacken",148,5.9,1.034,28.09,0.278
Zitronensaft Konzentrat,150,3.124,1.5,8.429,0.04635
"Gans Fleisch, mit Haut, tiefgefroren, gebraten ohne Fett (Pfanne)",296,24.173,22.143,0.0,0.29
"Schaf Kotelett, tiefgefroren, gegrillt",464,20.434,42.514,0.0,0.295
"Rosenkohl tiefgefroren, gebacken",53,5.816,0.445,2.96,0.03
"Rind Steak (Rücken) tiefgefroren, gegrillt",151,26.283,5.101,0.0,0.142
Zabaione (mit Alkohol),360,5.3,10.8,48.0,0.055
"Taube Fleisch, mit Haut, tiefgefroren, gebraten ohne Fett (Ofen)",217,32.983,9.5,0.0,0.288
Rettichsalat mit Essigmarinade,96,0.88,8.75,2.44,0.21
"Wildschwein Fleisch, tiefgefroren, gegrillt",209,25.644,11.848,0.0,0.295
"Broccoli tiefgefroren, gebraten ohne Fett (Pfanne)",63,4.4,1.326,4.8,0.13
Currybratwurst gebraten ohne Fett (Pfanne),257,13.38,22.57,0.05,2.144
"Kartoffel ungeschält, tiefgefroren, gebacken",114,2.73,0.133,24.6,0.02
"Gemüsemischung asiatische Art, gebraten ohne Fett (Pfanne)",44,3.0,0.4,5.4,0.025
Weizenvollkorntoastbrot getoastet,292,10.4,4.32,48.0,1.41
"Kalb Herz, tiefgefroren, gebraten ohne Fett (Pfanne)",158,23.483,7.162,0.0,0.34
"Schwein Filet/Lende, tiefgefroren, gebraten ohne Fett (Ofen)",144,28.87,3.17,0.0,0.134
"Gelbflossen-Thun tiefgefroren, gedünstet",91,21.8,0.47,0.0,0.122
"Kalb Brust, tiefgefroren, gekocht",232,23.657,15.214,0.0,0.245
Fleischkäse weiß,299,14.55,26.68,0.1,1.2488
"Rind Bratenfleisch (Bug) tiefgefroren, geschmort ohne Fett",163,27.126,6.057,0.0,0.098
"Hähnchen Innereien, geschmort ohne Fett",172,28.69,6.36,0.0,0.3282
"Schwarzwurzel tiefgefroren, gekocht",58,1.386,0.429,8.3,0.012
Kuchen aus Rührmasse/Rührkuchen,393,7.4,18.42,48.4,0.498
"Pute Keule, ohne Haut, tiefgefroren, gebraten ohne Fett (Pfanne)",166,29.544,5.309,0.0,0.27
"Rind Keule, tiefgefroren, geschmort ohne Fett",188,28.6,8.2,0.0,0.1195
Milchschokoladen-Riegel gefüllt mit Vollkornkeks,528,6.96,30.63,53.7,0.192
"Schaf Hinterhaxe, mittelfett, tiefgefroren, gebraten ohne Fett (Ofen)",219,25.2,13.1,0.0,0.18
"Schwertfisch tiefgefroren, gedünstet",96,17.321,2.96,0.0,0.258
"Geflügelbockwurst mit Schweinefleisch, gargezogen",126,12.22,8.6,0.0,1.8
"Rind Steak (Rücken) mariniert, gegrillt",166,24.14,7.49,0.16,1.02
"Hähnchen ganz, entbeint, mit Haut, tiefgefroren, gebraten ohne Fett (Ofen)",208,24.17,12.37,0.0,0.174
"Schwein Schnitzel (Oberschale) tiefgefroren, gebraten ohne Fett (Ofen)",131,28.12,2.027,0.0,0.198
"Wachtel Fleisch, ohne Haut, tiefgefroren, gebraten ohne Fett (Pfanne)",155,29.7,4.03,0.0,0.15
"Hähnchen Brustfilet, tiefgefroren, geschmort ohne Fett",134,30.13,1.53,0.0,0.072
"Schaf Hinterhaxe, mager, tiefgefroren, geschmort ohne Fett",159,30.3,4.19,0.0,0.192
"Schwein Bauchspeck, Rohpökelware, geräuchert, gekocht",305,19.81,24.86,0.581,4.0
"Bohne grün, tiefgefroren, gedünstet",30,2.0,0.284,4.0,0.00528
"Hähnchen Fleisch, ohne Haut, tiefgefroren, gegrillt",172,27.8,6.7,0.0,0.22
"Schwein Vordereisbein/Vorderhaxe, tiefgefroren, gebraten ohne Fett (Ofen)",249,31.2,13.78,0.0,0.2942
"Kalb Brust, tiefgefroren, gebraten ohne Fett (Ofen)",234,23.87,15.351,0.0,0.285
"Heilbutt/Weißer Heilbutt, tiefgefroren, gebraten ohne Fett (Pfanne)",155,23.869,6.56,0.0,0.178
"Kalb Hackfleisch, gegrillt",256,26.211,16.806,0.0,0.252
Rührei gebraten mit Champignons,148,11.9,10.57,1.3,0.62
"Spargel tiefgefroren, gebraten ohne Fett (Pfanne)",59,4.109,0.326,8.33,0.01122
"Gemüsemischung asiatische Art, gekocht",28,1.9,0.3,3.3,0.015
"Broccoli tiefgefroren, gekocht",33,2.3,0.6938,2.5,0.032
"Schwein Filet/Lende, tiefgefroren, gegrillt",154,29.97,3.78,0.0,0.151
"Wildlachs tiefgefroren, gedünstet",163,17.355,10.419,0.0,0.118
Grießklößchen gekocht,122,6.26,4.98,12.63,0.19
"Pilgermuschel/Jakobsmuschel, tiefgefroren, gebraten ohne Fett (Pfanne)",68,16.652,0.112,0.0,0.708
"Edelkrebs/Flusskrebs, tiefgefroren, gebraten ohne Fett (Pfanne)",79,18.269,0.603,0.0,0.69
Wiener Sandtorte,407,4.94,22.85,44.9,0.208
"Schwein Frühstücksspeck, Rohpökelware, geräuchert, gekocht",287,18.6,23.34,0.546,3.8
"Rind Keule, tiefgefroren, gebraten ohne Fett (Ofen)",171,26.2,7.4,0.0,0.1655
"Lachs tiefgefroren, gebraten ohne Fett (Ofen)",198,22.777,11.875,0.0,0.0818
"Schaf Hinterhaxe, mittelfett, tiefgefroren, geschmort ohne Fett",242,27.9,14.5,0.0,0.14
"Schwein Kammsteak, tiefgefroren, gegrillt",226,25.26,13.89,0.0,0.1672
"Champignon tiefgefroren, gebacken",50,6.36,0.475,5.1,0.17042
Lammschmorbraten mit Sauce,139,19.03,6.2,1.69,0.645
"Spargel tiefgefroren, gebacken",37,2.562,0.204,5.2,0.007
"Bohne grün, tiefgefroren, gekocht",28,1.9,0.261,3.6,0.00402
"Gemüsemischung asiatische Art, geschmort ohne Fett",32,2.2,0.3,4.1,0.02
"Rind Hinterhesse, tiefgefroren, gekocht",161,26.4,6.2,0.0,0.1412
Kartoffeln (als Pellkartoffeln) gebraten,200,2.88,11.924,18.691,0.0062
Rostbratwurst gegrillt,201,18.09,14.26,0.09,1.8548
"Pute Flügel, mit Haut, tiefgefroren, gebraten ohne Fett (Pfanne)",264,27.5,17.1,0.0,0.162
"Schwein Vordereisbein/Vorderhaxe, tiefgefroren, gekocht",238,29.99,13.11,0.0,0.1638
"Kalb Filet/Lende, tiefgefroren, gebraten ohne Fett (Ofen)",135,29.074,2.08,0.0,0.272
Gemüse-Eintopf mit Rindfleisch,75,5.39,2.9,6.0,0.362
"Spinat tiefgefroren, gebraten ohne Fett (Pfanne)",30,3.452,0.472,1.46,0.198
"Schaf Vorderhaxe, mittelfett, tiefgefroren, gegrillt",256,27.3,16.3,0.0,0.21
"Schaf Bug/Schulter, fett, tiefgefroren, geschmort ohne Fett",383,25.5,31.2,0.0,0.228
"Wildschwein Fleisch, tiefgefroren, gekocht",224,29.405,11.81,0.0,0.225
Meerrettichsauce von heller/weißer Grundsauce,76,1.5,5.6,4.56,0.66
"Spinat tiefgefroren, gekocht",20,2.288,0.313,0.97,0.082
"Pute Flügel, mit Haut, tiefgefroren, gegrillt",294,31.1,18.9,0.0,0.19
"Austernpilz getrocknet, gekocht",131,13.46,0.895,5.17,0.055
Vollkornmürbeteig süß gebacken,510,7.46,29.56,50.4,0.28
"Meeräsche tiefgefroren, gebraten ohne Fett (Pfanne)",126,24.225,3.25,0.0,0.182
"Lachs tiefgefroren, gegrillt",206,22.944,12.649,0.0,0.0938
"Gans Schenkel tiefgefroren, geschmort ohne Fett",195,22.57,11.618,0.0,0.1085
"Zuckermais tiefgefroren, gebraten ohne Fett (Pfanne)",84,3.8,1.571,12.0,0.005
"Barsch/Flussbarsch, tiefgefroren, gebraten ohne Fett (Pfanne)",94,21.85,0.7,0.0,0.125
"Steinbutt tiefgefroren, gedünstet",74,14.911,1.648,0.0,0.288
"Broccoli tiefgefroren, gedünstet",34,2.4,0.7207,2.6,0.07
"Languste tiefgefroren, gegrillt",115,25.158,1.642,0.0,0.68
"Hähnchen Herz, tiefgefroren, geschmort ohne Fett",152,15.85,9.87,0.0,0.1382
Geflügelbratwurst gebraten ohne Fett (Pfanne),220,13.35,18.43,0.1,2.13
Kaffeeersatz (Getränk) mit Zucker,13,0.074,0.002,2.813,0.01
"Schwein Hackfleisch, tiefgefroren, gegrillt",363,24.52,29.41,0.0,0.1695
"Poularde Fleisch, mit Haut, tiefgefroren, gebraten ohne Fett (Ofen)",190,24.1,10.4,0.0,0.1
"Königslachs tiefgefroren, gedünstet",163,17.355,10.419,0.0,0.118
"Große Sandklaffmuschel tiefgefroren, gekocht",54,9.844,1.638,0.0,0.322
"Schaf Hinterhaxe, mittelfett, tiefgefroren, gegrillt",256,27.3,16.3,0.0,0.21
Reisrand,185,5.3,9.16,20.0,0.128
"Bigosch (Eintopf mit Schweinefleisch, Kartoffeln, Sauerkraut und Weißkraut)",139,6.8,9.8,5.0,0.8
Kirsch-Streuselkuchen (Mürbeteig),257,3.39,12.42,31.9,0.068
Fleischbrühe mit Leberklößchen,29,2.43,1.0,2.5,0.64
"Cheeseburger, doppelter",230,13.2,12.7,14.7,1.5
"Pfifferlinge gedünstet, in Grundsauce hell/weiß mit Sahne",72,4.28,4.7,1.64,0.205
"Champignons gedünstet, in Grundsauce hell/weiß mit Sahne",76,4.03,4.8,4.0,0.302
"Thunfisch gebraten, in Weißweinsauce von heller/weißer Grundsauce",113,11.3,6.4,1.67,0.738
"Speiseeis mit Fruchtzubereitung, überzogen mit Schokolade",248,2.5,11.43,32.3,0.06
Bambussprossen gedünstet (mit Fett und Salz),53,1.33,5.06,0.5,0.638
Jägersauce mit Wildpilzmischung/Pilzragout für Jägerschnitzel,120,4.5,8.9,3.0,0.3
Mokkacreme-Marzipan-Torte (Wasserbiskuit),282,5.1,15.4,29.0,0.132
"Vanille-Milchkaltschale mit Ei und Fruchteinlage, gebunden mit Stärke",98,3.3,3.2,13.5,0.095
"Vollkorneierteigwaren gekocht, gebacken",142,5.88,1.12,24.5,0.008
"Kürbis gebacken, in Grundsauce hell/weiß mit Sahne",96,1.31,6.9,5.73,0.462
"Rind/Schwein, Frikadelle, gebraten ohne Fett (Pfanne)",210,15.33,14.1,5.0,1.398
"Speiseeis (Frucht, Kaffee) gemischt, in Waffeltüte",172,2.8,6.0,26.1,0.055
Bratapfel gefüllt gebacken,160,0.9,6.8,22.1,0.008
Thunfischsteak gebraten mit Schinken,146,18.7,6.6,2.5,0.73
"Mixed Pickles gesäuert, abgetropft",43,1.172,0.368,7.5,1.132
Kartoffel-Gemüsecremesuppe,50,0.99,2.2,6.0,0.5
Doppeldecker Burger,240,10.5,14.7,15.3,1.0
Kokosmakronen schokoliert,508,6.0,30.2,49.5,0.132
Eier-Frischteigwaren mit Kochschinkenwürfeln und Grundsauce hell/weiß,146,11.43,4.6,13.9,1.145
"Joghurt fettarm, mind. 1,5 % bis max. 1,8 % Fett, mit Frucht-Getreidezubereitung, gesüßt",85,3.7,1.402,13.6,0.122
Wurstsalat bayerische Art mit warmer Essigmarinade,203,9.57,17.7,0.73,1.8
Rinderleber gebraten Berliner Art,127,10.35,5.3,8.9,0.618
Orangencremetorte (Wiener Boden dunkel) mit Schokosahne,251,3.0,14.3,26.0,0.108
"Pflaume mit Süßungsmitteln, Konserve, abgetropft",22,0.24,0.141,4.52,0.02
"Artischocken gekocht, mit Butter",94,2.736,5.0,3.07,0.878
"Schweineroulade mit Sauerkrautfüllung geschmort, mit Sauce",136,14.73,6.6,2.99,1.0
Blutwürste erwärmt,307,13.284,28.004,0.33,1.8
"Hefeplinsen mit Apfel, gebraten",280,6.13,13.16,33.0,0.098
"Haferflockensuppe geröstet, mit Gemüsebrühe",36,1.14,1.8,3.3,0.705
Frankfurter Kranz (Sandmasse),357,3.7,20.8,38.2,0.122
"Schleie paniert, frittiert",208,17.45,8.7,14.04,0.58
"Schweineschnitzel paniert, gebraten",220,22.65,10.6,7.59,0.53
Eiskaffee,116,1.9,8.6,7.5,0.055
Mosaikumrandung,163,12.79,12.4,0.08,1.8
"Rindfleisch gekocht, mit Suppengemüse",139,17.53,6.7,1.6,0.432
Wickelklöße,150,5.79,2.53,24.9,0.5
Hummer Thermidor (gratiniert mit Käse und Sauce),123,11.0,6.8,2.2,1.0
"Rosenkohl gedünstet, mit Speck und Zwiebeln",128,3.44,11.2,1.8,0.738
Russische Sauce/Tomatenmayonnaise,320,5.8,30.4,4.91,1.11
Laugenbrötchen mit Butter,415,6.862,26.424,36.0,2.015
Krakauer Schinkenwurst,116,17.98,4.94,0.0,2.0
Grießauflauf mit Apfel,121,3.3,5.7,13.4,0.078
"Tomaten mit Käse-Kräuterfüllung, gebacken",141,4.9,8.53,10.16,0.608
"Müsli ungesüßt, mit Joghurt 3,5 % Fett und Fruchtmischung",117,5.03,4.3,12.7,0.068
"Hering gegart, mit Meerrettichsauce von heller/weißer Grundsauce",137,12.7,8.6,1.96,0.578
Kichererbsensnack gebacken,231,8.9,10.5,17.0,1.608
"Kohlroulade mit Reis-Schinkenfüllung, gedünstet",113,4.8,6.6,7.5,0.62
"Wildsuppe mit Rehfleisch, Speck und Rotwein",75,7.92,3.8,1.94,0.64
"Reispfannkuchen gebraten, mit Kompott",188,5.1,8.3,22.7,0.155
Gemüsesauce von heller/weißer Grundsauce,44,1.18,2.2,3.9,0.47
Weißer Presskopf,141,21.42,6.14,0.1,2.5
Rotbarschauflauf mit Kartoffeln und Spinat,159,8.8,10.73,6.3,0.495
Johannisbeergelee mit Schlagsahne,82,2.3,3.0,9.87,0.018
"Seezungenfilet gedünstet, in Weißweinsauce von heller/weißer Grundsauce",89,13.14,3.3,1.07,0.662
"Berliner/Pfannkuchen/Krapfen (Hefeteig) frittiert, gefüllt mit Pflaumenmus",321,6.3,13.7,41.8,0.4
"Champignon Konserve, abgetropft",43,5.518,0.818,3.23,1.162
Schwartenmagen,139,17.9,7.4,0.16,2.0
Croissant (Hefeblätterteig/Plunderteig) gefüllt mit Marzipan,444,7.8,25.6,44.0,0.73
"Zwiebelkuchen schwäbisch, mit Speck",180,5.7,9.4,17.0,0.5
Suppe aus Eierteigwaren mit Hühnerfleisch,56,4.6,2.8,2.89,0.792
"Frühlingsrollen vegetarisch gefüllt mit Gemüse, frittiert",280,6.2,14.6,28.8,0.47
Blumenkohlsalat (roh) mit Saure-Sahne-Dressing,46,2.48,1.4,5.4,0.2
"Spiegelei gebacken, auf gedünstetem Spinat mit Tomaten",133,6.51,10.79,1.55,0.432
Pfirsich-Maracujanektarschorle,22,0.2,0.0,5.13,0.005
"Kabeljaufilet gedünstet, mit Zitronenbutter und Sauce",218,14.0,17.6,0.46,0.482
Türkische Pizza (Lahmacun) ungefüllt,218,9.7,9.4,22.0,0.51
Biersuppe Berliner Art,53,1.3,1.5,7.0,0.58
"Rollmops Konserve, abgetropft",99,8.0,4.426,5.62,1.072
"Süßkirsche ungesüßt, Konserve, abgetropft",54,0.909,0.244,11.47,0.005
Lachs-Spinat-Auflauf,175,14.2,12.4,1.2,0.345
Kopfsalat mit Zitronenmarinade,149,1.03,14.8,1.8,0.29
"Fruchtsalat exotisch, gesüßt",69,0.8,0.3,14.2,0.01
"Pfannkuchen/Eierkuchen, gebraten, gefüllt mit gedünsteten Pilzen und saurer Sahne",192,6.29,10.4,17.4,0.3
Königsberger Klopse,192,16.49,12.2,3.64,0.712
"Schweinshaxe geschmort, mit Sauce",230,21.59,15.2,1.5,0.682
Bayrische Bierwurst/Bierwurst Ia,275,13.34,24.61,0.0,2.0
Fischburger mit Seelachs,200,12.3,8.2,18.33,0.942
Kaninchenbraten mit Grundsauce dunkel/braun mit Sahne,174,21.2,9.5,0.88,1.0
"Seelachsroulade mit Speckfüllung gebacken, mit Sauce",171,16.2,10.8,1.6,0.782
"Speiseeis (Frucht, Schoko, Vanille) gemischt",184,2.1,6.93,27.3,0.068
"Schupfnudeln schwäbisch, gekocht",165,6.02,2.08,29.42,0.858
Sahne-Windbeutel (Brandmasse) mit Kirschen,207,3.68,12.9,18.5,0.095
"Eier pochiert, mit Meerrettichmayonnaise",273,10.2,25.24,1.0,1.272
Rote Grütze mit Vanillesauce,95,2.1,1.8,16.2,0.035
Blätterkrokant überzogen mit Vollmilchschokolade,422,3.49,16.8,63.4,0.402
"Gemüsemischung asiatische Art, tiefgefroren, gedünstet",30,2.1,0.3,3.7,0.015
Frikadellen gebraten,269,18.65,19.48,4.45,0.63
Cabanossi gebrüht,193,15.26,14.61,0.04,2.0
Rinderragout mit Pilzen,161,16.7,9.1,2.37,0.612
Zuger Kirschtorte (Biskuit und Nussboden) mit Alkohol,307,5.8,17.1,27.5,0.145
Fürst-Pückler-Eis,276,5.0,20.0,18.3,0.095
Kartoffelsalat mit Marinade (Gemüsebrühe),83,1.52,3.0,11.42,0.268
Kochsalami,141,16.98,8.1,0.0,2.0
"Schichtsalat mit Gemüse, Früchten, Käse, Eiern, Schinken und Mayonnaise mit Zitronensaft",216,7.4,18.0,5.0,0.502
Kapernsauce von heller/weißer Grundsauce,82,1.4,6.9,3.39,0.955
Spritzgebäck (Rührmasse) schokoliert,507,6.6,30.4,49.8,0.13
Auberginen-Tomaten-Paprikagemüse geschmort,143,1.59,10.7,7.9,0.612
"Sauerkrautsalat (roh) mit Apfel, Paprika, Speck und Saure-Sahne-Dressing",52,1.67,1.7,4.9,0.8
"Knuspermüslimischung mit Schokolade, gesüßt",421,8.9,15.1,56.8,0.538
"Heringssalat mit Roter Bete, Apfel, Gewürzgurke und Mayonnaise, gestreckt mit saurer Sahne",157,6.1,12.1,4.7,3.45
"Remouladensauce, gestreckt mit saurer Sahne",288,4.5,28.7,2.5,1.35
Pizzabaguette mit Tomaten und Käse überbacken,260,13.9,12.8,21.0,0.868
"Aal grün (Aal pochiert, in Kräutersauce)",208,9.3,18.0,1.97,0.42
"Omelett gebraten, gefüllt mit blanchiertem Gemüse und Kochschinken",136,10.1,8.49,3.82,0.5
Wiener Backhendl (Hähnchen im Backteig gebraten),311,18.26,24.2,4.55,0.535
Gemüse mit Käsesauce überbacken,100,3.7,7.5,3.8,0.445
Vollkorn-Eier-Frischteigwaren mit Tomatensauce von heller/weißer Grundsauce,91,3.9,2.3,12.4,0.518
Rettichsalat mit Saure-Sahne-Dressing,39,1.4,1.8,3.4,0.28
Gemüsesalat (gegart) mit Joghurtmarinade,47,2.18,2.02,4.0,0.365
Eierteigwaren mit Tomatensauce (aus frischen Tomaten),129,4.5,4.46,16.99,0.36
"Kalbshaxe gebraten im Ofen, mit Grundsauce dunkel/braun",137,18.84,6.1,1.3,0.518
"Rinderleber gebraten, mit Rotweinsauce",122,11.46,5.0,7.34,0.535
Baiser-Eistorte,277,3.9,6.9,49.6,0.165
Feldsalat mit Zitronenmarinade,128,1.43,12.8,0.7,0.228
Krakauer/Kochpolnische,238,15.8,19.4,0.0,2.0
Cheeseburger,202,10.6,9.1,18.1,1.5
"Kalbsherz geschmort, mit Sahnesauce",149,11.88,9.5,3.3,0.682
Fischgulasch mit Seelachs ungarische Art,86,7.1,4.2,4.2,0.8
"Birne in Fruchtsaft, Konserve, abgetropft",54,0.436,0.354,11.3,0.008
Cabanossi (Brühwürstchen),192,15.23,14.57,0.0,2.0
"Speiseeis (Frucht, Nuss, Schoko, Vanille) gemischt",199,2.42,8.4,27.3,0.072
Grüne Grütze,54,0.5,0.1,11.7,0.012
"Touristenwurst einfach, gebrüht",213,16.33,16.34,0.0,2.0
"Berliner/Pfannkuchen/Krapfen (Hefeteig) frittiert, gefüllt mit Pudding",296,6.7,14.0,34.8,0.418
"Blumenkohl gedünstet, mit Semmelbröseln",99,2.8,6.05,7.88,0.35
Lachs im Blätterteig gebacken,229,12.0,15.9,8.88,0.412
Eisbergsalat mit Zitronenmarinade,72,0.8,6.4,1.71,0.128
"Rind Roastbeef (Rücken) mariniert, gegrillt",172,25.14,6.7,2.28,1.105
Spargelauflauf,164,6.0,13.9,3.0,0.478
"Apfel ungesüßt, Konserve, abgetropft",36,0.426,0.521,6.2,0.008
Krakauer Schinkenwurst Konserve,116,17.98,4.94,0.0,2.0
Mousselinesauce,350,4.0,36.1,2.115,0.188
"Sauerkrautsalat (roh) mit Apfel, Paprika, gebratenem Speck und Essigmarinade",70,1.5,3.83,4.5,0.8
Weiße-Bohnen-Suppe mit Fleischwursteinlage,98,4.45,5.6,6.0,0.722
"Teigwaren eifrei, in Öl geschwenkt, mit gekochtem Broccoli und Sardellen",140,5.0,5.0,17.7,0.728
Fruchtgelee mit Fruchtstückchen und Schlagsahne,117,2.2,4.7,14.6,0.022
Rotbarschauflauf,201,10.0,13.5,9.4,1.38
"Rosenkohl Konserve, abgetropft",29,2.736,0.3,2.2,0.532
"Kartoffelkroketten tiefgefroren, gebacken",257,5.77,13.24,27.22,1.35
"Frühlingsrollen gefüllt mit Gemüse und Schweinefleisch, frittiert",292,11.1,14.3,28.0,0.502
"Knuspermüslimischung mit Schokolade, gesüßt, angereichert mit Vitaminen und Mineralstoffen",421,8.9,15.1,56.8,0.538
"Kabeljaufilet gefüllt, mit Grundsauce hell/weiß mit Sahne, gebacken",163,15.8,9.9,2.2,1.0
Pudding-Vollkornplunder belegt mit Früchten und Klarguss,322,6.1,18.6,30.0,0.645
Hamburger,190,10.01,7.31,19.72,1.26
Stachelbeerkaltschale gebunden mit Stärke,60,0.787,0.1,12.55,0.008
Haferflockenauflauf mit Kakao,169,6.1,9.31,14.4,0.15
Rührei gebraten mit Pfifferlingen und Speck,212,8.94,18.93,1.02,0.912
Risi-Pisi mit gebratenen Shrimps,110,7.4,1.598,15.3,0.12
"Rind/Schwein, Frikadelle, gegrillt",260,19.0,18.06,5.0,1.715
Tellersülze mit Eisbein,52,6.85,2.22,0.5,0.5
Sauerkrautsalat (roh) mit Saure-Sahne-Dressing,56,1.34,2.1,5.1,0.8
Kartoffelschnee,96,1.99,2.06,16.7,0.2205
"Bratkartoffeln aus Pellkartoffeln, mit Zwiebeln",194,2.835,11.471,18.32,0.38
"Himbeere gezuckert, Konserve, abgetropft",67,0.95,0.353,13.68,0.02
Aal mit Speck gebacken,361,17.9,31.9,0.18,0.8
"Makrele im eigenen Saft, Konserve, abgetropft",114,13.8,6.54,0.0,0.525
Linsensuppe mit Gemüse,82,4.53,1.9,10.0,0.722
Käsepudding im Wasserbad gegart,239,12.0,13.5,16.8,0.98
Dominosteine,361,4.0,11.4,58.4,0.028
Kalbfleischklößchen gebraten im Ofen,227,23.72,12.9,3.75,1.14
Spanische Sauce (Salsa),100,0.88,9.1,2.7,0.16
"Kalbsnieren sauer, gebraten, mit Sahnesauce von dunkler/brauner Grundsauce",165,13.45,11.1,2.31,0.788
Selleriescheiben im Backteig (mit Bier) frittiert,241,5.8,14.3,19.34,0.388
Hackfleisch-Paprikasauce,156,7.5,12.6,2.5,0.8
"Fenchel paniert, gebraten",116,4.02,7.1,7.4,0.558
"Kalbskotelett gegrillt, mit Basilikumbutter",207,22.0,13.2,0.1,0.42
Käsesahnetorte (Wasserbiskuit),222,7.2,12.7,19.1,0.102
Roggenvollkornknäckebrot mit Buttermilch,330,10.51,1.6,58.9,1.362
Vollkorn-Eier-Frischteigwaren mit Roquefortsauce,254,8.79,19.03,10.8,1.035
Fruchtsalat mit Chicoree und Saure-Sahne-Dressing,49,1.7,1.4,6.2,0.2
Fruchtsirup,249,0.6,0.1,59.97,0.01
Rührei gebraten mit Fleischwurst und Zwiebeln,212,12.23,17.65,0.94,0.948
"Kalbsleberwurst grob, mit Schweinefleisch",227,14.5,18.3,1.02,2.0
"Vanillebuttercreme gestreckt, für Gebäck/Torten",305,2.4,26.11,14.97,0.102
"Schweinekamm geschmort, mit Grundsauce dunkel/braun",158,13.08,10.2,2.9,0.522
Apfel-Mohntorte (Mürbeteig),266,6.5,17.4,18.8,0.14
Berner Würstel gebraten,281,15.7,24.12,0.16,2.2
Apfelkompott mit Rosinen und Rum,56,0.4,0.3,11.0,0.005
"Rinderrauchfleisch gekocht, in Sahnesauce von dunkler/brauner Grundsauce",119,13.62,5.9,2.81,1.8
Gemüsecremesuppe aus Instantpulver (mit Wasser zubereitet),34,0.75,0.3,6.7,1.002
Zwiebelkuchen mit Speck (Hefeteig),179,5.54,8.0,20.0,0.5
"Kartoffelrösti tiefgefroren, frittiert",291,3.13,13.234,38.6,1.255
"Teigwaren eifrei, mit Tomatensauce (aus frischen Tomaten) mit Sardellen",135,4.3,4.4,18.73,0.665
"Birnen gekocht, mit Schokoladensauce",90,1.82,2.3,15.0,0.04
Gefüllter Schweinekamm gebraten ohne Fett (Ofen),195,21.0,11.5,1.8,1.45
"Brathering mariniert, abgetropft",211,15.1,13.5,6.76,0.572
"Bratapfel gefüllt gebacken, mit Vanillesauce",157,2.3,7.4,18.9,0.035
Pilzsuppe,39,1.6,2.6,1.6,0.48
"Flunder paniert, gebraten",173,15.2,9.4,6.09,0.735
"Knoblauch gesäuert, abgetropft",122,7.29,0.507,3.0,1.198
"Döner Kebab, Fladenbrot gefüllt mit Grillfleisch (Geflügel), Rohkost und Sauce",199,13.08,7.9,18.0,1.58
"Cocktail, Bloody Mary",42,0.25,0.02,0.98,0.352
Maultaschen Schwäbische Art (mit Hackfleisch) gegart,132,10.4,6.02,8.032,1.242
"Kasseler, Rohpökelware, geräuchert, paniert, gebraten ohne Fett (Pfanne)",152,22.63,3.36,7.53,2.728
"Rinderfiletsteak gebraten, mit Sauce",166,18.68,9.5,1.49,0.52
Eier-Frischteigwaren Ravioli (Gemüsefüllung) gekocht,141,4.99,2.08,24.5,0.348
Cumberlandsauce mit Rot- und Portwein,97,0.6,0.2,16.4,0.212
Erdbeerkompott mit Süßstoff,41,0.845,0.365,6.883,0.02
"Schinkenbrätterrine mit Alkohol, gebacken",243,16.5,18.0,2.1,2.0
Holländische Kirsch-Sahneschnitten/Kirsch-Sahnetorte (Blätterteig),287,2.8,19.2,25.2,0.148
Pizzabaguette mit Gemüse und Schafskäse überbacken,221,9.4,10.8,20.0,1.712
Schinkenkartoffeln mit saurer Sahne und Käse überbacken,201,8.5,13.1,11.8,1.0
"Lachs gebraten, in Grundsauce hell/weiß mit Sahne",193,13.52,14.7,1.63,0.69
"Rinderherz gekocht, mit Kräutersauce von heller/weißer Grundsauce",135,14.57,7.7,1.68,0.532
Presswurst,203,21.73,12.66,0.48,1.8
"Forelle paniert, gebraten",235,19.87,14.0,6.38,0.525
Weißkraut-Eintopf mit Hammelfleisch,119,4.5,8.4,5.1,0.515
Hühnerragout mit Gemüse,75,9.3,2.3,3.7,0.318
"Kürbis-Kartoffelpüree mit Milch 1,5 % Fett",78,2.15,2.66,10.75,0.322
Auflauf aus Eier-Frischteigwaren mit Sahne-Käsesauce und Chester überbacken,285,9.9,18.26,19.21,0.835
Tomatensauce aus frischen Tomaten und Frischkäse,145,2.35,12.77,4.24,0.38
"Kürbis gebacken, in Tomatensauce (aus Tomatenmark)",80,1.0,5.4,5.3,0.415
Flockentorte (Brandmasse und Mürbeteig),240,4.0,13.6,24.9,0.092
"Jagdwurst/Schinkenwurst grob, gebraten ohne Fett (Pfanne)",212,16.298,16.315,0.09,2.0
Linsen-Eintopf mit Suppengemüse und Eier-Frischteigwaren Spätzle,133,7.51,2.3,17.4,0.605
Gemüsesalat (gegart) mit Essigmarinade,95,1.64,7.76,3.4,0.372
"Gartenbohne reif, Konserve, abgetropft",130,9.0383,0.597,17.72,0.622
Aioli,692,2.3,75.1,0.7,1.2
Auberginensalat (gegart) mit Zitronenmarinade,166,0.96,15.3,4.5,0.428
Zwiebackauflauf mit Apfel,168,4.5,6.4,22.1,0.17
"Birne ungesüßt, Konserve, abgetropft",35,0.301,0.303,7.01,0.0048
"Seelachs paniert, tiefgefroren, frittiert",257,16.85,13.52,16.38,1.01
Dampfnudeln salzig gebraten,333,6.49,16.2,39.0,0.835
"Brotsuppe (Schwarzbrot) mit Fleischbrühe, Gemüse und Speck",68,1.53,4.3,4.8,0.8
"Frikadellen gefüllt mit Schafskäse, gebraten",286,18.67,21.67,3.55,1.102
"Gemüsemischung mexikanische Art, gedünstet",64,3.6,0.5,8.5,0.005
"Müsli gesüßt, mit Sojadrink und Fruchtmischung",138,5.03,3.7,18.9,0.032
Haselnusscreme abgeschlagen (mit Gelatine),180,7.5,11.32,11.55,0.132
"Berliner/Pfannkuchen/Krapfen (Hefeteig) frittiert, gefüllt mit Eierlikörcreme",294,6.6,13.7,34.5,0.405
"Kuchenboden (Mürbeteig) belegt mit Früchten, Pudding und Klarguss",159,3.0,6.4,20.9,0.065
Heringssauce aus Kräutersauce von heller/weißer Grundsauce,124,6.2,9.7,2.51,0.722
"Tintenfisch in Öl, Konserve, abgetropft",166,13.47,12.4,0.0,1.632
"Meeresfrüchte in Öl, Konserve, abgetropft",133,13.99,8.4,0.0,1.578
Lammfleischklößchen mit Curry in Tomatensauce (aus Tomatenmark),113,7.6,7.3,3.8,0.575
"Reibekuchen rheinisch gebraten, mit Apfelmus und Preiselbeeren",175,3.1,9.2,19.2,0.378
Kartoffelsalat mit Speck und Marinade (Gemüsebrühe),95,2.76,3.6,11.85,0.5
"Teigwaren eifrei, gebraten mit Kochwurst und Eiern",191,9.6,9.43,16.33,0.558
Tutti-Frutti,162,4.6,7.43,18.5,0.155
"Pfannkuchen/Eierkuchen, gebraten, gefüllt mit gedünstetem Mischgemüse",143,4.6,6.7,14.8,0.328
"Grießflammeri/Grießpudding, mit Ei und Kirschsaft",103,4.0,3.45,13.9,0.102
Pasteten (Blätterteig) mit Himbeersahne,315,3.0,22.82,22.3,0.228
Debreziner Würstchen,192,15.25,14.6,0.0,2.0
"Pökelrinderbrust gekocht, mit Meerrettichsauce von heller/weißer Grundsauce",146,11.52,9.7,2.99,1.8
Fränkische Mehlklöße,218,9.61,3.57,35.41,0.978
Russische Creme (mit Alkohol) mit Schlagsahne,205,3.9,11.1,19.99,0.135
Champignon-Weißweinsauce von dunkler/brauner Grundsauce,62,1.5,3.5,4.6,0.648
"Pilzragout von Champignons, überbacken",202,11.09,16.4,2.6,1.5
"Linsen gekocht, in Grundsauce hell/weiß",85,5.56,1.2,10.8,0.218
"Jagdwurst/Schinkenwurst grob, gebraten ohne Fett (Ofen)",206,15.783,15.8,0.08,2.0
Quarkmayonnaise,214,5.9,19.4,3.13,0.355
"Mischpilze tiefgefroren, gedünstet",60,6.2,0.6,3.82,0.02
Eier-Frischteigwaren Spätzle mit Käse (Käsespätzle),155,8.0,5.84,16.6,0.425
Schwertfischsalat mit Senfmarinade,122,10.66,7.9,1.2,0.6
"Wurzelpetersilie gedünstet, in Grundsauce hell/weiß mit Sahne",100,2.16,5.9,8.6,0.288
Sahne-Windbeutel (Brandmasse),293,6.44,21.31,18.39,0.175
Curry-Sahnesauce mit Früchten,138,1.7,11.7,6.0,0.48
Apfelschnee mit Rum,61,1.5,0.344,10.7,0.1
"Steinpilze gedünstet, in Grundsauce hell/weiß mit Sahne",92,5.73,4.9,4.27,0.218
Germknödel,287,7.13,9.7,41.0,0.215
Mehrfruchtnektar mit Süßungsmitteln,22,0.2,0.0,5.36,0.008
"Seelachsfilet gedünstet, in Weißweinsauce von heller/weißer Grundsauce mit Sahne",121,12.3,6.9,1.6,0.502
Milchreispudding mit Mandeln und Sultaninen,195,5.9,9.2,21.6,0.12
"Rindersteak gegrillt, mit Kräuterbutter",229,26.1,13.8,0.07,0.492
"Semmelknödel gekocht, gebacken",162,7.33,4.22,22.94,0.93
Kartoffelküchlein mit Käse gebraten,247,7.0,14.36,21.15,0.3
Tatarensauce,260,4.9,25.4,2.3,1.05
Apfel-Selleriesalat mit Zitronenmarinade,176,1.72,15.7,5.2,0.248
Gemüsemischung gesäuert (Puszta Salat) abgetropft,43,0.803,0.213,7.59,1.208
Rinderzungenragout mit Champignons,130,9.07,9.0,3.0,0.51
Hecht gebraten im Ofen badische Art,124,14.7,6.5,1.4,0.5
"Speiseeis (Frucht-Joghurt, Joghurt) gemischt",116,3.6,2.3,19.48,0.09
Schwarz-Weiß-Buttercremetorte (Wasserbiskuit),283,5.8,10.9,39.4,0.188
"Wurstkuchen mit Mürbeteig, mit Alkohol, gebacken",329,14.0,23.17,15.2,1.8
Paprikasauce von Bechamelsauce,87,2.46,6.1,5.34,0.488
Nuss-Plunder,530,9.86,34.5,43.0,0.788
"Apfelküchlein gebraten, mit Vanillesauce",174,3.6,8.36,20.2,0.068
Blumenkohl mit Hackfleischfüllung und Käse überbacken,127,9.4,8.0,4.05,0.715
Mohn-Plunder,445,10.59,23.5,45.0,0.84
"Tafelspitz gekocht, mit Meerrettichsauce von heller/weißer Grundsauce",126,15.07,6.3,2.07,0.43
"Speiseeis (Frucht, Nuss) gemischt, in Waffeltüte",202,2.41,7.51,30.0,0.05
Lasagnette (Teigwaren) mit Ricotta und Tomaten mit Spinat gedünstet,138,6.76,6.93,11.3,0.528
"Wildente geschmort, mit Speck und Grundsauce dunkel/braun",292,19.2,23.3,1.43,0.75
Gerauchte Schinkenwurst,181,15.54,13.18,0.09,2.0
"Schweinenierengeschnetzeltes sauer, mit Grundsauce dunkel/braun",229,13.96,18.0,2.3,1.078
"Champignonsauce von heller/weißer Grundsauce, mit Sahne und Weißwein",79,1.9,6.1,3.7,0.51
"Kaisergemüse gedünstet, in Grundsauce hell/weiß mit Sahne",78,2.18,5.2,4.6,0.428
Fenchelsalat (roh) mit Zitronenmarinade,113,1.12,10.2,2.83,0.22
"Pute gefüllt, gebraten im Ofen, mit Grundsauce dunkel/braun",179,15.66,11.4,3.32,0.7
"Kuchenboden (Rührmasse) belegt mit Früchten, Pudding und Klarguss",139,3.1,4.7,19.7,0.075
"Aprikose gezuckert, Konserve, abgetropft",69,0.5,0.1,15.452,0.025
"Kartoffel-Speck-Rösti tiefgefroren, frittiert",308,6.03,16.56,32.6,1.62
Leberpudding mit Hackfleisch,189,15.79,10.33,8.0,0.62
"Champignon gegrillt, in Öl, Konserve, abgetropft",322,5.2,31.439,4.5,1.615
Eierschecke (Hefeteig),256,7.8,12.2,28.1,0.135
Apfelkompott mit Karamellsauce,76,1.3,1.6,13.4,0.03
"Kabeljaufilet paniert, gebraten",180,17.5,8.9,6.61,0.615
"Müsli gesüßt, mit Milch 3,5 % Fett und Fruchtmischung",154,5.17,4.5,21.2,0.04
Gemüsesuppe italienisch (Minestrone),44,2.2,1.8,4.0,0.655
"Müsli gesüßt, mit Joghurt 3,5 % Fett und Fruchtmischung",125,4.85,4.1,15.3,0.065
Reis Trauttmansdorff,144,3.2,4.7,22.0,0.07
Blumenkohlauflauf,86,4.9,5.1,4.92,0.695
"Döner Kebab, Fladenbrot gefüllt mit Grillfleisch (Kalb/Rind), Rohkost und Sauce",177,11.2,5.3,20.0,0.632
Kalbsgeschnetzeltes Zürcher Art,119,12.0,6.8,1.8,0.532
"Teigwaren eifrei, mit Pesto verde",222,5.7,11.5,23.2,0.452
Mehrfruchtsaftschorle,22,0.2,0.0,5.36,0.0065
"Schweinebauch gekocht, mit Sauerkraut mit Apfel gedünstet",140,7.92,10.47,1.9,0.788
"Lachs Konserve, abgetropft",165,21.1,8.93,0.0,1.35
Pudding-Vollkornplunder,302,6.3,15.73,32.0,0.562
Kartoffel-Schupfnudeln gekocht,133,4.42,1.05,25.4,0.845
"Selleriegemüse gekocht, in Grundsauce hell/weiß mit Sahne",65,1.37,4.7,2.77,0.475
Schinkenfleckerl (Auflauf aus Eier-Frischteigwaren mit Kochschinken und saurer Sahne),204,11.48,8.6,19.4,1.0
Hackfleisch-Reisfüllung (für Gemüse) gedünstet,240,12.97,15.87,11.1,0.63
"Speiseeis (Frucht, Nuss) gemischt",184,1.85,6.47,28.6,0.045
Eierteigwaren mit Tomatensauce (aus Tomatenmark) mit Speck,189,4.8,11.5,16.0,0.732
Rotbarschauflauf mit Gemüse,100,8.0,6.4,2.3,0.55
"Artischocke Konserve, abgetropft",44,2.424,0.122,2.3,0.592
"Wirsing Konserve, abgetropft",26,2.121,0.244,2.7,0.538
Ananaskompott mit Süßstoff,39,0.4,0.1,7.9,0.012
Quarkauflauf mit Apfel,131,4.7,6.2,13.5,0.1
"Hecht paniert, gebraten",184,18.0,9.1,6.61,0.615
"Heidelbeere ungesüßt, Konserve, abgetropft",20,0.3,0.318,2.61,0.005
"Bratwurst gebraten, in Biersauce",154,6.8,12.9,2.0,1.218
"Pfefferschote gesäuert, abgetropft",53,1.8,0.3,9.16,1.198
Flocken-Sahnetorte (Brandmasse und Mürbeteig),250,5.4,14.4,23.9,0.12
"Brotsuppe (Schwarzbrot) mit Rosinen, Apfel und saurer Sahne",76,1.4,2.4,11.3,0.15
Fleischbrühe mit Markklößchen,59,1.77,4.0,3.78,0.67
Erbsenpüree von Trockenerbsen,77,4.45,2.26,7.5,0.145
Endiviensalat mit Saure-Sahne-Dressing,60,1.97,4.0,3.1,0.6
Schuhsohlen (Blätterteig) mit Mokkasahne,432,3.8,35.7,23.1,0.298
"Grünkohl gedünstet, mit Speck",103,4.75,6.68,3.3,0.8
"Chicoree gedünstet, mit Butter",84,1.612,7.8,1.0,0.248
Rindfleischsülze mit Schwarten,166,23.49,7.86,0.29,2.0
Wildpastete mit Hasenfleisch,126,16.7,6.58,0.08,1.8
"Speiseeis (Frucht, Kaffee, Nuss) gemischt, mit Eierlikör",193,2.9,7.3,25.1,0.072
Griechischer Bauernsalat,157,5.27,14.0,1.41,0.97
Hot Dog,231,9.61,13.28,17.15,2.0
Fleischklößchen,171,12.61,10.88,5.43,0.642
Spitzbuben (Mürbeteig),501,7.3,27.2,55.0,0.125
Selleriesuppe,33,0.8,2.6,1.14,0.58
"Speiseeis (Frucht, Vanille) gemischt, in Waffeltüte",182,1.98,6.4,28.3,0.058
"Joghurt mind. 3,5 % Fett, mit Schokoladen-Getreidezubereitung, gesüßt",140,4.092,5.094,18.292,0.142
"Kartoffelkloß halb und halb, tiefgefroren, gargezogen",98,3.45,0.86,18.18,0.062
Kartoffelkroketten aus Brandteig,264,6.2,15.34,24.15,0.448
Weiße-Bohnen-Eintopf mit Rindfleisch,83,6.1,2.2,8.0,0.375
"Kalbsschulter gedünstet, mit Sahnesauce",142,16.26,7.4,2.3,0.768
"Putenschnitzel paniert, gebraten",204,22.72,9.1,7.07,0.438
"Tomatensauce aus frischen Tomaten mit Aubergine, Zucchini und Paprika",102,1.0,8.7,4.0,0.398
"Kalbskotelett paniert, gebraten",216,22.28,11.1,6.07,0.635
"Honiggurke gesäuert, abgetropft",70,1.083,0.201,14.52,1.235
"Müsli ungesüßt, mit Sojadrink und Fruchtmischung",131,5.35,3.9,16.2,0.032
Eier-Frischteigwaren Spätzle mit Gulasch einfach (mit Rindfleisch),133,11.2,6.1,8.0,0.605
"Eintopf aus Teigwaren eifrei, mit Gemüse und Hühnerfleisch",93,5.7,2.6,11.2,0.445
"Helle Soße aus Instantpulver, zubereitet mit Wasser",43,0.41,1.83,6.1,0.992
Gurken-Tomatensalat mit Saure-Sahne-Dressing,42,1.49,2.2,3.4,0.3
"Holländischer Eintopf (mit Kartoffeln, Karotten und Mettwürstchen)",124,6.59,7.1,7.58,1.0
Charlotte russische Art (mit Bayerischer Creme),256,6.2,17.1,19.1,0.19
"Käsekrainer/Käsewürstchen, gegrillt",236,19.7,17.36,0.08,2.0
Rotbarsch pochiert polnische Art,97,9.2,4.6,4.1,0.522
Sauerkrautsuppe mit Paprika und Kartoffeln,42,0.89,2.0,3.8,0.732
"Alaska-Seelachs im Backteig, tiefgefroren, frittiert",291,10.3,18.33,20.51,0.275
Fleischsalat (Schwein) mit Mayonnaise,208,12.4,15.7,3.2,1.365
Kartoffelkroketten mit Käse,248,6.3,12.0,27.26,0.318
Saures Rinderlebergeschnetzeltes mit Sauce,166,14.6,9.3,5.84,0.8
Kabeljaufilet in Weißweinsauce von heller/weißer Grundsauce mit Sahne,109,11.3,6.0,1.6,0.535
"Karotten und Erbsen gedünstet, in Grundsauce hell/weiß mit Sahne",83,2.9,3.3,8.57,0.162
"Rinderfilet gebraten im Ofen, mit Sauce",131,15.26,6.7,2.2,0.54
Sardellensauce von heller/weißer Grundsauce,72,2.45,5.4,3.4,1.998
Tomatensauce aus frischen Tomaten und Fleischwurst,157,3.643,13.882,3.37,0.788
Feingebäck (Blätterteig) schokoliert,556,5.77,39.95,41.5,0.408
"Knoblauch in Öl, Konserve, abgetropft",250,6.511,15.575,4.0,1.265
"Fruchtmischung/Fruchtcocktail, in Fruchtsaft, Konserve, abgetropft",53,0.8,0.3,10.6,0.008
Prinzregententorte (Biskuit),325,6.4,17.0,35.7,0.122
Hamburger Hackbeefsteak gebraten,227,16.27,16.64,2.62,0.692
Mehrfruchtnektar,42,0.2,0.0,10.36,0.005
Schupfnudeln gegart,103,3.6,0.79,19.23,0.228
Herrentorte (Mürbeteig und Wiener Boden hell) mit Apfel-Weincreme,336,5.3,17.7,37.3,0.09
"Gemüsepaprika rot, gesäuert, abgetropft",35,0.738,0.072,6.11,1.188
Schwarzwälder Kirschtorte (Schokobiskuit) mit Alkohol,258,4.5,15.9,22.5,0.102
Eier-Frischteigwaren Ravioli (Fleischfüllung) gedämpft,138,5.94,3.33,20.0,0.5
"Tomate getrocknet, mariniert, abgetropft",319,7.242,18.839,22.39,2.1
Gefüllter Schweinebauch gebraten ohne Fett (Ofen),355,23.0,27.9,2.8,1.47
"Clubsandwich mit Hähnchenbrustfilet, Tomaten, Speck und Mayonnaise",200,11.2,11.3,12.38,1.2
"Grießschnitten gebraten, mit Zucker und Zimt",223,6.2,13.7,18.31,0.272
Schweinebauch in Aspik,210,15.5,16.2,0.44,3.2
Tofu-Burger vegan,182,9.9,7.7,17.0,0.56
"Burrito gefüllt mit Gemüse, Pilzen und Käse",241,8.1,8.1,33.0,1.242
"Sambal Oelek, Würzpaste",55,1.45,0.4,9.41,5.48
Kalbsbraten mit Weißwein-Sahnesauce von dunkler/brauner Grundsauce,104,13.2,4.2,2.9,0.572
Birnenkompott,58,0.172,0.2,13.66,0.005
Lammbraten mit Rotweinsauce von dunkler/brauner Grundsauce,126,16.83,5.4,2.0,0.55
Kalbsnierenbraten mit Grundsauce dunkel/braun,130,12.48,7.4,2.9,0.602
Waldorfsalat mit Mayonnaise mit Zitronensaft,185,2.1,16.8,4.6,0.262
Hackfleischfüllung (für Gemüse) roh,219,14.67,15.91,4.0,0.528
Hühnersuppe mit Hühnerfleisch und Suppengemüse,56,5.5,3.5,0.4,0.685
Chicoreesalat mit Zitronenmarinade,95,1.92,8.6,1.4,0.23
Jakobsmuscheln gebraten provenzalische Art,89,6.1,5.1,3.5,0.385
Kopfsalat mit Saure-Sahne-Dressing,57,2.07,3.6,3.3,0.52
Grießsuppe geröstet,36,1.05,1.6,4.0,0.705
Käsewiener gargezogen,228,12.5,19.72,0.06,1.8
"Rindfleisch gekocht, mit Apfelsahnemeerrettich",157,20.47,7.1,2.3,0.32
"Kohlrüben/Steckrüben, gedünstet, mit Speck",27,1.58,0.8,2.03,0.5
"Sauerkirsche ungesüßt, Konserve, abgetropft",31,0.674,0.391,5.474,0.005
"Seelachs paniert, tiefgefroren, gebraten ohne Fett (Ofen)",194,16.67,6.71,16.21,1.0
Seezungenfilet gratiniert,141,15.4,7.5,2.6,0.578
"Käsekrainer/Käsewürstchen, gebraten ohne Fett (Pfanne)",194,16.4,14.17,0.06,2.0
"Venusmuschel Konserve, abgetropft",86,16.2,1.41,2.1,0.96
"Speiseeis (Frucht, Kaffee, Schoko) gemischt",177,2.8,6.6,25.7,0.065
"Rinderherz geschmort, mit Sauce",139,11.6,8.6,3.5,0.8
Senfsauce von heller/weißer Grundsauce,75,1.08,5.9,4.0,0.885
Rührei gebraten mit Speck,270,11.99,24.55,0.34,1.215
"Tomatensuppe aus frischen Tomaten, Gemüsebrühe und Teigwaren eifrei",38,1.1,1.2,5.0,0.34
Chinakohlsalat mit Mandarinen und Sahne-Dressing,62,1.64,3.6,4.7,0.35
"Steinbutt paniert, gebraten",169,15.3,8.9,6.08,0.64
"Heilbutt paniert, gebraten",207,17.9,12.0,6.08,0.548
Karpfen pochiert polnische Art,105,10.0,5.2,4.0,0.43
Fleischbrühe mit Maultaschen (mit Schweinebrät),26,1.3,1.2,2.26,0.5
"Gemüsemischung Kaisergemüse, tiefgefroren, gebacken",42,2.716,0.502,5.2,0.052
Erbsensuppe mit Gemüsebrühe und Suppengrün,56,3.25,1.4,6.0,0.355
Zitronensahnetorte (Wasserbiskuit),294,4.4,18.2,27.5,0.132
Kirschnektarschorle,26,0.174,0.086,5.846,0.005
Currywurst mit Curryketchup und Brötchen,222,9.11,11.36,19.95,1.992
"Rinderfiletsteak gebraten, mit Kräuterbutter",227,23.3,14.8,0.07,0.432
"Rind/Schwein, Hackfleisch gemischt, gebraten ohne Fett (Pfanne)",333,27.09,24.91,0.0,0.188
"Sojabohnensprossen/Sojabohnenkeimlinge, Konserve, abgetropft",36,4.299,0.692,2.4,0.478
Lauchsalat (roh) mit Saure-Sahne-Dressing,55,1.86,1.6,7.0,0.18
Ananasgelee mit Schlagsahne,83,1.7,2.9,12.07,0.02
Fischgulasch mit Seelachs und Paprika,105,9.7,5.8,2.6,0.38
"Rotbarschfilet gedünstet, in Kräutersauce von heller/weißer Grundsauce",96,9.8,5.5,1.68,0.648
Gurken-Rettichsalat mit Saure-Sahne-Dressing,32,1.35,1.4,2.8,0.2
"Fleischsalat (Rind) mit Mayonnaise, gestreckt mit saurer Sahne",231,13.9,18.5,1.7,0.6
"Müsli ungesüßt, mit Milch 3,5 % Fett und Fruchtmischung",143,5.48,4.7,17.6,0.042
Apfelkompott mit Vanillesauce,69,1.5,1.7,11.3,0.032
Dampfnudeln süß gebraten,348,7.67,16.05,42.0,0.512
Pilzcremesuppe aus Instantpulver (mit Wasser zubereitet),27,0.9,0.3,5.0,0.998
Kartoffelsuppe mit Lauch und Gemüsebrühe,57,1.06,1.7,9.0,0.44
Mohn-Vollkornplunder,421,10.45,22.7,40.0,0.8
Sauce Hollandaise/Holländische Sauce,518,4.5,54.9,0.75,0.358
"Bambussprossen Konserve, abgetropft",11,1.723,0.206,0.559,0.495
"Kartoffeltaschen mit Kräuter-Frischkäse-Füllung, gebraten",293,5.31,20.22,21.19,0.415
"Milchreis gesüßt, mit Milch 3.5 % Fett, gebräunter Butter, Zucker und Zimt",152,4.75,4.55,22.8,0.105
Kartoffelsouffle mit Bacon,174,10.3,10.24,9.6,1.2
"Kalbshaxe gebraten im Ofen, mit Orangensauce",125,17.25,5.1,1.9,0.635
"Königsberger Klopse, Konserve",164,9.38,12.53,3.28,1.668
Weißweincreme abgeschlagen (mit Gelatine),100,4.7,2.8,13.14,0.142
Heiße Himbeersauce,59,0.9,0.3,9.6,0.002
"Wachsbohne Konserve, abgetropft",17,1.4,0.1,2.0,0.5285
"Morchel Konserve, abgetropft",33,2.584,0.329,0.6,0.638
"Lebkuchen mit Fruchtfüllung, schokoliert",437,5.2,22.9,50.0,0.152
Tintenfischringe im Backteig (mit Bier) frittiert,185,12.5,10.0,10.3,0.735
"Donut (Hefeteig) frittiert, mit Schokoladenglasur",338,6.0,15.1,43.0,0.06
"Hähnchenbrustfilet gebraten, mit gekochtem Spargel und Grundsauce hell/weiß",94,17.03,2.0,1.79,0.395
"Sauerkirsche mit Süßungsmitteln, Konserve, abgetropft",31,0.674,0.391,5.474,0.025
Sahne-Schinkensauce von heller/weißer Grundsauce mit Sahne,153,4.64,13.4,3.19,0.91
Helle Zungenwurst gekocht,257,16.282,21.176,0.21,1.8
"Gemüsemischung mexikanische Art, tiefgefroren",57,3.3,0.5,7.4,0.005
"Pfirsich mit Süßungsmitteln, Konserve, abgetropft",41,0.8,0.152,8.2,0.005
Speck-Essigmarinade für Salat,361,2.56,38.02,0.92,2.965
"Pfirsich ungesüßt, Konserve, abgetropft",19,0.5,0.094,3.46,0.0035
"Speiseeis (Frucht, Nuss, Schoko) gemischt",201,2.44,7.81,28.9,0.06
Kohlrabisalat (roh) mit Saure-Sahne-Dressing,53,2.19,2.6,4.4,0.38
"Sauerbraten vom Rind, mit Sauce",238,22.7,15.9,1.0,0.82
"Kasseler Rippenspeer gebraten im Ofen, mit Rotweinsauce von dunkler/brauner Grundsauce",119,12.34,6.2,2.94,1.2
"Aubergine gegrillt, in Öl, Konserve, abgetropft",231,1.004,21.982,5.73,1.272
Paprika-Sahnesauce von dunkler/brauner Grundsauce,90,1.7,6.6,5.4,0.5
Leberkäse gebraten,328,12.534,30.782,0.19,1.425
"Schwein/Rind, Hackfleisch gemischt, gebraten ohne Fett (Pfanne)",352,26.56,27.31,0.0,0.182
Erdbeer-Charlotte mit Joghurtsahne (Biskuit),215,5.3,7.5,30.6,0.115
Nugat/Nougat/Noisette,461,3.812,15.2,76.5,0.05
Hühnerfrikassee mit Weißwein,180,11.34,13.9,1.7,0.462
Buttercremetorte (Sandmasse),357,3.7,20.8,38.2,0.122
Gyrosburger,156,14.3,4.3,14.0,0.732
"Himbeere mit Süßungsmitteln, Konserve, abgetropft",14,0.5,0.151,1.3,0.02
"Stachelbeere gezuckert, Konserve, abgetropft",74,0.658,0.118,16.492,0.005
Putengeschnetzeltes mit Weißwein und saurer Sahne,139,17.62,6.7,1.3,0.4
"Rotbarschfilet gedünstet, mit Tomatensauce (aus Tomatenmark)",105,11.1,6.1,1.0,0.55
Meerrettich-Dressing,149,3.0,13.1,3.7,0.58
Bierschinken gebraten,174,17.709,11.359,0.09,2.0
Grünkohl-Eintopf mit Kartoffeln und Schweinebauch,110,4.97,6.4,6.7,0.34
"Schollenfilet mit Petersilie paniert, gebraten",163,15.6,8.1,6.07,0.545
"Kalbsmedaillons gebraten, in Weißweinsauce von heller/weißer Grundsauce",135,14.5,7.0,2.8,0.562
"Schweinerücken geschmort, mit Gemüse und Sauce",127,9.4,7.9,3.9,0.45
"Vollkorneierteigwaren gekocht, gebraten ohne Fett (Pfanne)",127,5.28,1.01,22.0,0.008
Heilbutt gebraten amerikanische Art,169,16.91,9.6,2.92,1.448
Wiener Schnitzel gebraten,192,18.74,8.5,9.48,0.635
Tomaten-Paprikasalat mit Zitronenmarinade,99,0.78,8.7,3.26,0.15
Eier-Frischteigwaren Spätzle mit Sauerkraut (Krautspätzle),83,3.2,1.84,11.94,0.53
Kohlrabi-Karottensalat (roh) mit Zitronenmarinade,92,1.47,7.4,3.82,0.162
"Champignons gedünstet, in Kräutersauce von heller/weißer Grundsauce",54,3.89,2.5,3.9,0.318
"Krakauer/Kochpolnische, Konserve",173,15.85,12.14,0.0,2.0
"Graupensuppe Mecklenburg (mit Gemüsebrühe, getrockneten Pflaumen, Entenfleisch)",80,4.1,1.0,12.5,0.495
"Alaska-Seelachs paniert, tiefgefroren, frittiert",257,16.85,13.52,16.38,1.01
"Roastbeef gebraten im Ofen, mit Röstgemüse",141,21.21,5.6,0.9,0.512
Rostbratwurst mit Brötchen und Senf,222,15.27,10.28,16.36,1.895
"Mehrfruchtnektar, angereichert mit Vitaminen (Multivitaminnektar)",42,0.2,0.0,10.36,0.005
Gemischter Salat mit Zitronenmarinade,116,1.3,11.0,2.0,0.38
Couscous gebraten mit Gemüse,118,3.03,4.8,14.4,0.108
"Gemüsemischung Erbsen-Karotten, tiefgefroren, gedünstet",60,3.3,0.427,8.659,0.028
Weizenbier mit Fruchtnektar,43,0.561,0.0,4.1,0.002
Zitronen-Joghurt-Creme (mit Gelatine),211,2.9,14.2,16.75,0.065
"Falafel frittiert, in Fladenbrot, vegetarisch gefüllt",156,5.4,7.8,14.0,0.782
"Blumenkohl gesäuert, abgetropft",49,1.617,0.766,7.74,1.198
Wurstsalat Schweizer Art,287,10.3,26.79,0.55,1.5
"Pflaume gezuckert, Konserve, abgetropft",70,0.651,0.149,15.92,0.035
"Pfeffersteak vom Rind gebraten, mit Sauce",156,20.2,7.7,1.4,0.495
Aalsuppe Hamburger Art mit Trockenfrüchten,95,5.0,5.4,5.8,0.348
"Gemüsepaprika rot, gegrillt, in Öl, Konserve, abgetropft",215,1.026,19.778,6.64,1.258
"Rotbarsch gebraten, mit Grundsauce hell/weiß mit Sahne",154,10.2,11.6,1.78,0.59
"Selleriesalat (gegart) mit Apfel, Mayonnaise und Sahne",104,1.1,8.1,4.8,0.292
Rohrnudeln gebacken,370,7.39,17.25,45.0,0.535
Vollkorn-Eier-Frischteigwaren mit Sardellen-Kräuter-Pesto,147,6.18,7.3,12.5,0.912
"Rosenkohl gekocht, mit Bechamelsauce mit Sahne",103,3.2,8.0,3.35,0.298
"Bratwurst mittelgrob, gegrillt",325,17.1,28.509,0.09,1.869
Rostbratwurst mit Senf,196,17.41,13.86,0.24,1.932
Vanilleäpfel,128,3.8,5.4,15.3,0.082
Marzipan-Vollkornplunder,496,8.12,31.3,43.0,0.56
Tomatensuppe gebunden mit Reis,49,0.67,3.47,3.4,0.208
"Rind Frikadelle, gebraten ohne Fett (Ofen)",228,19.91,14.12,5.0,1.635
"Rind/Schwein, Hacksteak, gebraten ohne Fett (Pfanne)",224,17.22,16.64,1.13,1.8
"Aprikose ungesüßt, Konserve, abgetropft",23,0.7,0.113,3.623,0.005
"Seelachsfilet gedämpft, mit Kräutersauce von heller/weißer Grundsauce",96,8.45,5.8,2.05,0.528
"Rind Frikadelle, gebraten ohne Fett (Pfanne)",216,17.87,13.71,5.0,1.588
"Seelachs paniert, tiefgefroren, gebraten ohne Fett (Pfanne)",213,18.29,7.37,17.8,1.098
"Hähnchenbrustfilet paniert, gebraten",186,20.92,8.1,6.62,0.42
Weiße-Bohnen-Suppe mit geräuchertem Schweinefleisch,110,5.47,6.3,6.4,0.902
Pfälzer Leberknödel (Schwein) gegart,214,16.69,11.23,10.92,0.752
Fischsamtsauce von heller/weißer Grundsauce,100,3.9,7.9,3.0,0.772
Mettwurst gebraten ohne Fett (Pfanne),418,27.99,33.86,0.22,4.2
Kalbsbrust in Aspik,118,11.9,7.7,0.23,1.5
Gemüsesauce von Bechamelsauce,57,1.95,2.9,4.8,0.342
"Kartoffelmaultaschen gefüllt mit Pflaumen, gebacken",153,2.53,6.7,19.7,0.1
Saure Nieren (Rind),285,24.9,19.1,2.7,2.0
"Speiseeis Frucht, in Waffeltüte",174,1.7,3.66,32.4,0.022
"Speiseeis (Frucht, Karamell, Nuss, Vanille) gemischt",187,2.5,7.97,25.6,0.072
"Zwiebelfleisch vom Rind geschmort, mit Sauce",209,19.73,12.5,3.92,0.728
Pilzsauce von Bechamelsauce,78,2.9,4.7,5.13,0.372
Kalbsrollbraten mit Weißwein-Sahnesauce von dunkler/brauner Grundsauce,130,14.38,6.6,2.4,0.59
"Heidelbeere gezuckert, Konserve, abgetropft",71,1.194,0.814,13.247,0.012
Specksauce von dunkler/brauner Grundsauce,85,1.91,6.1,5.31,0.8
"Grießpudding salzig, mit Käse und Petersilie",167,6.9,7.76,16.99,0.348
Bratwurst mit Brötchen und Senf,256,11.49,14.91,18.15,2.012
Weingelee mit Früchten,87,1.3,0.1,17.3,0.012
Rotweincreme abgeschlagen (mit Gelatine),102,4.6,2.8,13.38,0.142
"Kasseler Rippenspeer gebraten im Ofen, mit Sahnesauce von dunkler/brauner Grundsauce",132,12.44,7.8,2.98,1.2
Baumstamm (Rührmasse) mit Schokobuttercreme,348,5.1,20.31,35.5,0.26
Kalbsleber gebraten Berliner Art,111,9.49,3.9,9.0,0.605
Selleriesalat (roh) mit Saure-Sahne-Dressing,59,1.79,2.8,4.9,0.48
"Karpfen paniert, frittiert",243,17.98,12.3,14.26,0.622
"Rind/Schwein, Frikadelle, gebraten ohne Fett (Ofen)",250,19.65,16.71,5.0,1.655
Chicoreesalat mit Saure-Sahne-Dressing,46,2.49,2.4,2.7,0.42
Sauerkrautsalat (roh) mit Apfel und gebratenem Speck,55,1.75,1.65,5.7,1.5
"Johannisbeere rot, ungesüßt, Konserve, abgetropft",14,0.729,0.106,1.15,0.005
"Müslimischung mit Schokolade, gesüßt",397,10.45,11.84,58.0,0.11
Eier-Frischteigwaren Ravioli (Gemüsefüllung) gedämpft,141,4.99,2.08,24.5,0.348
"Schwein/Rind, Hackfleisch gemischt, gebraten ohne Fett (Ofen)",357,26.96,27.72,0.0,0.185
"Pfefferschote in Öl, Konserve, abgetropft",242,1.8,22.9,6.22,1.268
"Berliner/Pfannkuchen/Krapfen (Hefeteig) frittiert, gefüllt mit Konfitüre",329,6.2,13.7,44.0,0.395
Himmel und Erde (Äpfel und Kartoffeln) mit gebratenem Speck,129,1.74,7.39,13.2,0.548
Holländische Sauce einfach,156,1.9,15.5,1.98,0.6
"Spargel Konserve, abgetropft",18,1.9,0.3,1.38,0.528
"Schwein/Rind, Hackfleisch gemischt, geschmort ohne Fett",386,28.08,30.41,0.0,0.185
"Krebse gegart, in Grundsauce hell/weiß mit Sahne",121,6.6,9.4,2.4,0.625
Bananennektarschorle,26,0.148,0.0,6.18,0.005
"Hering gegart, in Tomatensauce von heller/weißer Grundsauce",120,11.5,7.0,2.2,0.662
"Biskuitrolle/Biskuitroulade, mit Joghurtsahne",253,6.2,12.5,28.38,0.14
Gemüsesalat (gegart) mit Mayonnaise mit Essig,151,2.0,13.93,3.4,0.45
"Speiseeis (Frucht, Vanille) gemischt",161,1.34,5.15,26.5,0.055
"Nussbiskuitrolle/Nussbiskuitroulade, mit Himbeeren und Sahne",275,6.3,16.2,24.8,0.128
Bratwurst mit Senf,244,12.2,21.46,0.25,2.105
"Weißwein-Sahnesauce von heller/weißer Grundsauce, mit Lachs",129,4.2,10.9,2.6,0.585
Tomatensalat mit Zitronenmarinade,87,0.85,7.5,2.98,0.135
"Semmelknödel getrocknet, gekocht, gebraten ohne Fett (Pfanne)",181,8.28,4.99,24.87,0.87
Rettichsalat mit Sahne-Dressing,39,1.24,2.0,3.0,0.22
Gemüsesuppe gebunden,42,1.2,2.4,3.5,0.65
"Kartoffelpuffer tiefgefroren, gebraten ohne Fett (Pfanne)",179,5.0,1.81,34.32,1.04
"Erbsen-Eintopf mit Gemüsebrühe, Suppengrün und Kartoffeln",83,5.09,1.4,10.0,0.548
"Leng paniert, gebraten",168,17.06,8.0,6.09,0.635
Kräuteromelett gebraten mit Pfifferlingen,165,10.65,13.08,0.7,0.508
Rinderbrust in Weißweinaspik,163,17.4,9.2,0.61,2.0
Quark-Vollkornplunder,364,9.46,19.19,36.0,0.73
"Fischfrikadelle (Alaska-Seelachs) paniert, tiefgefroren, frittiert",178,10.2,6.73,18.6,1.122
Zitronenwackelpudding,80,2.1,0.2,14.994,0.02
Käsesauce von Bechamelsauce,122,4.86,9.2,4.75,0.692
Hefepudding,335,7.6,12.6,46.0,0.332
"Quarkklöße mit Süßkirschkompott, Zucker und Zimt",146,6.01,3.92,21.0,0.16
"Rotzunge paniert, gebraten",173,15.58,9.0,6.61,0.705
Johannisbeernektarschorle,27,0.215,0.0,6.404,0.01
Kalbslungenhaschee sauer mit Sauce,95,9.41,4.8,3.23,0.59
Münchner Weißwurst gebraten ohne Fett (Pfanne),297,12.198,27.515,0.09,1.998
Püree von Artischockenböden,181,2.63,15.4,3.27,0.898
Grünkernsuppe geröstet,35,1.04,1.6,3.6,0.705
"Gemüsemischung asiatische Art, tiefgefroren, gebacken",34,2.4,0.4,4.0,0.018
"Seezunge gebraten in Butter, mit Kaisergemüse und Salzkartoffeln",81,8.16,2.3,6.23,0.385
"Zanderfilet paniert, gebraten",185,19.3,8.7,6.61,0.5
"Kalbslende gedünstet, mit Sauce",155,19.8,7.5,1.9,1.0
"Aprikose mit Süßungsmitteln, Konserve, abgetropft",23,0.7,0.113,3.623,0.02
Eierteigwaren mit Gorgonzolasauce,166,6.6,7.9,16.73,0.715
"Speiseeis (Frucht, Schokolade, Vanille) gemischt, in Waffeltüte",197,2.47,7.61,28.6,0.068
"Wirsing-Eintopf mit Kartoffeln, Karotten und Speck",63,2.85,2.7,6.0,0.8
"Schwein/Rind, Hackfleisch gemischt, gekocht",370,28.54,28.38,0.0,0.188
"Schweineroulade geschmort, mit Grundsauce dunkel/braun",144,16.0,7.3,3.1,0.8
"Grüne-Bohnen-Eintopf mit Gemüsebrühe, Kartoffeln, Birne und Speck",78,1.6,4.6,7.0,0.628
"Wirsing-Eintopf mit Rindfleisch, Kartoffeln und Karotten",65,5.7,1.7,6.0,0.308
Schinkenknödel,180,9.77,6.49,19.91,1.348
"Fleischkäse grob, gebraten ohne Fett (Ofen)",229,21.89,15.69,0.12,2.0
"Sojabohne unreif (Edamame) Konserve, abgetropft",94,8.6,4.4,3.5,0.522
Ochsenschwanzsuppe gebunden,114,7.8,7.2,3.0,0.322
"Aprikose in Fruchtsaft, Konserve, abgetropft",36,0.8,0.148,6.7,0.005
"Ananas in Fruchtsaft, Konserve, abgetropft",41,0.7,0.1,8.1,0.008
Joghurt-Sahnesauce mit Kräutern für Salat,92,3.16,6.7,3.8,0.4
Ossobuco alla milanese (Kalbsbeinscheiben geschmort),131,18.52,5.5,0.8,0.54
"Kürbis gesäuert, abgetropft",112,1.042,0.123,24.22,0.438
Bratkartoffel-Fischpfanne mit Kabeljaufilet,185,10.5,9.5,13.52,0.515
"Rind Hackfleisch, tiefgefroren, gegrillt",303,26.197,22.009,0.0,0.175
"Mungbohnensprossen/Mungbohnenkeimlinge, Konserve, abgetropft",22,2.182,0.202,2.4,0.445
Laugenbrezel mit Butter,403,7.014,24.936,36.0,2.068
Weißes Bohnenpüree,161,7.962,5.0,16.0,0.135
Apfelkompott mit Weißwein und Sultaninen,67,0.4,0.3,13.6,0.005
"Gemüsemischung asiatische Art, tiefgefroren, gebraten ohne Fett (Pfanne)",42,3.0,0.4,5.0,0.022
"Kasseler Rücken gebraten im Ofen, mit Grundsauce dunkel/braun",118,11.97,6.4,2.97,1.2
"Hähnchenschenkel gekocht, in Currysauce",124,10.86,8.2,1.77,0.442
Vollmilchschokolade gefüllt mit Nugat/Nougat/Noisette,539,6.94,32.9,52.5,0.14
"Ananas mit Süßungsmitteln, Konserve, abgetropft",24,0.5,0.1,4.4,0.028
"Kalbsroulade gebraten, mit Grundsauce dunkel/braun",156,12.12,10.3,3.23,1.132
"Rhabarber ungesüßt, Konserve, abgetropft",9,0.314,0.072,0.629,0.005
Grießbrei (als Dessert) mit Erdbeersauce roh,102,3.14,3.0,15.02,0.075
"Rinderzunge gekocht, mit Rosinensauce",157,10.8,10.6,4.2,0.325
Rindsbratwurst gegrillt,251,12.982,22.174,0.0,1.952
"Seezungenfilet gedünstet, in Tomatensauce (aus Tomatenmark)",102,13.1,5.0,0.9,0.62
"Eier-Frischteigwaren, grün, mit Gorgonzolasauce",189,7.9,11.2,13.5,0.93
Berner Würstchen,259,13.6,22.6,0.15,2.5
Maultaschen mit Spinatfüllung gegart,96,4.4,2.53,13.0,0.37
"Senfgurke gesäuert, abgetropft",44,1.052,0.198,7.97,1.218
Carbonara Sauce,279,20.47,21.66,0.3,2.0
"Wachsbohne gesäuert, abgetropft",41,1.6,0.2,6.5,1.19
"Pfifferling Konserve, abgetropft",24,2.083,0.69,0.643,0.412
"Linsengemüse gekocht, mit Suppengrün und Speck",81,5.35,1.8,9.0,0.2
"Gemüsemischung Kaisergemüse, tiefgefroren, gebraten ohne Fett (Pfanne)",53,3.446,0.637,6.5,0.068
Tiroler/Tiroler Schinkenwurst,106,18.28,3.54,0.11,2.0
Kalbfleischkäse gebraten ohne Fett (Ofen),362,14.95,33.54,0.13,2.075
Karottensalat (roh) mit Saure-Sahne-Dressing,64,1.5,3.0,6.2,0.42
"Speiseeis (Frucht, Nuss, Vanille) gemischt",187,2.02,7.7,26.5,0.065
"Kartoffeltaschen mit Frischkäsefüllung, tiefgefroren, gebraten ohne Fett (Pfanne)",301,4.31,15.92,34.0,1.85
Coleslaw (Weißkrautsalat amerikanisch) mit Saure-Sahne-Dressing,54,1.72,2.4,4.9,0.32
"Schokobuttercreme gestreckt, für Gebäck/Torten",350,2.94,29.3,17.9,0.092
"Schweinelebergeschnetzeltes mit Apfel, Zwiebeln und Grundsauce dunkel/braun",109,9.37,4.8,6.6,0.472
"Jagdwurst/Schinkenwurst grob, geschmort ohne Fett",209,15.461,16.299,0.08,1.8
Lachs gedämpft mit Joghurt-Dip mit Rosmarin,125,10.62,8.1,1.7,0.32
"Rotbarsch paniert, gebraten",192,15.5,11.1,6.61,0.625
Leberrolle,237,17.0,18.56,0.52,1.8
Tartufo di Pizzo (mit Nuss- und Schokoladeneis),231,4.4,10.6,29.0,0.085
"Alaska-Pollack/Alaska-Seelachs, in Öl, Präserve, abgetropft",274,9.9,26.01,0.0,5.208
Joghurtsahnetorte (Biskuit und Mürbeteig),261,4.7,15.5,25.1,0.102
"Grüne-Bohnen-Eintopf mit Gemüsebrühe, Kartoffeln und Hammelfleisch",82,3.8,4.5,6.0,0.428
Apfelkompott mit Rosinen und Mandeln,73,1.2,2.0,11.2,0.005
"Schwertfisch gebraten, mit gedünstetem Paprika-Tomaten- und Gurkengemüse",86,10.31,3.6,2.3,0.95
"Kartoffelkroketten tiefgefroren, frittiert",320,5.12,21.91,24.16,1.2
"Grüne-Bohnen-Eintopf mit Gemüsebrühe, Kartoffeln, Rindfleisch und Speck",94,4.7,5.4,6.0,0.635
Erdbeer-Sahneschnitten (Blätterteig),289,2.69,22.8,17.08,0.19
Rinderbraten mit Sauce,138,16.0,7.2,1.6,0.582
"Johannisbeere rot, gezuckert, Konserve, abgetropft",67,0.729,0.106,14.58,0.005
"Speiseeis (Frucht, Kaffee, Schoko, Vanille) gemischt",182,2.7,7.5,25.0,0.075
Fleischbrühe mit Leberspätzle/Leberreis,63,4.13,1.5,7.88,0.552
Ragout fin mit Rotbarsch,106,10.8,6.3,1.1,0.658
Traubentorte (Sandmasse) mit Vanillecreme und Klarguss,176,2.4,7.73,23.2,0.082
Norddeutsche Kochmettwurst,195,15.07,14.92,0.12,2.0
"Kartoffeln gekocht, mit gebratenem Hähnchenfleisch und Kräutersauce von Bechamelsauce",97,8.83,2.2,10.18,0.162
Rührei gebraten mit Käse und Kochschinken,220,16.4,16.88,0.42,0.978
"Eier-Frischteigwaren Ravioli, mit Hackfleischfüllung, in Tomatensauce von heller/weißer Grundsauce",114,5.5,4.1,13.0,0.552
"Kalbskeule geschmort, mit Sahnesauce von dunkler/brauner Grundsauce",105,13.7,4.1,2.7,0.8
"Kabeljau gebraten, mit gedünstetem Paprika-Tomatengemüse",66,7.9,1.6,4.2,0.63
Vanillecremeeis mit Schlagsahne und frischen Erdbeeren,151,2.3,11.43,8.97,0.055
"Kalbszunge gekocht, mit Weißweinsauce von heller/weißer Grundsauce und saurer Sahne",114,9.89,7.4,1.4,0.5
"Milchreis mit Milch 3,5 % Fett und Aprikosenkompott",116,3.7,2.34,19.7,0.078
Preiselbeer-Stracciatella-Sahne-Kranz (Brandmasse),302,5.1,18.6,27.7,0.132
Kartoffelgemüse mit Kräutersauce von heller/weißer Grundsauce,79,1.56,3.0,10.7,0.29
"Kasseler Rippenspeer gekocht, mit Sauerkraut",58,5.59,2.42,1.45,1.0
Leberwürste erwärmt,356,16.83,31.744,0.59,1.968
Gemüsecremesuppe,63,1.17,4.5,4.08,0.45
"Seelachsfilet paniert, gebraten",181,17.3,9.4,6.09,0.53
"Tomatensuppe aus Tomatenmark, Gemüsebrühe und Teigwaren eifrei",51,1.1,2.6,5.6,0.688
Vollkorn-Eier-Frischteigwaren mit gedünstetem Kaisergemüse,95,4.19,2.9,11.47,0.305
Weiße-Bohnen-Eintopf mit Speck,88,4.4,3.5,8.0,0.8
Sauce Bearnaise/Bearner Sauce,212,2.9,21.1,1.03,0.382
"Speiseeis (Frucht, Karamell) gemischt, in Waffeltüte",178,2.7,5.82,28.1,0.052
"Zucchini gesäuert, abgetropft",34,1.1,0.3,5.5,1.188
"Artischocke in Öl, Konserve, abgetropft",254,2.559,22.823,3.02,1.35
Quarkklöße gefüllt mit Aprikosen,133,5.6,3.53,18.4,0.148
Gemischter Salat mit Sahne-Dressing,42,1.7,2.2,2.8,0.4
"Fischstäbchen (Alaska-Seelachs) paniert, tiefgefroren, gebraten ohne Fett (Pfanne)",209,13.908,9.437,16.5,0.718
Couscous mit Butter,209,4.888,7.773,28.48,0.162
"Mehrfruchtnektar mit Süßungsmitteln, angereichert mit Vitaminen (Multivitaminnektar)",22,0.2,0.0,5.36,0.008
Fish and Chips (mit Rotbarsch),221,10.7,11.6,17.7,0.698
Rote-Bete-Salat (gegart) mit Zitronenmarinade,109,1.67,8.2,5.88,0.448
"Zuckermais gesäuert, abgetropft",67,2.563,0.962,10.1,1.19
"Rindfleisch gekocht, mit Rotweinsauce",124,14.74,5.9,2.41,0.378
"Kartoffeltaschen mit Frischkäsefüllung, tiefgefroren, gebacken",282,4.03,14.88,32.0,1.73
Pudding-Plunder,321,6.4,16.48,36.0,0.6
"Vanillepudding, Flammeri, zubereitet aus Pulver und Milch 3,5 % Fett, mit Süßstoff",88,3.65,3.56,10.19,0.18
"Bismarckhering Präserve, abgetropft",225,16.5,16.0,2.68,2.725
Kartoffelklöße von gekochten Kartoffeln,137,3.8,2.62,23.4,0.438
Gurkensalat mit Saure-Sahne-Dressing,41,1.53,2.3,2.9,0.3
"Süßkirsche mit Süßungsmitteln, Konserve, abgetropft",33,0.7,0.251,6.35,0.025
Tomate Konserve,19,1.15,0.2,2.536,0.215
"Kartoffel-Rosenkohlpüree mit Milch 3,5 % Fett",80,2.65,2.55,10.76,0.25
"Schlemmerfilet Bordelaise (Alaska-Seelachs) tiefgefroren, gebraten ohne Fett (Ofen)",132,9.6,7.6,6.12,0.935
"Schaumeierkuchen (Omelette souffle) gebraten, gefüllt mit Konfitüre",250,8.4,13.3,23.8,0.235
"Hummer gegart, in Currysauce von heller/weißer Grundsauce",87,10.07,4.1,1.37,0.95
"Reissalat mit Gemüse, Früchten, Curry und Zitronenmarinade",88,1.9,2.4,13.8,0.04
"Ananas ungesüßt, Konserve, abgetropft",24,0.5,0.1,4.4,0.008
Grießbrei (als Dessert) mit Kirschsauce,102,3.11,2.4,16.44,0.072
"Süßkirsche gezuckert, Konserve, abgetropft",67,0.7,0.251,15.01,0.002
"Fischfrikadelle (Alaska-Seelachs) paniert, tiefgefroren, gebraten ohne Fett (Pfanne)",129,9.8,1.73,17.9,1.08
"Feige gezuckert, Konserve, abgetropft",68,0.996,0.399,14.3,0.005
Pilzsauce von heller/weißer Grundsauce,72,1.7,5.2,3.77,0.56
Sahne-Eclairs (Brandmasse),293,6.44,21.31,18.39,0.175
"Schupfnudeln eifrei, gekocht",154,4.36,0.46,32.01,1.485
"Heidelbeere mit Süßungsmitteln, Konserve, abgetropft",20,0.3,0.318,2.61,0.02
"Bratwurst mittelgrob, gebraten ohne Fett (Pfanne)",349,18.62,30.4,0.1,2.177
"Kartoffel-Speck-Rösti tiefgefroren, gebraten ohne Fett (Pfanne)",292,6.28,13.97,34.0,1.688
Wurstsülze,170,11.3,13.7,0.12,1.8
"Schweinekotelett gedünstet, mit Grundsauce dunkel/braun",218,18.43,14.8,2.4,0.52
"Speiseeis (Frucht, Schokolade) gemischt, in Waffeltüte",198,2.51,6.53,31.0,0.052
"Rind/Schwein, Hackfleisch gemischt, gebraten ohne Fett (Ofen)",338,27.5,25.28,0.0,0.192
Senfsauce von dunkler/brauner Grundsauce,75,1.32,5.1,5.52,0.795
"Kalbsroulade geschmort, mit Rotweinsauce von dunkler/brauner Grundsauce",142,15.55,7.2,3.43,0.73
Muschelsauce von heller/weißer Grundsauce,65,5.79,3.7,2.1,0.95
"Litschi gezuckert, Konserve, abgetropft",68,0.65,0.239,15.3,0.005
"Grießklößchen getrocknet, gekocht, gebraten ohne Fett (Pfanne)",141,7.25,5.76,14.6,0.22
"Schweineherz gespickt, gedünstet, mit Sahnesauce von dunkler/brauner Grundsauce",187,14.9,12.6,3.1,0.982
"Sellerie gekocht, mit Sahne",31,1.43,0.8,2.5,0.45
Schaschlik mit Pommes frites und Tomatenketchup,175,12.29,8.47,11.49,0.8
"Mischpilze tiefgefroren, gebraten ohne Fett (Pfanne)",70,7.2,0.7,4.44,0.025
Weingelee mit Ananas,79,1.2,0.0,15.75,0.01
Schweinebraten mit Grundsauce dunkel/braun,185,17.2,11.7,2.2,0.545
"Schweinezunge gekocht, mit Weißweinsauce von heller/weißer Grundsauce",134,11.07,8.9,1.59,0.412
"Kohlrabi Konserve, abgetropft",18,1.34,0.111,2.27,0.548
"Suppengrün/Suppenkraut, tiefgefroren, gekocht",31,2.019,0.314,3.2,0.105
Wildbretpastete mit Hirschfleisch,126,16.19,6.73,0.08,1.8
"Böhmische Knödel gekocht, gebraten ohne Fett (Pfanne)",240,8.69,8.76,30.53,0.922
Currywurst mit Curryketchup,202,8.77,14.66,8.16,2.0502
Nuss-Sahnetorte (Biskuit),335,6.4,26.1,18.0,0.102
"Linsen-Eintopf mit Suppengemüse, Kartoffeln und Wiener Würstchen",149,7.81,6.0,13.4,0.785
Linsen-Eintopf mit Speck,147,8.52,4.8,14.4,1.0
"Kartoffel-Speck-Rösti tiefgefroren, gebacken",323,6.93,16.25,36.0,1.925
Debreziner Würstchen Konserve,192,15.25,14.6,0.0,2.0
"Fleischkäse grob, gekocht",172,16.94,11.53,0.09,1.2
Fischstäbchen (mit Alaska-Seelachs) gebraten,255,13.121,15.409,15.57,0.678
"Mischpilze Konserve, abgetropft",42,4.3,0.3,2.45,0.72
Weiße-Bohnen-Suppe mit Speck,76,4.01,3.0,6.7,0.8
"Hamburger Pannfisch, mit Rotbarsch",181,8.4,11.59,9.79,0.8
Kartoffelkroketten,246,5.95,12.08,26.88,0.29
"Kartoffelsuppe mit Gemüsebrühe, gebunden",62,1.11,1.8,10.0,0.455
"Eierfrikassee mit Blumenkohl und Spargel in Grundsauce hell/weiß, dazu Risotto",89,4.96,4.4,7.2,0.458
"Rind Hackfleisch, tiefgefroren, gekocht",299,28.653,20.488,0.0,0.132
"Mokkabuttercreme gestreckt, für Gebäck/Torten",304,2.7,25.7,15.1,0.105
"Himbeere ungesüßt, Konserve, abgetropft",14,0.5,0.151,1.3,0.0042
Rindsbratwurst gebraten ohne Fett (Pfanne),214,11.228,18.78,0.0,1.808
"Okra Konserve, abgetropft",13,1.2,0.1,0.6,0.532
"Seelachs im Backteig, tiefgefroren, gebraten ohne Fett (Pfanne)",277,15.85,13.54,22.09,1.012
"Gemüsemischung Leipziger Allerlei, Konserve, abgetropft",44,2.639,0.385,5.75,0.545
"Linse reif, Konserve, abgetropft",119,9.036,0.7,15.4,0.6228
"Rind Hackfleisch, tiefgefroren, gebraten ohne Fett (Pfanne)",303,26.577,21.853,0.0,0.148
"Karamellflammeri/Karamellpudding, mit Vanillesauce",141,3.9,4.57,21.05,0.112
"Tomate getrocknet, in Öl, Konserve, abgetropft",293,6.487,16.316,23.33,3.305
"Gemüsemischung Kaisergemüse, tiefgefroren, gedünstet",39,2.537,0.469,4.8,0.05
"Gemüsemischung asiatische Art, tiefgefroren, geschmort ohne Fett",31,2.2,0.3,3.8,0.018
"Gemüsemischung Erbsen-Karotten, tiefgefroren, gekocht",60,3.3,0.426,8.631,0.025
"Broccoli gedünstet, mit gerösteten Semmelbröseln",100,4.06,6.31,5.1,0.262
"Kalbsherz gefüllt, gedünstet, mit Sahnesauce von dunkler/brauner Grundsauce",177,13.4,11.1,5.5,1.045
"Speiseeis (Frucht, Karamell, Vanille) gemischt",170,2.3,6.36,25.2,0.068
"Grießflammeri/Grießpudding, mit Ei und Mandeln",136,5.8,6.31,13.53,0.135
"Sardine in Öl, Konserve, abgetropft",222,24.1,13.9,0.0,0.915
"Europäische Auster in Öl, Konserve, abgetropft",87,8.865,5.02,1.508,0.705
Leberkäse gebraten ohne Fett (Ofen),293,13.626,26.421,0.2,1.498
"Kartoffel-Karottenpüree mit Milch 3,5 % Fett",82,2.15,2.62,11.7,0.262
Mehrfruchtsaftschorle angereichert mit Vitaminen (Multivitaminsaftschorle),22,0.2,0.0,5.3,0.006
"Papaya gezuckert, Konserve, abgetropft",58,0.5,0.079,13.2,0.02
"Fischfrikadelle (Alaska-Seelachs) paniert, tiefgefroren, gebraten ohne Fett (Ofen)",142,10.9,1.93,19.5,1.202
"Birne gezuckert, Konserve, abgetropft",84,0.475,0.176,19.48,0.022
"Rind/Schwein, Hackfleisch gemischt, gekocht",349,29.11,25.88,0.0,0.195
"Weintraube weiß, ungesüßt, Konserve, abgetropft",22,0.384,0.114,4.53,0.005
"Alaska-Seelachs paniert, tiefgefroren, gebraten ohne Fett (Ofen)",163,11.4,5.54,16.21,1.105
"Silberzwiebel gesäuert, abgetropft",45,0.974,0.124,8.51,1.198
"Dicke Bohne unreif, Konserve, abgetropft",51,4.4,0.6,4.3,0.548
"Schweineleberschnitten gedünstet, mit Sahnesauce von dunkler/brauner Grundsauce",180,15.32,11.5,3.2,0.425
"Grießflammeri/Grießpudding, mit Ei und Kirschsauce",116,4.4,3.9,15.47,0.12
"Kartoffelrösti tiefgefroren, gebraten ohne Fett (Pfanne)",276,3.261,10.815,40.2,1.308
Vollkorn-Eier-Frischteigwaren mit Mandelpesto,205,8.64,11.92,14.0,0.412
Cordon bleu vom Hähnchen gebraten,215,20.7,10.8,8.11,0.66
Bananenkompott mit Süßstoff,68,1.139,0.4,13.47,0.02
"Mischpilze tiefgefroren, gebacken",60,6.1,0.6,3.76,0.02
"Mehrkornschrot gekocht, gebraten ohne Fett (Pfanne)",65,2.19,0.6,11.3,0.002
"Schweineschulter gekocht, mit Kräutersauce von heller/weißer Grundsauce",128,14.12,7.1,1.86,0.952
"Alaska-Seelachs paniert, tiefgefroren, gebraten ohne Fett (Pfanne)",179,12.6,6.09,17.8,1.212
"Stachelbeere ungesüßt, Konserve, abgetropft",24,0.658,0.118,3.937,0.005
Marzipan-Plunder,520,8.24,32.1,48.0,0.598
Karottensalat (roh) mit Zitronenmarinade,130,0.68,11.2,5.05,0.225
Gemüsesuppe mit Kartoffeln und Rindfleisch,42,3.5,1.8,2.5,0.542
"Preiselbeere gezuckert, Konserve, abgetropft",164,0.733,0.448,38.326,0.005
Quarkauflauf mit Fruchtsauce,124,3.5,4.6,16.6,0.075
"Brombeere ungesüßt, Konserve, abgetropft",16,0.66,0.1,2.7,0.005
Milchschokolade gefüllt mit Nugat/Nougat/Noisette,527,7.2,30.9,53.5,0.14
"Pfälzer Bratwurst gebraten, in Grundsauce dunkel/braun",194,8.85,16.8,1.87,1.58
"Erbse grün, Konserve, abgetropft",61,4.985,0.485,6.628,0.288
Backfisch-Brötchen mit Kabeljau,228,12.1,11.6,17.7,0.702
"Mandarine mit Süßungsmitteln, Konserve, abgetropft",28,0.858,0.269,4.609,0.028
Weiße-Bohnen-Suppe mit Karotten,59,2.78,1.1,7.9,0.372
"Makrele gedünstet, pikante Art",205,18.2,14.1,0.9,0.39
Rote Grütze mit Süßstoff,63,1.1,0.3,11.5,0.015
"Kichererbse reif, Konserve, abgetropft",136,7.5,2.7,15.5,0.562
Schaschlik mit Brötchen und Tomatenketchup,172,15.2,7.3,10.68,1.0
"Pfannkuchen/Eierkuchen, mit Milch 3,5 % Fett und Rosinen, gebraten",268,7.8,11.0,33.4,0.198
Quark-Plunder,398,9.63,20.24,43.0,0.78
"Hecht gedünstet, mit Weißweinsauce von heller/weißer Grundsauce und saurer Sahne",110,11.3,6.1,1.9,0.45
"Erdbeere mit Süßungsmitteln, Konserve, abgetropft",17,0.551,0.28,2.116,0.022
"Cornichons gesäuert, abgetropft",33,0.925,0.175,5.58,1.19
"Mandarine ungesüßt, Konserve, abgetropft",28,0.858,0.269,4.609,0.008
"Stachelbeere mit Süßungsmitteln, Konserve, abgetropft",24,0.658,0.118,3.937,0.02
"Schwarzwurzel Konserve, abgetropft",38,1.062,0.327,4.6,0.53
Sahneflammeri/Sahnepudding (als Dessert) mit Kirschsauce,212,3.2,13.1,20.04,0.115
"Mayonnaise, gestreckt mit süßer Sahne",514,2.2,55.2,1.92,0.67
"Karotte/Möhre, gesäuert, abgetropft",50,0.463,0.463,8.655,1.338
"Edelkrebs/Flusskrebs, Konserve, abgetropft",78,18.0,0.638,0.0,0.89
"Fruchtmischung/Fruchtcocktail, mit Süßungsmitteln, Konserve, abgetropft",34,0.5,0.3,6.4,0.022
"Kalb Haxe, tiefgefroren, geschmort ohne Fett",140,24.189,4.811,0.0,0.23
"Kidneybohne reif, Konserve, abgetropft",128,8.5,1.0,15.1,0.6228
Sachertorte (Rührmasse),352,5.9,17.6,41.0,0.16
"Bratmakrele Konserve, abgetropft",144,13.8,6.68,5.91,1.285
"Mirabelle mit Süßungsmitteln, Konserve, abgetropft",35,0.594,0.17,7.266,0.02
Gnocchi tiefgefroren,160,4.084,0.642,33.58,0.685
"Reisauflauf gesüßt, mit Apfel",144,4.19,4.16,21.9,0.108
"Sardelle in Öl, Konserve, abgetropft",170,16.896,11.4,0.0,12.378
"Steinpilz Konserve, abgetropft",57,6.442,0.471,3.69,0.722
"Gemüsemischung Erbsen-Karotten, tiefgefroren, gebraten ohne Fett (Pfanne)",93,5.1,0.657,13.312,0.04
"Bohne grün, gesäuert, abgetropft",47,1.787,0.255,7.01,1.19
Tiramisu (ohne Ei) mit Likör und Früchten,209,3.7,11.3,21.0,0.132
"Bohne grün, Konserve, abgetropft",21,1.662,0.138,2.1,0.67
"Rhabarber gezuckert, Konserve, abgetropft",74,0.314,0.072,16.793,0.005
"Berliner/Pfannkuchen/Krapfen (Hefeteig) frittiert, gefüllt mit Nuss-Nougat-Creme",392,7.6,20.1,43.7,0.41
"Erdbeere ungesüßt, Konserve, abgetropft",12,0.394,0.2,1.511,0.005
"Mango gezuckert, Konserve, abgetropft",65,0.5,0.395,14.0,0.012
"Hühnerherzen geschmort, in Weißweinsauce von heller/weißer Grundsauce",131,7.6,9.8,2.21,0.605
"Gemüsemischung Kaisergemüse, tiefgefroren, gekocht",30,1.96,0.363,3.8,0.035
Buttercremetorte (Schokobiskuit) mit Canacheüberzug,314,6.1,17.79,31.5,0.132
Seelachs-Risotto,145,9.16,4.3,17.0,0.475
"Kalb Haxe, tiefgefroren, gegrillt",140,23.16,5.299,0.0,0.305
"Apfelkaltschale/Apfelsuppe, mit Korinthen",56,0.3,0.3,12.1,0.005
"Vanillepudding, Flammeri, zubereitet aus Pulver und Milch 1,5 % Fett, mit Früchten",90,2.28,1.0,17.3,0.095
"Eier-Frischteigwaren Ravioli, vegetarisch gefüllt, mit gekochtem Gemüse in Grundsauce hell/weiß",92,4.6,3.3,10.2,0.438
"Eier-Frischteigwaren gekocht, gebacken",196,8.25,2.6,33.69,0.345
"Speiseeis (Frucht, Schoko) gemischt",181,1.96,5.31,29.9,0.048
"Kalbskäsebrät mit Schweinefleisch, gebraten ohne Fett (Ofen)",288,14.4,25.5,0.11,2.292
"Kartoffeltaschen mit Frischkäsefüllung tiefgefroren, frittiert",366,3.93,24.68,31.0,1.69
"Augenbohne reif, Konserve, abgetropft",114,8.5,0.47,16.074,0.63
"Eier-Frischteigwaren gekocht, gebraten ohne Fett (Pfanne)",176,7.41,2.34,30.25,0.308
"Schwein/Rind, Hackfleisch gemischt, gegrillt",351,26.07,27.37,0.0,0.18
"Rind/Schwein, Hacksteak, gegrillt",292,21.98,21.94,1.37,2.2
"Garnele paniert, tiefgefroren, gebraten ohne Fett (Pfanne)",360,16.38,20.05,27.56,1.425
Münchner Weißwurst gargezogen,258,10.905,23.789,0.07,1.72
"Gemüsemischung mexikanische Art, gekocht",58,3.3,0.5,7.7,0.005
Haschee mit Rinderhackfleisch von dunkler/brauner Grundsauce,144,8.2,9.9,5.0,0.462
"Kartoffelpuffer tiefgefroren, frittiert",214,5.0,4.03,37.97,1.15
"Gemüsemischung mexikanische Art, geschmort ohne Fett",70,3.9,0.6,9.3,0.005
Rharbarbergrütze mit Vanillesauce,102,1.7,1.67,18.84,0.035
Speckpfannkuchen gebraten,275,10.21,14.61,24.8,1.2
"Mirabelle ungesüßt, Konserve, abgetropft",35,0.594,0.17,7.266,0.0028
"Alaska-Seelachs im Backteig, tiefgefroren, gebraten ohne Fett (Pfanne)",250,11.2,12.59,22.26,0.3
"Jagdwurst/Schinkenwurst grob, gekocht",191,14.988,14.51,0.08,1.8
Petersilienkartoffeln,76,2.03,0.104,15.623,0.011
"Rind Hackfleisch, tiefgefroren, geschmort ohne Fett",297,28.056,20.488,0.0,0.135
Apfel-Bananen-Birnenmus roh,66,0.658,0.4,13.8,0.002
"Karotten/Möhren, gekocht, gebraten",104,1.193,5.811,9.401,0.45
"Hähnchenbrustfilet gebraten, mit gedünstetem Kaisergemüse",98,13.94,3.3,2.5,0.338
Hasenbraten mit Grundsauce dunkel/braun und saurer Sahne,132,19.56,5.2,1.6,0.5
"Birne mit Süßungsmitteln, Konserve, abgetropft",35,0.301,0.303,7.01,0.025
"Rind Hackfleisch, tiefgefroren, gebraten ohne Fett (Ofen)",281,26.968,19.282,0.0,0.15
"Schwein/Rind, Hackfleisch gemischt, tiefgefroren",250,18.43,19.55,0.0,0.138
"Grünkohl gedünstet, mit westfälischer Mettwurst",141,6.56,10.64,2.7,0.8
"Brathering Konserve, abgetropft",222,16.8,14.0,5.91,1.462
"Kalbfleischkäse mit Schweinefleisch, gebraten ohne Fett (Pfanne)",348,13.81,32.46,0.12,1.982
"Gemüsemischung mexikanische Art, gebraten ohne Fett (Pfanne)",87,4.9,0.7,11.6,0.008
Mandelcreme (Bayerische Creme mit Mandelkrokant),290,7.0,22.3,14.6,0.118
"Pflaume ungesüßt, Konserve, abgetropft",22,0.24,0.141,4.52,0.0038
"Palmenherz Konserve, abgetropft",23,2.2,0.1,2.74,0.54
"Teigwaren eifrei, gebraten mit Ei, Paprika und Hähnchenfleisch",148,11.8,4.43,14.59,0.215
Gemischter Salat mit Saure-Sahne-Dressing,44,1.9,2.2,3.3,0.48
"Scholle gedünstet, mit Weißweinsauce von heller/weißer Grundsauce",82,10.4,3.5,1.55,0.538
Cordon bleu vom Kalb gebraten,207,19.2,10.8,7.63,0.802
"Fleischkäse grob, gebraten ohne Fett (Pfanne)",218,20.22,15.19,0.11,2.0
"Alaska-Seelachs im Backteig, tiefgefroren, gebraten ohne Fett (Ofen)",228,10.2,11.47,20.29,0.272
"Brombeere gezuckert, Konserve, abgetropft",68,0.66,0.1,15.7,0.005
"Mehrkornschrot gekocht, gebacken",56,1.9,0.52,9.8,0.002
"Wildlachs Konserve, abgetropft",145,15.515,9.22,0.0,0.718
"Pute gebraten im Ofen, mit Sahnesauce von dunkler/brauner Grundsauce",223,19.65,15.3,1.56,0.942
"Gemüsemischung Erbsen-Karotten, tiefgefroren, gebacken",73,4.0,0.518,10.493,0.032
"Tomate gesäuert, abgetropft",40,0.846,0.098,6.71,1.128
Fruchtkompott mit Süßstoff,52,0.644,0.3,10.5,0.01
"Kalbsherz gespickt, gedünstet, mit Sahnesauce von dunkler/brauner Grundsauce",171,13.4,11.6,2.9,0.922
"Semmelknödel gekocht, gebraten ohne Fett (Pfanne)",188,8.48,4.88,26.54,1.075
"Fruchtmischung/Fruchtcocktail, ungesüßt, Konserve, abgetropft",34,0.5,0.3,6.4,0.002
"Karotte/Möhre, Konserve, abgetropft",23,0.803,0.457,2.572,0.608
"Makrele in Öl, Konserve, abgetropft",212,15.1,16.84,0.0,0.722
"Gemüsemischung asiatische Art, tiefgefroren, gekocht",27,1.9,0.3,3.1,0.012
"Thunfisch in Öl, Konserve, abgetropft",207,28.262,10.45,0.0,0.845
Bockwurst gargezogen,249,12.576,22.05,0.0,2.0
"Rote Rübe/Rote Bete, gesäuert, abgetropft",70,1.6,0.3,13.0,1.275
"Spinat Konserve, abgetropft",17,2.2,0.4,0.31,0.59
"Kartoffelpuffer tiefgefroren, gebacken",171,5.0,1.88,32.38,1.055
"Gemüsemischung Kaisergemüse, tiefgefroren, geschmort ohne Fett",39,2.512,0.465,4.8,0.05
"Kartoffel geschält, gekocht, Konserve, abgetropft",65,1.772,0.089,13.248,0.6062
"Pfirsich in Fruchtsaft, Konserve, abgetropft",41,0.8,0.152,8.2,0.005
"Kartoffelrösti tiefgefroren, gebacken",303,3.597,12.584,42.5,1.492
"Buckellachs in Öl, Konserve, abgetropft",196,19.0,13.3,0.0,0.752
"Lachs in Öl, Konserve, abgetropft",203,18.905,14.2,0.0,1.0935
"Grünkohl Konserve, abgetropft",34,2.4,1.1,2.0,0.535
"Fruchtmischung/Fruchtcocktail, gezuckert, Konserve, abgetropft",69,0.5,0.2,15.4,0.008
"Mandarine in Fruchtsaft, Konserve, abgetropft",48,1.379,0.442,8.115,0.008
"Rind Frikadelle, gegrillt",246,20.12,15.95,5.0,1.77
"Miesmuschel in Öl, Konserve, abgetropft",150,8.19,12.8,0.0,0.698
"Karpfen im Backteig, gebraten ohne Fett (Pfanne)",189,16.9,6.85,14.13,0.442
"Rind/Schwein, Hacksteak, gebraten ohne Fett (Ofen)",272,22.08,19.71,1.41,2.2
"Trüffel Konserve, abgetropft",93,9.887,0.602,0.6,0.872
"Rind/Schwein, Hackfleisch gemischt, tiefgefroren",236,18.8,17.83,0.0,0.142
"Erdbeere gezuckert, Konserve, abgetropft",63,0.774,0.231,13.732,0.022
"Fischstäbchen (Alaska-Seelachs) paniert, tiefgefroren, gebraten ohne Fett (Ofen)",206,13.75,9.33,16.32,0.71
Gnocchi gekocht,140,3.64,0.54,29.13,1.0528
Eier-Frischteigwaren Ravioli (Fleischfüllung) gekocht,138,5.94,3.33,20.0,0.5
"Johannisbeere schwarz, gezuckert, Konserve, abgetropft",72,0.698,0.117,15.77,0.005
"Knollensellerie gesäuert, abgetropft",40,1.142,0.242,5.85,1.278
Gnocchi gedämpft,140,3.731,0.587,29.13,0.625
"Mirabelle gezuckert, Konserve, abgetropft",68,0.594,0.17,15.492,0.002
"Shiitakepilz Konserve, abgetropft",37,2.9,0.3,2.69,0.713
"Kalb Haxe, tiefgefroren, gebraten ohne Fett (Ofen)",144,25.038,4.876,0.0,0.31
"Milchreis mit Milch 3,5 % Fett und roter Grütze",123,3.8,2.4,20.7,0.078
"Rind/Schwein, Hacksteak, tiefgefroren",201,15.25,15.54,0.0,1.8
"Seelachs im Backteig, tiefgefroren, gebraten ohne Fett (Ofen)",252,14.44,12.33,20.14,0.922
Leberknödelsuppe,69,4.71,3.7,4.03,0.778
"Hummersalat mit Mayonnaise, gestreckt mit süßer Sahne",177,6.2,15.3,3.2,0.858
"Kalbsnieren gebraten, mit Senfsauce von dunkler/brauner Grundsauce",173,13.63,12.2,2.12,0.735
"Geflügelsalat (Huhn) mit Mayonnaise, gestreckt mit süßer Sahne",136,8.7,8.0,6.88,1.035
Baguette-Brötchen mit Ei und Remoulade,213,11.5,7.5,24.0,0.9
Aprikosenteilchen (Blätterteig),283,3.0,16.8,28.3,0.232
Linsen-Bolognese vegan,98,5.2,3.7,9.0,0.32
Madeirasauce von dunkler/brauner Grundsauce,77,1.0,4.5,6.9,0.54
"Thunfischsalat mit Mayonnaise, gestreckt mit Joghurt",180,12.0,13.6,1.71,0.93
Kalbfleischpastete mit Schweinefleisch,126,15.28,7.18,0.09,1.8
Kartoffelsuppe mit Gemüsebrühe und Brühwurst,93,2.95,5.4,8.0,0.8
Grüne-Bohnen-Salat (gegart) mit Speck-Essigmarinade,121,2.28,10.84,2.7,1.032
Linsensuppe mit Gemüse und gepökeltem Schweinefleisch,122,7.18,5.6,9.0,1.0
Chili con carne einfach,179,11.7,10.1,8.0,0.592
Artischockensalat (gegart) mit Zitronenmarinade,141,1.82,11.9,1.88,0.63
"Reissalat mit Gemüse, Kochschinken und Essigmarinade",114,4.94,6.96,6.8,0.708
"Kartoffelsuppe sauer, gebunden",62,1.07,1.7,10.0,0.448
"Baguette-Brötchen mit Kochschinken, Käse, Tomaten und Remoulade",193,14.6,7.3,16.0,1.4
"Maultaschen Schwäbische Art (mit Hackfleisch) gegart, mit gebratenen Zwiebeln",116,8.186,4.95,8.38,1.05
"Schwarzwurzeln gekocht, mit Sauce Hollandaise/Holländischer Sauce",174,2.1,14.2,6.0,0.345
"Pirogge mit Hackfleischfüllung, gebacken",366,15.2,18.59,33.0,0.938
Reis mit Pilzsauce von heller/weißer Grundsauce,95,2.2,2.4,15.7,0.288
Spiegeleierkuchen (Rührmasse),192,3.2,9.72,22.7,0.15
Artischockenböden mit Fleischfüllung,84,7.5,3.6,2.2,0.71
Linsensuppe mit Gemüse und Wiener Würstchen,115,5.78,5.5,9.0,1.0
Olivenpastete,155,10.91,12.27,0.07,1.8
Wildsauce von dunkler/brauner Grundsauce,95,1.1,6.7,6.6,0.678
"Butterkekse/Butterplätzchen (Mürbeteig) mit Nougatfüllung, schokoliert",482,6.43,20.9,65.8,0.435
Labskaus,127,7.65,7.2,7.19,1.0
Pastete im Brotteig gebacken,168,19.53,7.96,4.0,1.8
"Gänseleberpastete getrüffelt, in der Kruste gebacken",245,15.9,16.0,8.9,1.5
Schaumomelett gebraten mit Gemüse,168,8.2,13.866,1.98,0.688
Hackfleischpastete (mit Mürbeteig) gebacken,412,16.4,26.8,25.2,0.798
Budapester Salat,99,6.9,5.1,5.54,0.405
Kirschknödel mit Zucker und Zimt,197,2.88,9.52,24.1,0.372
Chili sin carne,70,3.3,1.6,8.0,0.56
"Reissalat bunt, mit Hühnerfleisch, Ei und Mayonnaise",144,4.8,9.55,9.2,0.295
Mokkabuttercremetorte (Biskuit) mit Alkohol,273,5.1,17.0,24.0,0.14
"Kekse/Plätzchen, kakaohaltig (Rührmasse) mit Nougatfüllung, schokoliert",521,6.5,29.0,56.4,0.085
Rührei gebraten mit Leberkäse,227,12.9,19.35,0.35,0.9
"Speiseeis (Frucht, Vanille) gemischt, mit Eierlikör",177,1.66,5.37,26.5,0.065
"Seehecht mit Senfsauce von heller/weißer Grundsauce, überbacken",99,10.3,5.7,1.37,0.515
Bitterschokolade gefüllt mit Fruchtcreme (alkoholhaltig),506,6.41,32.58,41.0,0.02
"Pute mit Kastanienfüllung, gebraten im Ofen, mit Preiselbeerkonfitüre und Grundsauce dunkel/braun",206,19.0,11.2,6.74,0.488
"Kekse/Plätzchen (Vollkornmürbeteig) mit Nougatfüllung, schokoliert",512,6.25,26.9,59.0,0.16
"Krabben-Cocktail mit Mayonnaise, gestreckt mit süßer Sahne",198,7.7,16.7,3.4,1.048
"Tintenfischringe im Backteig frittiert, mit Tsatsiki",159,10.1,9.0,8.6,0.632
"Gurken mit Hackfleischfüllung, geschmort, mit Sauce",136,7.3,9.7,4.0,0.5
Rote-Linsensuppe mit Koriander,91,4.9,3.2,9.4,0.62
Baumstamm/Bismarckeiche (Wasserbiskuit) mit Mokkabuttercreme,314,6.2,15.6,36.6,0.22
"Erbsensuppe mit Gemüsebrühe, Suppengrün und Speck",73,4.09,2.9,6.0,0.5
"Grießpudding mit Sahne und Fruchtzubereitung, gesüßt",116,2.34,4.47,16.5,0.108
Rohrnudeln (aus Hefeteig mit Wasser zubereitet) gebacken,347,6.69,14.49,46.0,0.518
Kichererbsen-Tomaten-Eintopf,104,4.7,4.4,9.0,0.302
"Antipasti-Teller (Gemüse und Pilze gegart, mit Thunfisch und Parmaschinken)",107,7.7,6.0,4.0,0.742
Frikadelle mit Brötchen und Tomatenketchup,266,15.51,13.53,19.85,1.032
Bami Goreng (Eierteigwaren gebraten mit Gemüse und Hähnchenfleisch),113,5.9,2.4,16.0,0.645
"Nuss-Spritzgebäck (Rührmasse) mit Nougatfüllung, schokoliert",547,7.1,37.0,44.2,0.132
Bologneser Sauce mit Rinderhackfleisch,182,9.34,14.4,2.9,0.608
"Schwein/Rind, Hackfleisch gemischt, tiefgefroren, gebraten ohne Fett (Ofen)",357,26.96,27.72,0.0,0.185
"Tomaten mit Hackfleischfüllung, gebacken",167,10.58,11.75,4.0,0.392
Buttercremetorte (Biskuit),299,5.44,18.85,26.66,0.15
"Mürbchen (Mürbeteig) mit Nougatfüllung, schokoliert",499,6.12,25.3,60.5,0.142
Knacker mit Senf,255,19.77,19.34,0.16,3.0
"Kalbsbrust mit Hackfleischfüllung, gebraten im Ofen, mit Sauce",247,17.89,18.5,2.0,0.625
"Zwiebeln gefüllt mit Champignons und Hackfleisch, geschmort",233,10.56,18.2,6.3,0.868
Schokoladen-Biskuitplätzchen mit Nougatfüllung,428,11.6,10.9,68.4,0.272
Zucchini mit Hackfleischfüllung und Käse überbacken,116,5.5,8.89,3.0,0.378
Fränkische Mehlklöße mit Kompott aus Trockenfrüchten,208,6.03,2.1,38.7,0.57
Biskuitplätzchen mit Nougatfüllung,421,11.15,6.9,77.4,0.232
Maultaschen Schwäbische Art (mit Hackfleisch) gebraten,190,10.125,12.67,7.819,1.21
"Vollkorn-Eier-Frischteigwaren mit Spinat und Tomaten Konserve, überbacken",89,5.23,2.5,10.0,0.48
Eier russisch,225,12.6,19.1,0.37,2.128
Buttercremetorte (Wiener Boden hell),328,4.86,21.78,27.9,0.14
Aprikosen-Nuss-Torte (Rührmasse),284,4.83,16.87,27.3,0.255
Würfelpastete,170,12.89,13.16,0.08,1.5
"Grießsuppe geröstet, legiert mit Eigelb",43,1.4,2.2,3.9,0.692
"Butterkekse/Butterplätzchen, kakaohaltig (Mürbeteig) mit Nougatfüllung",497,5.41,23.5,64.4,0.112
Tomatensauce italienische Art,55,1.09,3.65,3.5,0.592
"Heringssalat mit Apfel, Gewürzgurke und Mayonnaise, gestreckt mit saurer/süßer Sahne",160,7.8,12.4,3.1,4.62
Pudding-Frucht-Plunder,306,5.7,15.5,35.0,0.562
"Hackfleischbällchen mit Tomatenfüllung, gebraten, mit Tomatensauce (aus Tomatenmark)",226,10.9,18.1,4.2,0.56
Heringsstipp (mit Bismarck-Hering),170,7.94,13.1,3.9,1.42
Donauwellen (Rührmasse),315,4.55,20.23,27.7,0.188
Hascheesuppe,59,2.3,4.5,2.2,0.648
"Chicoree gedünstet, mit Käsesauce von Bechamelsauce gratiniert",116,3.45,9.7,3.06,0.492
"Kohlroulade mit Hackfleischfüllung, gedünstet",107,5.1,7.4,4.0,0.38
Gesülzter Hackbraten,198,17.1,13.9,1.07,1.5
Frühlingspastete,138,10.91,10.12,0.6,1.8
Kabeljau gedünstet auf asiatischem Gemüse,80,11.3,2.7,1.4,0.695
Aprikosencreme,138,4.8,7.1,12.8,0.065
Eierteigwaren gebraten mit Gemüse und Ei,122,6.1,4.2,14.2,0.402
"Haferflockensuppe geröstet, mit Gemüsebrühe und Ei",39,1.49,2.0,3.2,0.695
Pralinen gefüllt mit Fruchtcreme (alkoholhaltig),506,6.41,32.58,41.0,0.02
Quark-Frucht-Plunder,378,8.13,20.1,40.0,0.75
Waffelkekse mit Nougatfüllung,431,4.11,14.8,69.6,0.052
"Kartoffelklöße von gekochten Kartoffeln, gebraten mit Eiermilch",267,7.03,17.82,18.76,0.662
"Spritzgebäck (Rührmasse) mit Nougatfüllung, schokoliert",502,6.3,28.7,52.7,0.12
"Cocktail, Hugo",38,0.0,0.0,2.56,0.005
Aprikosen-Sahnetorte (Wasserbiskuit),217,3.6,12.8,21.4,0.108
Teufelssauce/Grillsauce,174,1.03,14.3,8.8,1.5
Himmel und Erde (Äpfel und Kartoffeln) mit gebratener Blutwurst,133,3.3,8.2,10.7,0.5
Kalbfleischpudding mit Lachsschinken und Champignons,274,20.4,18.45,6.3,0.93
Sternpastete,163,12.77,12.38,0.08,1.8
"Weiße-Bohnen-Eintopf mit Paprika, Tomaten und Ajvar",65,3.4,1.3,8.0,0.168
Eierpastete,160,12.71,12.01,0.17,1.8
Kartoffel-Lauchcremesuppe,63,1.21,2.3,9.0,0.42
"Rindfleisch gekocht, mit Kapernsauce von heller/weißer Grundsauce",131,15.6,6.9,1.46,0.545
"Matjessalat mit Roter Bete, Apfel, Kartoffeln und Mayonnaise",126,5.1,7.6,8.0,2.902
"Eier-Frischteigwaren mit gebackenem Kürbis, in Grundsauce hell/weiß mit Sahne",128,3.67,5.6,14.57,0.495
"Eier-Frischteigwaren Tomatenspätzle, selbstgemacht, roh",208,10.3,3.5,32.2,0.635
Gurken-Buttermilch-Joghurt-Kaltschale,34,2.24,1.1,3.2,0.12
Frikadelle mit Pommes frites und Tomatenketchup,240,10.01,13.65,18.32,0.895
"Kartoffel-Schupfnudeln gekocht, gebraten ohne Fett (Pfanne)",190,6.31,1.5,36.29,1.208
Chili con carne (mit Rinderhackfleisch),158,9.9,7.9,9.0,0.8
"Rotbarsch mit Champignonsauce, überbacken",110,6.8,7.2,3.9,0.52
"Butterkekse/Butterplätzchen, kakaohaltig (Vollkornmürbeteig) mit Nougatfüllung",494,5.96,23.7,61.8,0.11
"Paprikaschoten mit Hackfleischfüllung, gebacken",116,7.43,7.5,4.0,0.305
"Rind/Schwein, Hacksteak, tiefgefroren, gebraten ohne Fett (Ofen)",266,22.08,19.71,0.0,2.2
"Rosenkohl gekocht, mit Käsesauce von Bechamelsauce",77,4.29,4.6,3.27,0.452
Schoko-Müslikekse/Schoko-Müsliplätzchen (Vollkornmürbeteig),515,7.2,30.3,49.6,0.435
Spritzgebäck (Rührmasse) mit Nougatfüllung,489,6.3,26.9,54.1,0.142
Haselnusspastete,189,14.24,14.36,0.4,1.8
"Butterkekse/Butterplätzchen, kakaohaltig (Mürbeteig) mit Nougatfüllung, schokoliert",513,6.09,27.2,59.3,0.145
Innereiengericht (von Rind/Schwein) mit Sahnesauce,207,17.29,13.6,3.62,0.652
Auflauf aus Eier-Frischteigwaren mit Pilzsauce von Bechamelsauce und Gouda überbacken,165,6.8,5.9,20.0,0.61
"Cocktail, Touch Down",82,0.3,0.1,7.8,0.02
Berliner Weisse mit Fruchtsirup,53,0.6,0.0,5.74,0.002
"Schupfnudeln gegart, gebraten",243,4.55,13.62,24.14,0.288
"Frikadellen gebraten, mit gedünsteten Tomaten",164,10.43,11.38,4.41,0.46
Maultaschen Schwäbische Art (mit Hackfleisch) gebraten mit Ei,190,10.783,13.56,5.404,0.94
Mürbchen (Mürbeteig) mit Nougatfüllung,490,6.34,24.4,60.1,0.142
"Toast mit Spargel, Lachsschinken und Käse, gebacken",201,11.0,13.71,7.67,1.128
Preiselbeersauce mit Rotwein,145,0.476,0.289,32.46,0.005
Tofu-Bolognese vegan,160,11.4,10.7,2.7,0.225
Kartoffelsalat mit Mayonnaise,154,1.6,11.4,10.14,0.38
"Milchreis gesüßt, mit Milch 3,5 % Fett und Kompott aus Trockenfrüchten",167,3.98,2.4,31.0,0.092
"Spargel gekocht, mit Sauce Hollandaise/Holländischer Sauce",180,2.7,17.2,2.93,0.268
Frikadelle mit Senf,261,18.02,18.88,4.39,0.755
Knacker mit Brötchen und Senf,263,16.48,13.38,18.45,2.5
Champignonpastete,143,12.81,10.05,0.27,1.8
Vanillecremeeis mit Schlagsahne und Früchten (Konserve),162,2.2,11.29,12.56,0.058
Kalbsragout fein (Ragout fin),113,12.85,5.9,1.8,0.458
Tomaten-Thunfischsalat mit Essigmarinade,106,6.76,7.45,2.24,0.525
"Eier-Frischteigwaren Ravioli (Gemüsefüllung) gekocht, gebraten ohne Fett (Pfanne)",144,5.09,2.12,25.0,0.355
Schinken-Käsepastete,172,17.08,11.39,0.05,2.2
"Gemüsemischung mexikanische Art, tiefgefroren, geschmort ohne Fett",68,3.9,0.6,8.9,0.005
Buttercremetorte (Rührmasse),315,4.55,20.23,27.7,0.188
Baba mit Rum,315,6.6,8.7,50.0,0.445
Bratkartoffeln mit Speck und Zwiebeln,204,4.13,12.65,16.88,0.8
"Maultaschen mit Spinatfüllung, gegart in Gemüsebrühe",42,2.0,1.1,5.7,0.545
Linsen-Eintopf mit Wurst und Eier-Frischteigwaren Spätzle,152,7.8,5.7,15.0,0.745
Schokobuttercremetorte (Biskuit),309,5.12,20.2,25.9,0.128
"Schweinebauch gekocht, mit warmer Blut- und Leberwurst und gedünstetem Sauerkraut",139,6.32,11.31,1.36,1.0
"Eier weich gekocht, mit Senfsauce",103,6.73,7.3,2.29,0.65
Blumenkohlsalat (gegart) mit Quarkmayonnaise,131,4.0,10.8,4.04,0.198
Hackbraten mit Gemüsesauce,196,13.33,12.9,5.7,0.648
Quark-Frucht-Vollkornplunder,349,7.96,19.05,34.0,0.7
Maultaschen Schwäbische Art (mit Hackfleisch) gegart in Fleischbrühe,57,4.53,2.6,3.308,0.842
Kidneybohnen gedünstet,129,6.8,3.7,12.0,0.848
Biskuitschnitte mit Vanillebuttercreme,299,4.4,20.3,24.4,0.132
"Gemüsemischung mexikanische Art, tiefgefroren, gekocht",57,3.3,0.5,7.4,0.005
"Cocktail, Tequila Sunrise",60,0.3,0.0,5.594,0.005
Bockwurst mit Senf,241,12.16,21.16,0.17,2.0
"Kartoffel-Schupfnudeln gekocht, gebacken",208,6.91,1.64,39.7,1.32
"Rind/Schwein, Hackfleisch gemischt, tiefgefroren, gebraten ohne Fett (Pfanne)",333,27.09,24.91,0.0,0.188
Kartoffelsalat mit Gewürzgurke und Marinade (Gemüsebrühe),75,1.42,2.5,10.49,0.402
"Rind/Schwein, Hackfleisch gemischt, tiefgefroren, geschmort ohne Fett",364,28.65,27.74,0.0,0.192
"Eier-Frischteigwaren Ravioli (Fleischfüllung) gekocht, gebraten ohne Fett (Pfanne)",139,6.06,3.4,20.0,0.5
"Schwein/Rind, Hackfleisch gemischt, tiefgefroren, gekocht",370,28.54,28.38,0.0,0.188
Türkische Pizza (Lahmacun) gefüllt mit Salat und Sauce,183,8.2,8.1,18.0,0.458
"Schweinebraten mit Sauce, Kaisergemüse und Salzkartoffeln",107,7.05,5.3,7.1,0.348
Wildpaste (Brotaufstrich),298,14.35,25.8,1.75,0.995
Eierfrikassee mit Pilzsauce von heller/weißer Grundsauce,107,9.9,6.7,1.57,0.8
"Erbsensuppe mit Gemüsebrühe, Gemüse, Mettwürstchen und Schweinebauch",116,6.37,7.2,5.0,0.8
Trüffelmosaikpastete,169,14.1,12.34,0.18,1.5
"Rind/Schwein, Hacksteak, tiefgefroren, gegrillt",286,21.98,21.94,0.0,2.2
"Kekse/Plätzchen, kakaohaltig (Rührmasse) mit Nougatfüllung",512,6.5,27.2,58.8,0.1
Vanillecremeeis mit heißer Himbeersauce,91,1.8,2.8,12.1,0.03
Lachs-Spinatsauce von Grundsauce hell/weiß mit Sahne,160,11.33,11.9,1.51,0.582
"Lachs gebraten, in Grundsauce hell/weiß mit Sahne und Risi-Pisi",156,9.2,8.8,9.4,0.41
"Vanillepudding, Flammeri, zubereitet aus Pulver und Milch 3,5 % Fett, mit Früchten und Süßstoff",69,2.5,2.22,9.13,0.108
"Kabeljaufilet gedünstet, mit Gemüsesauce von heller/weißer Grundsauce",91,11.2,4.0,1.9,0.515
Eierteigwaren mit Carbonara Sauce,167,9.0,6.01,18.6,0.8
"Speiseeis (Frucht, Nuss, Schokolade) gemischt, mit Eierlikör",212,2.63,7.71,28.7,0.07
"Eintopf aus Teigwaren eifrei, mit Hackfleisch",134,6.5,6.0,13.1,0.638
"Eier weich gekocht, mit Specksauce von dunkler/brauner Grundsauce",108,7.17,7.4,2.97,0.5
"Schleie gedünstet, mit Senfsauce von heller/weißer Grundsauce",82,11.29,3.1,1.86,0.648
Lachsschinkenpastete,139,14.13,9.1,0.23,1.2
Lauchsalat (gegart) mit Speck-Essigmarinade,133,2.36,11.37,4.0,0.872
Butterkekse/Butterplätzchen (Mürbeteig) mit Nougatfüllung,458,5.83,15.7,72.3,0.468
Kartoffelkroketten mit Karotten und Erbsen in Grundsauce hell/weiß mit Sahne,174,4.6,8.2,18.77,0.232
Bockwurst mit Brötchen und Senf,254,11.44,14.46,18.79,2.0
Linsen-Eintopf mit Backpflaumen und Blutwurst,142,7.15,4.6,15.2,0.8
Pudding-Frucht-Vollkornplunder,286,5.5,14.75,31.0,0.528
"Gnocchi tiefgefroren, gekocht",148,3.927,0.617,30.67,0.33
Hackbraten mit Grundsauce dunkel/braun,210,13.53,14.6,5.82,0.742
Baiser mit Schoko-Nougatfüllung,435,5.4,10.6,78.2,0.22
"Schwein/Rind, Hackfleisch gemischt, tiefgefroren, gebraten ohne Fett (Pfanne)",352,26.56,27.31,0.0,0.182
Zwetschgenknödel mit Zucker und Zimt,165,2.28,7.73,20.89,0.302
Birne Helene,166,2.6,10.05,15.9,0.068
Berner Würstchen gegrillt,296,15.7,25.75,0.17,2.5
Frikadelle mit Bratkartoffeln aus rohen Kartoffeln und Tomatenketchup,235,8.02,14.71,16.56,0.518
Berner Würstchen gebraten ohne Fett (Pfanne),260,14.0,22.6,0.15,2.2
Kekse/Plätzchen (Vollkornmürbeteig) mit Nougatfüllung,507,6.3,26.1,59.0,0.162
"Lachs im Blätterteig gebacken, mit gekochtem Spargel und Grundsauce hell/weiß",177,9.2,12.0,7.49,0.41
Fischklößchen mit Rotbarsch gegart und Gemüsesauce von heller/weißer Grundsauce,64,5.2,2.8,3.8,0.538
"Gnocchi gekocht, gebacken",218,5.688,0.844,45.52,1.645
Pudding-Plunder belegt mit Früchten und Klarguss,237,4.6,11.4,28.0,0.415
"Artischocke in Öl, Konserve, abgetropft gekocht",310,3.112,27.758,3.67,1.478
Königsberger Klopse mit Kapernsauce von heller/weißer Grundsauce,140,9.4,9.7,3.52,0.828
Nuss-Spritzgebäck (Rührmasse) mit Nougatfüllung,545,7.4,37.1,43.8,0.155
"Gemüsemischung mexikanische Art, tiefgefroren, gedünstet",62,3.6,0.5,8.1,0.005
"Speiseeis (Frucht, Schoko, Vanille) gemischt, mit Eierlikör",198,2.33,6.94,27.3,0.075
Mosaikroulade,156,12.64,11.7,0.08,1.8
Maultaschen Schwäbische Art (mit Hackfleisch) in Butter geröstet,176,9.994,11.23,7.698,1.188
Kartoffelsalat mit Salatgurke und Marinade (Gemüsebrühe),71,1.44,2.5,9.74,0.22
"Schwein/Rind, Hackfleisch gemischt, tiefgefroren, geschmort ohne Fett",386,28.08,30.41,0.0,0.185
"Rind/Schwein, Hacksteak, tiefgefroren, gebraten ohne Fett (Pfanne)",219,17.22,16.64,0.0,1.8
"Eier-Frischteigwaren Ravioli (Gemüsefüllung) gekocht, gebacken",160,5.67,2.36,27.8,0.395
"Wirsing-Eintopf mit Fleischklößchen, Kartoffeln und Karotten",64,3.58,2.5,6.0,0.38
Blumenkohl mit Käsesauce von Bechamelsauce überbacken,84,3.92,5.0,5.43,0.382
"Kohlrüben/Steckrüben, gedünstet mit Speck, in Grundsauce hell/weiß",37,1.35,1.9,2.47,0.5
Weißkrautsalat (gegart) mit Speck-Essigmarinade,102,1.72,8.03,4.09,0.622
"Gemüsemischung asiatische Art, Konserve, abgetropft",22,1.7,0.3,2.5,0.535
"Gemüsemischung mexikanische Art, tiefgefroren, gebraten ohne Fett (Pfanne)",84,4.9,0.7,11.0,0.008
"Kürbis gebacken, in Paprikasauce von Bechamelsauce",74,1.63,4.1,6.26,0.408
"Eier gekocht, mit Remouladensauce, gestreckt mit saurer Sahne",196,9.7,16.8,1.2,0.78
Currywurst mit Pommes frites,217,6.58,13.04,17.44,1.6072
"Gnocchi gekocht, gebraten ohne Fett (Pfanne)",200,5.2,0.771,41.62,1.504
"Eier-Frischteigwaren Ravioli (Fleischfüllung) gekocht, gebacken",157,6.75,3.78,23.0,0.5
"Gemüsemischung Erbsen-Karotten, Konserve, abgetropft",49,2.9,0.368,6.64,0.54
"Reisauflauf mit Karotten, Erbsen und Pilzen",152,6.2,5.4,18.2,0.68
Rehbraten mit Wildsauce von dunkler/brauner Grundsauce,196,22.5,10.8,2.1,0.855
Bratwurst mit Kartoffelsalat und Senf,188,5.6,15.2,6.43,1.028
Rehpfeffer,162,13.5,9.7,4.2,1.0
"Kartoffelklöße gebraten mit Eiermilch, mit Butterbröseln und Kompott aus Trockenfrüchten",253,5.47,13.1,26.5,0.505
"Türkische Pizza (Lahmacun) gefüllt mit Grillfleisch (Geflügel), Rohkost und Sauce",186,9.1,8.5,17.0,0.578
"Moussaka (Auflauf mit Kartoffeln, Auberginen, Bechamel- und Hackfleischsauce)",157,6.14,11.0,7.5,0.602
Tomatensauce aus Tomaten Konserve,108,1.206,9.549,3.6,0.508
Vollkorn-Eier-Frischteigwaren mit Bologneser Sauce,166,9.16,9.8,9.0,0.532
Wrap gefüllt mit Salat und gebratenem Hähnchenbrustfilet,153,12.18,4.2,15.9,0.7
"Paprikaschoten mit Hackfleisch-Reisfüllung gedünstet, in Tomatensauce (aus Tomatenmark)",139,5.7,9.1,8.0,0.39
Wildschweinbraten mit Speck und Wildsauce von dunkler/brauner Grundsauce,183,16.3,11.8,2.5,1.0
Knacker mit Kartoffelsalat und Senf,191,8.3,14.3,6.47,1.2
Ragout fin aus Hühnerfleisch,219,15.12,16.8,1.7,0.558
Hasenragout,182,17.0,10.9,3.6,1.0
Rostbratwurst mit Kartoffelsalat und Senf,170,7.6,12.3,6.38,0.97
Brühwurst mit Senf,183,14.33,13.8,0.16,2.0
Wildgulasch mit Steinpilzen und Wildsauce von dunkler/brauner Grundsauce,129,16.0,5.0,3.1,0.578
"Schweinebrust mit Hackfleischfüllung, gebraten im Ofen, mit Sahnesauce von dunkler/brauner Grundsauce",235,17.4,17.4,2.0,0.8
"Burrito gefüllt mit Gemüse, Rinderhackfleisch und Käse",289,11.5,11.0,35.0,1.408
Pilzsauce von dunkler/brauner Grundsauce,75,1.8,4.8,5.3,0.7
"Kartoffelsuppe sauer, mit Blut- und Leberwurst",119,3.5,7.9,8.0,0.8
"Cannelloni al forno, Teigwaren gefüllt mit Bologneser Sauce, mit Käse überbacken",236,11.34,14.1,14.9,0.835
Hühnerfrikassee mit Champignons,172,10.91,13.2,2.23,0.625
Grünkohl-Eintopf mit Kartoffeln und Kochwurst,80,5.13,3.3,6.1,0.8
Frikadelle mit Kartoffelsalat und Senf,198,8.4,14.5,7.77,0.535
"Pudding-Plunder belegt mit Früchten, Klarguss und Sahne",246,4.5,13.4,26.0,0.378
Bockwurst mit Kartoffelsalat und Senf,185,5.4,14.9,6.54,1.0
Wiener Würstchen mit Kartoffelsalat und Senf,197,5.5,16.2,6.47,0.998
Hirschbraten mit Wildsauce von dunkler/brauner Grundsauce,159,19.9,8.0,1.52,0.8
Putenragout mit Tomaten und Champignons,89,15.23,2.3,1.5,0.62
Pirogge mit Hackfleischfüllung und Sauerkraut mit Apfel gedünstet,180,7.2,8.84,16.0,0.77
Brühwurst mit Kartoffelsalat und Senf,165,6.6,12.3,6.2,1.0
Brühwurst mit Brötchen und Senf,214,13.0,10.02,17.13,2.0
"Erbsensuppe mit Gemüsebrühe, Suppengrün, Speck und Wiener Würstchen",103,5.38,6.3,5.0,0.8
Schweineragout mit Gemüse,146,12.7,9.2,2.5,0.522
"Paprikaschoten mit Hackfleischfüllung gebacken, in Tomatensauce (aus frischen Tomaten)",118,5.19,8.2,5.0,0.295
Sandwich mit Krabben-Cocktail,223,7.9,11.5,20.76,1.228
"Erbsensuppe mit Gemüsebrühe, Suppengrün und Speck, gebunden",77,4.15,2.9,7.0,0.5
Eierteigwaren mit Bologneser Sauce,164,8.3,8.0,13.9,0.522
"Rehrücken gebraten im Ofen, mit Wildsauce von dunkler/brauner Grundsauce",184,15.3,12.1,2.8,0.602
Hasenbraten mariniert (Hasenpfeffer) mit Sauce,199,14.1,14.0,3.8,1.05
Rinderherzragout mit Champignons,112,11.5,5.6,3.6,0.625
Kartoffel-Lauchcremesuppe mit Speck,81,2.22,3.9,9.0,0.8
"Lasagne al forno, Teigwaren geschichtet mit Bechamel- und Bologneser Sauce, mit Käse überbacken",197,9.69,13.3,8.9,0.642
"Schweinenieren gebraten, mit Pilzen und Grundsauce dunkel/braun",116,11.7,6.2,2.31,0.828
Sandwich mit Geflügelsalat (Huhn),186,8.5,6.2,22.85,1.22
"Gemüsemischung mexikanische Art, Konserve, abgetropft",47,2.9,0.4,5.7,0.528
"Scampi gegart, in scharfer Tomatensauce (aus Tomaten Konserve)",88,9.35,4.0,2.7,0.542
"Vollkornpizza mit Tomatensauce, Gemüse, Mozzarella und Champignons",181,7.0,9.12,16.0,0.56
"Jägerschnitzel (Schweineschnitzel natur, gebraten, mit Pilzsauce)",118,18.1,3.8,2.5,0.6
"Pizza Margherita (mit Tomatensauce, Mozzarella)",238,7.77,13.55,20.0,0.685
"Aal in Tomatensauce (aus Tomaten Konserve), überbacken",196,7.4,17.1,2.4,0.525
"Pizza quattro stagioni (mit Tomatensauce, Artischocken, Champignons, Paprika, Kochschinken)",146,5.67,6.11,15.0,0.708
"Vollkornpizza mit Tomatensauce, Mozzarella, Tomaten, Zwiebeln, Oliven",207,7.46,11.2,17.0,0.885
"Weiße Bohnen gekocht, in Tomatensauce (aus Tomaten Konserve)",83,4.4,2.1,9.0,0.108
"Auberginenscheiben gebraten, mit Tomatensauce (aus Tomaten Konserve) und Käse überbacken",154,4.4,12.2,5.5,0.78
"Pizza marinara (mit Tomatensauce, Mozzarella, Meeresfrüchten)",212,9.01,12.4,15.0,0.782
"Pizza siciliana (mit Tomatensauce, Mozzarella, Anchovis, Oliven)",233,8.4,14.1,17.0,1.868
"Pizza Napoli (mit Tomatensauce, Mozzarella, Sardellenfilets, Oliven, Kapern)",224,7.84,13.4,17.0,1.708
"Pizza Spezial (mit Tomatensauce, Mozzarella, Schinken, Salami)",247,12.98,14.48,15.0,1.21
"Pizza al funghi (mit Tomatensauce, Champignons, Mozzarella)",202,7.29,11.24,17.0,0.59
"Pizza Prosciutto (mit Tomatensauce, Kochschinken, Mozzarella)",224,11.36,12.17,16.0,1.005
"Pizza Salame (mit Tomatensauce, Mozzarella, Salami, Oliven, Peperoni)",251,9.6,16.0,16.0,1.018
"Pizza Hawaii (mit Tomatensauce, Mozzarella, Ananas, Schinken)",207,9.89,10.52,17.0,0.87
"Pizza tonno (mit Tomatensauce, Mozzarella, Thunfisch, Sardellen, Oliven, Zwiebeln)",228,11.16,13.3,15.0,1.528
