gender,weight,height,age,activity,goal,target_weight,days,calories,protein,carbs,fat
male,68,152,44,moderate,build_muscle,81,64,2507,130,359,60
female,71,178,46,moderate,gain_weight,87,41,2589,153,344,66
male,83,188,44,moderate,gain_weight,90,104,3197,166,451,80
male,85,187,21,moderate,gain_weight,97,72,3362,164,429,109
male,71,181,43,low,gain_weight,85,91,2221,137,304,50
male,92,163,27,high,build_muscle,109,109,3373,168,449,100
female,66,178,20,moderate,build_muscle,85,33,2660,136,368,71
male,81,174,49,low,gain_weight,86,170,2307,150,266,70
female,65,190,32,low,gain_weight,84,145,2196,129,262,69
female,92,189,36,high,gain_weight,111,40,3352,191,427,97
male,63,180,38,high,gain_weight,77,49,2977,133,408,89
male,77,158,35,low,lose_weight,70,164,1488,142,134,41
female,64,171,25,moderate,gain_weight,74,38,2611,103,353,87
female,70,184,30,high,build_muscle,89,129,2963,151,411,79
male,73,183,43,low,gain_weight,88,164,2283,118,336,51
male,92,157,45,moderate,gain_weight,99,126,2911,150,381,87
female,58,155,48,high,lose_weight,37,172,1340,123,144,29
male,84,165,45,low,lose_weight,75,175,1510,152,115,48
female,50,165,18,high,gain_weight,65,164,2594,90,391,74
male,74,166,18,high,lose_weight,60,65,2126,150,257,54
male,66,177,41,moderate,build_muscle,83,90,2605,122,347,80
male,97,186,41,moderate,lose_weight,68,92,2211,197,210,64
male,74,174,19,low,gain_weight,76,83,2345,141,288,69
female,52,167,41,low,build_muscle,67,57,1704,113,220,40
male,62,170,23,moderate,build_muscle,67,163,2878,131,439,65
male,50,167,42,moderate,gain_weight,63,31,2389,104,363,57
male,79,182,34,moderate,gain_weight,97,70,3123,167,405,92
female,64,165,22,moderate,gain_weight,72,105,2482,117,371,58
female,99,172,45,moderate,build_muscle,110,173,2800,209,291,88
female,96,176,39,moderate,build_muscle,105,71,2836,190,368,66
male,69,153,38,high,build_muscle,73,156,2801,142,414,63
female,77,175,18,high,gain_weight,93,119,3137,145,475,72
female,71,181,48,low,gain_weight,81,138,2165,127,280,59
male,77,158,25,moderate,gain_weight,99,118,3025,147,444,72
male,76,171,23,low,gain_weight,87,152,2404,124,342,59
female,65,184,29,high,gain_weight,76,45,2904,122,451,67
female,84,167,24,high,build_muscle,97,109,3122,180,377,98
male,62,153,48,high,build_muscle,73,84,2629,122,393,62
female,90,174,23,moderate,build_muscle,101,124,2995,158,393,87
female,65,151,40,low,lose_weight,53,141,885,142,15,28
female,68,183,34,moderate,build_muscle,86,48,2713,148,337,85
male,57,178,37,low,lose_weight,41,154,1144,108,102,33
female,87,173,33,high,build_muscle,101,53,3195,147,416,104
male,87,180,33,low,lose_weight,54,63,1442,148,129,36
male,61,155,47,high,lose_weight,55,141,2094,122,289,49
female,67,163,33,low,build_muscle,73,60,1858,120,222,54
male,92,187,22,moderate,lose_weight,85,156,2755,159,334,86
female,53,189,32,moderate,build_muscle,62,118,2609,116,340,86
male,72,161,38,low,build_muscle,92,171,2140,153,270,49
male,84,164,42,high,gain_weight,101,62,3046,159,394,92
male,61,154,23,high,build_muscle,73,147,2865,132,422,71
female,69,177,22,moderate,gain_weight,87,108,2651,140,368,68
female,73,177,33,moderate,gain_weight,87,162,2559,124,367,65
female,71,153,25,moderate,build_muscle,78,69,2325,155,273,67
female,51,179,39,high,lose_weight,44,62,1415,98,150,46
male,59,172,49,moderate,lose_weight,39,85,1553,95,185,47
male,78,162,29,low,build_muscle,89,92,2260,162,263,62
male,95,173,21,high,build_muscle,121,154,3712,153,547,100
female,55,167,37,low,lose_weight,42,33,802,92,57,22
male,65,179,27,moderate,gain_weight,70,46,2794,111,442,64
female,82,169,37,low,build_muscle,94,158,2163,152,250,61
female,76,185,23,high,gain_weight,91,124,3133,138,487,70
female,67,151,32,high,build_muscle,83,93,2484,133,352,59
female,58,153,39,moderate,gain_weight,62,171,2082,103,265,67
female,66,155,42,low,lose_weight,59,36,854,115,41,25
male,78,183,46,high,build_muscle,86,123,3226,149,494,72
male,96,158,22,low,lose_weight,82,79,1446,164,115,36
female,83,177,46,moderate,build_muscle,94,79,2760,153,358,79
male,83,189,41,low,build_muscle,88,56,2523,175,285,75
male,66,180,36,high,build_muscle,79,35,3019,140,391,99
female,60,177,25,moderate,gain_weight,64,71,2520,112,368,66
female,61,152,46,low,lose_weight,51,149,953,133,49,24
male,89,166,41,moderate,lose_weight,82,64,2016,179,178,65
male,82,164,50,high,build_muscle,97,147,3060,177,387,88
female,58,157,41,high,build_muscle,72,101,2337,123,302,70
female,66,171,22,low,gain_weight,80,104,1998,140,223,60
male,54,182,48,moderate,gain_weight,58,33,2491,86,409,56
female,99,169,42,low,lose_weight,81,34,1396,206,52,40
male,69,175,49,low,gain_weight,88,140,2274,150,281,60
female,79,166,43,moderate,gain_weight,81,49,2566,144,338,70
male,90,158,34,moderate,lose_weight,74,65,2032,178,206,55
male,90,188,26,moderate,gain_weight,98,81,3427,167,448,107
female,93,185,27,low,build_muscle,116,40,2452,172,312,56
male,89,155,22,moderate,lose_weight,77,158,2114,154,253,53
female,77,168,45,low,lose_weight,54,134,925,124,58,21
male,86,183,41,high,gain_weight,105,159,3589,158,540,88
male,54,174,34,high,gain_weight,68,127,2847,95,426,84
male,75,162,33,low,build_muscle,92,66,2286,162,244,72
female,55,164,37,low,lose_weight,49,126,1108,89,113,33
male,96,181,38,low,lose_weight,84,148,1713,159,171,43
male,72,183,28,low,gain_weight,84,103,2464,125,339,66
male,79,172,29,high,gain_weight,84,171,3370,127,494,98
female,84,168,41,low,lose_weight,63,45,1079,175,29,28
female,55,153,33,moderate,lose_weight,35,132,1212,105,123,33
female,97,163,35,moderate,lose_weight,72,87,1958,209,136,63
female,77,183,36,moderate,build_muscle,85,54,2714,149,341,83
female,79,160,28,low,gain_weight,89,129,2218,170,227,69
female,92,190,21,high,lose_weight,58,171,2457,175,303,59
female,65,153,38,high,build_muscle,69,64,2470,111,323,81
male,66,183,18,low,build_muscle,76,70,2445,108,329,77
male,84,183,34,low,lose_weight,58,80,1453,165,99,43
male,57,172,48,low,lose_weight,47,52,914,110,70,21
male,89,187,29,high,build_muscle,109,144,3606,170,470,116
male,62,154,42,moderate,build_muscle,72,49,2530,129,357,64
male,100,152,50,low,lose_weight,67,129,1300,192,59,32
male,80,176,19,high,build_muscle,92,116,3460,130,552,81
female,83,168,47,moderate,lose_weight,69,180,1769,159,158,55
male,72,171,36,high,gain_weight,86,95,3121,136,470,76
female,96,165,31,low,gain_weight,121,137,2418,194,237,76
male,78,165,49,moderate,gain_weight,87,85,2804,134,362,90
female,87,185,20,low,gain_weight,107,53,2300,184,262,56
male,84,154,34,low,build_muscle,96,54,2254,172,239,67
male,72,185,35,moderate,build_muscle,78,72,2873,121,436,71
male,61,182,36,high,gain_weight,69,172,3067,132,480,68
male,98,151,30,high,lose_weight,61,149,2426,187,262,69
female,98,161,25,low,build_muscle,117,105,2315,187,220,76
male,77,189,24,high,build_muscle,99,38,3500,149,532,85
female,64,183,46,low,build_muscle,81,117,1869,139,194,59
female,99,171,45,moderate,lose_weight,67,38,1970,216,145,58
female,54,173,26,moderate,gain_weight,59,87,2322,115,345,53
female,91,170,46,high,lose_weight,86,39,1981,194,156,63
female,74,190,20,moderate,gain_weight,93,134,2908,131,402,85
male,60,151,41,high,gain_weight,73,156,2665,127,402,60
male,95,178,37,low,build_muscle,110,107,2513,187,256,81
female,68,173,50,moderate,gain_weight,78,178,2347,131,299,69
female,61,153,44,moderate,gain_weight,74,81,2091,127,254,62
male,75,154,23,high,lose_weight,46,156,2121,162,247,53
male,70,169,24,high,build_muscle,84,150,3258,138,458,96
male,67,161,43,low,build_muscle,79,173,1951,142,212,59
female,51,158,46,high,lose_weight,38,108,1252,107,119,38
male,91,163,50,high,lose_weight,76,136,2275,165,233,75
male,83,185,44,moderate,gain_weight,91,91,3128,158,404,97
female,71,166,32,moderate,lose_weight,58,150,1621,155,140,48
female,98,155,30,high,lose_weight,80,134,2163,193,221,55
female,65,153,30,moderate,build_muscle,81,77,2355,128,284,77
female,83,161,33,high,gain_weight,102,168,2839,173,333,90
female,92,187,42,high,gain_weight,115,127,3222,175,438,85
female,82,173,19,moderate,gain_weight,105,147,2825,177,342,82
male,89,152,35,low,build_muscle,98,134,2170,180,204,70
male,62,173,49,low,gain_weight,72,149,2149,135,293,48
male,69,172,20,low,build_muscle,89,152,2355,116,330,62
male,63,158,41,moderate,lose_weight,57,54,1523,104,169,47
female,70,189,47,moderate,build_muscle,79,33,2744,149,337,88
female,83,184,34,high,build_muscle,93,53,3285,148,451,98
male,77,179,45,high,lose_weight,70,104,2311,166,286,55
male,74,188,38,high,gain_weight,78,108,3323,139,479,94
male,89,185,25,low,lose_weight,54,34,1542,155,132,43
female,79,174,47,moderate,gain_weight,83,112,2606,172,290,83
female,53,154,39,low,lose_weight,41,85,681,97,35,16
male,95,164,49,high,gain_weight,103,36,3236,156,433,97
female,77,151,38,low,build_muscle,95,58,1906,130,209,60
male,56,162,29,high,build_muscle,63,172,2763,108,429,68
male,51,190,47,moderate,lose_weight,37,66,1641,96,192,54
female,73,157,48,moderate,gain_weight,82,57,2387,145,326,55
male,83,173,50,high,lose_weight,53,177,2122,147,228,68
male,89,161,36,low,build_muscle,107,111,2403,192,280,56
female,82,159,44,high,gain_weight,95,133,2789,167,337,85
female,67,190,46,low,gain_weight,73,34,2012,112,282,47
female,66,152,36,high,gain_weight,74,132,2385,107,341,65
male,89,160,21,moderate,gain_weight,106,130,3071,173,439,69
female,98,157,47,moderate,gain_weight,114,41,2762,180,333,78
female,95,179,41,moderate,build_muscle,122,160,2985,160,425,71
female,79,186,24,moderate,gain_weight,87,48,2940,140,409,82
female,89,161,18,moderate,build_muscle,115,51,2999,178,379,85
female,76,183,41,moderate,gain_weight,85,157,2605,141,338,76
female,74,187,40,moderate,build_muscle,85,77,2616,159,317,78
female,53,175,28,low,gain_weight,61,117,1964,92,288,49
male,70,163,46,low,lose_weight,42,125,1160,139,90,26
female,62,159,42,high,lose_weight,57,140,1813,134,183,60
female,87,177,47,low,build_muscle,98,100,2257,150,297,51
male,77,152,33,moderate,gain_weight,95,144,2697,157,351,73
female,74,159,50,moderate,build_muscle,90,50,2501,159,300,73
female,63,166,42,high,gain_weight,71,56,2655,130,349,81
female,56,158,35,low,gain_weight,62,169,1706,123,189,50
male,55,178,49,moderate,lose_weight,33,138,1512,107,180,40
female,84,155,31,high,lose_weight,59,64,1891,166,204,45
male,80,178,20,high,build_muscle,87,75,3489,154,508,92
female,90,156,43,low,lose_weight,74,97,1033,186,0,32
female,100,182,42,high,lose_weight,76,176,2276,180,246,63
male,95,182,24,low,gain_weight,98,113,2699,177,338,70
female,71,189,29,high,lose_weight,63,66,2085,148,216,69
male,52,165,46,high,gain_weight,67,71,2644,99,394,74
female,80,167,46,moderate,lose_weight,75,120,1832,157,166,59
male,77,165,41,moderate,lose_weight,57,56,1710,128,171,56
female,90,160,26,moderate,gain_weight,113,47,2910,165,406,69
male,76,163,27,low,build_muscle,89,73,2216,130,293,57
male,52,187,35,high,build_muscle,55,158,3066,92,515,70
male,72,160,37,low,gain_weight,74,55,2165,148,284,48
female,54,158,34,high,gain_weight,57,156,2470,100,335,80
male,88,184,47,high,gain_weight,102,56,3409,150,528,77
male,65,161,38,high,lose_weight,47,89,1935,117,234,58
male,94,177,45,high,gain_weight,100,123,3497,180,511,80
female,62,189,33,high,lose_weight,43,62,1777,122,192,57
male,61,153,29,low,build_muscle,69,170,2108,119,259,66
female,83,167,33,low,build_muscle,100,63,2188,147,252,65
female,85,179,39,high,gain_weight,87,138,3103,175,382,97
male,80,154,18,low,build_muscle,101,107,2371,164,264,72
female,87,183,43,moderate,build_muscle,105,163,2831,157,375,77
male,89,190,27,moderate,lose_weight,82,172,2762,173,379,61
female,58,161,49,low,build_muscle,75,91,1903,92,249,59
male,56,151,22,low,build_muscle,62,83,2023,96,274,59
female,86,181,40,high,gain_weight,95,149,3085,179,435,69
male,86,178,30,moderate,build_muscle,108,92,3268,185,411,97
female,100,155,23,high,gain_weight,111,95,3318,201,421,92
female,97,159,24,moderate,build_muscle,110,170,3032,199,390,74
female,69,174,20,high,lose_weight,63,173,2408,143,326,58
male,89,170,26,low,lose_weight,73,170,1484,190,104,33
male,60,160,28,low,build_muscle,71,46,2007,110,251,62
female,63,170,23,low,gain_weight,66,109,2004,132,256,49
male,72,189,31,moderate,gain_weight,79,138,3131,136,468,78
male,78,155,28,low,lose_weight,58,58,1155,152,75,26
female,69,158,35,moderate,gain_weight,74,71,2327,144,302,60
male,53,181,37,moderate,gain_weight,63,172,2658,114,406,63
male,63,150,36,low,lose_weight,41,137,956,128,50,26
female,52,169,33,low,build_muscle,54,101,1938,109,276,43
female,60,180,28,low,lose_weight,42,99,1058,120,64,35
female,89,152,46,high,gain_weight,114,45,2945,190,350,86
female,64,182,25,low,lose_weight,39,153,1061,108,87,30
female,52,187,40,low,lose_weight,43,94,929,85,79,30
female,93,155,35,high,lose_weight,60,88,2072,151,253,50
female,88,163,39,low,lose_weight,82,170,1547,181,95,48
female,51,170,25,low,build_muscle,61,90,1833,103,222,59
male,56,183,50,high,gain_weight,71,97,2877,120,402,87
male,64,180,48,high,build_muscle,81,41,2962,124,422,86
male,51,151,31,moderate,build_muscle,53,79,2237,89,356,50
female,82,168,41,moderate,gain_weight,98,138,2533,138,309,82
male,58,185,33,low,lose_weight,34,67,1133,95,123,28
male,65,184,32,high,gain_weight,67,77,3170,113,491,83
male,69,168,48,moderate,lose_weight,42,165,1637,145,165,43
female,53,160,32,high,lose_weight,45,46,1377,92,154,43
male,78,166,27,low,gain_weight,89,121,2248,148,255,70
male,54,153,39,low,build_muscle,57,112,1937,114,241,56
female,58,158,39,high,lose_weight,41,93,1443,97,172,40
male,91,186,39,moderate,lose_weight,56,89,2151,194,221,54
female,83,151,27,low,gain_weight,90,76,2035,150,218,61
female,74,154,36,low,gain_weight,83,175,1938,139,238,47
male,56,188,45,low,gain_weight,67,128,2012,120,243,61
male,81,156,19,moderate,lose_weight,75,37,1829,155,200,45
male,74,189,39,moderate,lose_weight,49,168,2069,153,219,63
female,81,188,33,low,lose_weight,56,80,1224,164,50,40
male,52,175,30,moderate,gain_weight,59,69,2515,95,391,63
male,65,173,25,moderate,build_muscle,67,155,2699,139,344,85
male,73,186,26,moderate,gain_weight,90,165,2978,143,424,78
male,79,153,47,low,build_muscle,92,42,2000,152,246,44
male,75,186,33,low,lose_weight,54,54,1355,132,122,37
female,60,150,48,low,build_muscle,74,79,1685,116,217,38
male,61,153,41,moderate,lose_weight,56,91,1645,123,202,37
male,90,180,48,low,gain_weight,112,174,2418,157,287,70
male,84,172,45,high,gain_weight,97,45,3158,158,446,81
male,96,172,23,moderate,build_muscle,124,147,3227,185,435,82
male,57,160,44,moderate,build_muscle,71,67,2315,125,337,51
female,88,180,27,low,build_muscle,109,107,2229,154,280,54
female,93,150,38,moderate,gain_weight,96,95,2607,181,320,66
male,81,176,32,moderate,build_muscle,98,170,2989,167,368,93
male,59,189,35,high,gain_weight,70,172,2984,102,485,70
male,69,155,22,moderate,lose_weight,54,140,1640,116,211,36
male,59,173,28,low,lose_weight,51,36,1139,108,96,35
female,96,180,20,low,lose_weight,58,94,1468,173,113,35
female,64,179,19,high,gain_weight,81,44,2892,120,442,70
male,78,160,37,moderate,build_muscle,83,32,2798,138,364,87
female,51,175,41,high,build_muscle,56,57,2600,85,434,58
male,85,176,40,moderate,lose_weight,51,99,1924,146,231,45
male,54,165,48,moderate,build_muscle,60,79,2346,114,349,54
male,84,180,24,low,build_muscle,105,44,2652,150,364,65
female,60,164,27,moderate,gain_weight,70,145,2295,124,291,69
male,50,155,38,high,lose_weight,31,95,1414,96,152,46
female,97,171,35,moderate,gain_weight,102,159,2978,207,373,72
female,52,150,27,moderate,lose_weight,34,88,1002,102,80,30
female,55,150,35,low,gain_weight,63,146,1793,91,249,47
male,75,158,30,low,build_muscle,90,43,2122,164,214,67
female,94,155,41,low,build_muscle,112,113,2169,199,210,58
male,91,162,50,low,lose_weight,75,72,1354,184,74,35
female,66,174,18,moderate,lose_weight,58,156,1854,119,209,59
male,58,182,48,moderate,build_muscle,64,35,2487,110,355,69
female,50,181,21,moderate,build_muscle,62,45,2404,83,338,79
female,74,150,24,high,lose_weight,57,33,1656,140,189,37
female,86,183,41,low,build_muscle,96,51,2373,187,249,69
female,71,178,37,low,lose_weight,51,162,1140,124,83,34
female,68,182,41,moderate,lose_weight,44,95,1572,141,137,50
male,63,164,50,high,gain_weight,71,52,2754,114,377,87
female,52,176,29,moderate,build_muscle,64,105,2466,106,366,63
male,54,165,23,moderate,build_muscle,60,91,2554,91,400,65
female,50,158,40,high,lose_weight,33,42,1182,80,143,31
female,86,167,38,moderate,lose_weight,66,115,1664,184,117,50
male,92,171,32,low,gain_weight,110,53,2535,181,283,75
female,68,166,41,low,gain_weight,88,84,2013,141,211,66
female,51,186,38,high,gain_weight,61,128,2641,108,386,73
female,80,182,47,moderate,build_muscle,98,149,2743,129,368,83
female,97,164,32,high,build_muscle,106,71,3347,165,453,96
female,89,182,35,high,build_muscle,92,168,3213,159,443,89
female,56,178,30,high,lose_weight,40,164,1553,103,194,39
female,81,189,23,moderate,lose_weight,71,120,1922,140,209,58
male,55,177,27,moderate,gain_weight,59,101,2600,98,383,74
female,63,166,29,moderate,gain_weight,73,123,2354,107,335,64
female,72,181,29,high,build_muscle,76,83,3067,117,473,77
male,57,181,24,low,build_muscle,69,174,2349,103,309,77
male,51,169,37,low,build_muscle,57,53,2071,104,275,61
female,73,169,45,moderate,gain_weight,80,67,2595,119,384,64
female,73,159,49,high,build_muscle,87,96,2551,123,366,65
male,77,164,23,moderate,build_muscle,97,122,2924,142,379,93
female,81,162,33,high,lose_weight,58,61,1819,170,161,54
female,60,181,24,low,build_muscle,70,115,2004,123,240,60
female,67,157,22,high,lose_weight,56,168,1866,131,229,47
female,70,158,25,high,build_muscle,77,145,2581,115,394,60
male,66,152,25,low,lose_weight,39,36,1048,114,89,25
male,55,178,19,low,build_muscle,57,60,2290,90,325,69
female,89,162,44,low,build_muscle,97,165,2267,151,266,66
female,55,153,37,moderate,build_muscle,66,145,2041,94,291,55
female,77,157,45,moderate,gain_weight,97,102,2444,139,329,63
male,77,165,34,high,gain_weight,84,174,3080,150,452,74
female,67,159,28,moderate,gain_weight,80,147,2360,136,326,56
female,80,181,37,low,build_muscle,103,180,2248,157,266,61
female,81,170,27,moderate,build_muscle,94,163,2795,145,355,87
female,54,158,22,high,gain_weight,63,51,2501,95,347,81
female,79,177,47,low,lose_weight,48,83,1140,137,77,31
female,51,165,35,moderate,gain_weight,63,124,2129,97,288,65
male,54,165,31,low,gain_weight,65,82,2015,96,281,55
male,88,169,28,moderate,lose_weight,60,123,2025,187,203,51
female,67,178,23,moderate,build_muscle,70,126,2742,139,402,63
female,58,167,23,high,gain_weight,61,116,2689,98,402,75
female,50,178,49,moderate,build_muscle,61,113,2127,97,322,49
male,87,186,28,low,lose_weight,80,158,1958,168,209,49
male,67,174,36,high,build_muscle,83,103,3108,133,486,69
female,95,183,22,low,lose_weight,79,96,1426,203,61,40
female,68,189,19,low,gain_weight,77,50,2241,142,290,56
male,91,159,36,moderate,lose_weight,55,116,2062,184,213,52
male,92,159,19,low,build_muscle,95,93,2427,193,275,61
female,83,152,37,high,gain_weight,90,127,2760,164,377,66
female,51,168,41,high,gain_weight,53,45,2423,90,339,78
female,56,176,48,high,lose_weight,43,65,1458,95,160,48
male,69,162,24,moderate,build_muscle,84,42,2662,151,358,69
female,61,158,18,moderate,build_muscle,68,134,2326,113,297,75
male,96,169,20,moderate,gain_weight,114,127,3276,165,464,83
male,75,158,42,high,build_muscle,80,112,2814,145,352,91
male,92,178,45,moderate,build_muscle,101,144,3138,194,399,84
male,53,153,47,high,lose_weight,39,45,1434,90,183,37
female,57,161,20,high,gain_weight,68,76,2527,124,342,73
female,77,163,28,moderate,gain_weight,85,131,2707,142,382,67
female,69,167,35,low,lose_weight,60,60,886,141,23,24
male,77,159,36,high,build_muscle,86,85,3124,144,453,81
female,54,182,50,high,lose_weight,36,59,1485,92,184,42
male,61,190,34,low,build_muscle,76,154,2393,107,330,71
male,73,182,29,low,build_muscle,94,56,2481,139,316,72
female,77,150,33,moderate,gain_weight,98,101,2321,148,268,72
male,55,171,44,low,gain_weight,62,56,2044,100,292,52
female,61,181,26,high,lose_weight,40,163,1876,116,225,56
female,52,180,18,high,lose_weight,38,36,1628,103,184,52
male,84,165,37,low,gain_weight,89,136,2347,161,262,72
female,53,172,47,low,build_muscle,65,59,1685,99,232,39
male,61,152,35,high,build_muscle,73,176,2784,120,404,76
male,61,179,26,moderate,build_muscle,72,127,2804,114,439,65
female,96,183,50,high,gain_weight,114,140,3280,162,430,101
male,82,161,40,low,lose_weight,55,93,1186,165,60,31
male,58,164,50,low,build_muscle,73,110,1819,95,252,47
female,77,184,41,high,gain_weight,86,43,3021,138,395,98
male,67,190,22,moderate,build_muscle,79,73,2993,115,414,97
male,86,186,30,moderate,lose_weight,68,70,2304,174,264,60
female,67,174,25,moderate,build_muscle,72,74,2691,137,375,71
female,52,162,27,high,gain_weight,62,129,2402,92,376,58
female,66,153,28,high,gain_weight,68,166,2682,130,340,88
female,96,170,39,moderate,build_muscle,122,153,2983,186,402,69
female,99,162,20,low,gain_weight,118,118,2462,190,252,76
male,61,184,36,moderate,gain_weight,75,83,2820,110,420,77
female,51,162,43,low,lose_weight,32,30,683,109,15,20
male,98,172,45,low,build_muscle,113,142,2475,208,273,60
male,91,177,18,moderate,lose_weight,57,143,2393,179,261,70
male,84,154,26,moderate,build_muscle,89,137,3016,181,399,76
female,80,155,28,moderate,lose_weight,52,175,1595,146,158,41
female,76,169,28,high,lose_weight,53,36,2000,164,204,58
male,92,174,28,low,gain_weight,114,137,2542,155,325,69
female,100,154,39,moderate,gain_weight,127,79,2845,166,332,94
female,74,165,48,moderate,lose_weight,68,46,1414,161,102,39
female,64,158,37,moderate,build_muscle,73,157,2203,129,303,52
female,97,153,42,low,build_muscle,113,69,2161,173,257,48
male,64,179,40,high,build_muscle,77,51,3024,112,424,97
female,70,160,47,low,gain_weight,88,131,1884,129,242,43
female,76,159,48,low,lose_weight,50,162,954,160,26,22
female,81,161,28,moderate,gain_weight,90,81,2643,133,355,76
male,70,168,47,high,lose_weight,55,139,1969,145,231,51
male,82,174,32,moderate,gain_weight,90,99,3032,133,435,84
female,84,159,21,low,gain_weight,94,75,2279,149,283,60
female,78,160,27,low,gain_weight,82,173,2193,148,247,67
female,52,182,45,low,build_muscle,63,128,2014,99,292,49
female,59,159,49,low,build_muscle,61,90,1790,112,203,58
female,91,157,42,low,lose_weight,59,128,1082,148,41,35
male,83,186,24,moderate,gain_weight,103,35,3247,177,404,101
female,88,165,41,high,build_muscle,104,74,2989,160,368,96
male,60,161,31,low,gain_weight,77,73,2023,127,226,67
male,58,180,24,low,lose_weight,51,97,1325,121,125,37
female,94,158,35,high,lose_weight,84,74,1977,202,179,50
male,69,176,46,moderate,build_muscle,89,132,2749,129,411,64
female,54,188,25,moderate,build_muscle,70,57,2504,88,367,75
female,98,169,36,high,lose_weight,62,30,2255,196,243,54
female,76,187,49,high,gain_weight,98,48,2970,121,420,89
female,59,154,30,moderate,build_muscle,72,149,2245,96,343,53
male,65,169,37,moderate,gain_weight,79,128,2744,119,371,86
female,98,173,31,moderate,gain_weight,102,109,3077,185,389,86
male,62,177,41,low,lose_weight,47,35,1183,113,99,37
male,53,174,48,high,lose_weight,32,59,1686,100,215,47
male,60,180,30,high,build_muscle,66,166,3105,99,504,76
male,50,164,24,moderate,gain_weight,56,49,2511,95,368,73
female,82,165,41,moderate,build_muscle,95,177,2581,169,333,62
male,93,150,44,moderate,gain_weight,111,154,2938,182,368,81
male,63,177,42,moderate,gain_weight,66,86,2643,109,399,67
male,53,177,29,moderate,build_muscle,67,70,2583,106,384,68
male,79,163,22,low,build_muscle,87,138,2398,150,324,55
female,82,153,39,low,lose_weight,62,170,1005,155,33,27
male,89,179,42,low,gain_weight,113,124,2531,154,320,70
male,54,182,47,high,lose_weight,46,170,2044,89,278,63
male,65,151,28,low,build_muscle,83,138,1937,126,230,56
female,72,159,20,moderate,build_muscle,75,163,2685,131,359,80
female,92,151,37,moderate,gain_weight,94,57,2654,148,334,80
male,74,175,44,moderate,gain_weight,96,123,2753,128,362,87
male,76,159,47,low,lose_weight,56,176,1175,131,84,34
female,98,188,20,high,build_muscle,102,150,3543,193,460,103
male,78,181,37,low,build_muscle,97,57,2460,140,331,63
male,81,169,28,high,gain_weight,101,103,3284,175,478,74
female,65,182,37,low,lose_weight,51,135,990,133,54,26
male,81,186,41,low,gain_weight,85,172,2496,177,313,58
female,61,153,37,moderate,gain_weight,77,54,2263,110,289,73
female,95,166,27,low,lose_weight,78,36,1264,196,25,41
female,83,188,23,low,gain_weight,93,32,2466,169,277,75
male,69,178,35,moderate,gain_weight,74,106,2942,142,372,98
female,95,175,36,low,lose_weight,65,34,1249,205,38,30
female,61,174,46,high,gain_weight,64,59,2474,113,329,77
female,86,171,45,moderate,gain_weight,89,91,2656,149,363,67
female,92,186,45,moderate,build_muscle,118,42,2898,149,424,66
female,91,152,47,low,build_muscle,108,63,2192,169,214,73
male,92,152,46,high,build_muscle,98,137,3200,185,405,92
male,78,170,42,high,build_muscle,99,99,3114,125,482,75
male,94,176,43,low,gain_weight,120,39,2504,180,281,72
female,63,151,29,moderate,gain_weight,66,146,2314,113,348,51
female,50,160,39,moderate,build_muscle,64,105,2154,80,309,66
female,90,158,23,low,gain_weight,92,147,2358,197,262,57
male,56,163,40,low,gain_weight,68,139,2123,110,265,68
male,70,165,35,low,gain_weight,84,95,2330,138,300,63
female,93,179,41,moderate,lose_weight,88,128,2355,200,269,52
male,76,178,25,high,gain_weight,94,85,3403,163,437,111
female,61,154,37,low,gain_weight,78,113,1894,104,241,56
male,54,153,24,low,lose_weight,37,97,884,109,54,25
female,91,169,27,high,build_muscle,115,139,3155,153,460,77
male,90,164,47,low,build_muscle,109,146,2270,179,265,54
male,99,187,45,moderate,gain_weight,104,67,3233,215,388,91
male,64,185,29,low,lose_weight,52,146,1418,128,143,36
female,73,169,25,moderate,lose_weight,67,129,2034,150,249,48
female,99,164,31,moderate,gain_weight,128,52,3044,199,336,100
male,94,161,38,low,lose_weight,56,170,1369,200,57,37
male,69,167,35,moderate,build_muscle,81,31,2806,128,387,82
male,77,165,40,low,gain_weight,91,124,2232,137,282,61
female,93,186,24,high,gain_weight,102,85,3585,182,460,112
female,89,186,24,moderate,build_muscle,100,141,3049,184,406,76
male,99,168,46,low,lose_weight,83,111,1464,171,112,36
female,68,167,39,moderate,lose_weight,59,111,1413,124,125,46
male,64,167,24,high,gain_weight,70,122,3159,124,473,84
male,84,165,18,moderate,gain_weight,105,57,2984,172,360,94
male,63,177,50,high,lose_weight,57,145,2322,111,336,59
female,52,154,38,high,lose_weight,35,88,1217,106,136,27
female,53,184,27,high,gain_weight,63,86,2852,111,411,84
female,56,158,39,moderate,gain_weight,58,47,2110,114,273,62
female,85,179,44,high,build_muscle,96,63,3168,176,428,82
female,87,153,39,high,lose_weight,61,159,1934,171,180,58
female,50,166,22,low,lose_weight,31,30,767,97,48,20
female,56,164,30,moderate,build_muscle,68,132,2263,111,332,54
female,68,173,25,high,build_muscle,72,51,2893,144,375,90
male,69,175,49,low,lose_weight,45,160,1085,111,104,24
female,75,170,28,high,build_muscle,82,63,2979,131,463,66
female,61,154,50,moderate,gain_weight,63,50,2062,119,285,49
male,59,174,19,high,gain_weight,65,34,3124,99,524,69
male,84,168,41,low,lose_weight,73,85,1422,154,101,44
female,54,151,35,low,build_muscle,63,136,1562,93,181,51
female,77,166,42,moderate,gain_weight,85,48,2634,159,321,78
male,67,163,40,low,build_muscle,70,168,2189,139,265,63
female,81,169,36,moderate,lose_weight,76,156,2186,177,223,64
female,73,184,21,moderate,build_muscle,87,124,2790,134,356,91
male,51,153,47,moderate,gain_weight,54,89,2183,92,305,65
male,94,170,40,high,lose_weight,69,80,2358,189,235,73
male,73,150,39,low,gain_weight,75,98,2059,139,266,48
female,80,162,27,high,lose_weight,51,97,1909,142,194,62
female,72,162,35,high,gain_weight,88,62,2635,137,323,87
female,52,162,46,moderate,lose_weight,47,117,1501,110,155,48
female,52,164,46,high,lose_weight,39,60,1374,111,135,42
male,70,173,47,high,build_muscle,72,55,3091,146,456,75
female,56,161,43,high,lose_weight,33,149,1438,116,155,38
male,86,182,27,moderate,gain_weight,105,166,3268,173,444,88
female,66,168,45,moderate,gain_weight,77,159,2310,125,331,53
female,64,172,27,low,build_muscle,81,88,1946,137,249,44
female,61,169,34,high,build_muscle,78,85,2692,102,428,63
female,97,171,26,moderate,build_muscle,112,127,2938,173,353,92
male,92,158,34,low,build_muscle,115,32,2411,187,237,78
male,93,159,46,high,gain_weight,96,137,3333,152,479,89
male,56,162,34,low,gain_weight,67,64,2038,91,279,61
female,53,150,26,low,build_muscle,60,58,1651,96,198,52
male,79,180,25,low,gain_weight,83,30,2505,129,348,66
female,78,172,50,moderate,build_muscle,82,128,2499,142,301,80
male,94,181,31,high,lose_weight,75,128,2645,176,347,61
female,71,172,22,high,lose_weight,42,144,1821,121,223,49
female,56,170,29,low,gain_weight,64,139,1892,106,258,48
female,81,185,39,low,lose_weight,62,107,1245,146,71,41
male,59,182,18,moderate,lose_weight,45,136,1867,122,249,42
male,63,182,21,moderate,build_muscle,67,139,2893,131,379,94
male,78,155,29,moderate,gain_weight,88,32,2894,154,416,67
male,98,188,18,low,build_muscle,121,85,2805,183,375,63
female,96,184,28,high,build_muscle,99,114,3529,179,498,90
female,53,157,43,moderate,lose_weight,41,149,1199,104,131,28
male,95,158,24,moderate,gain_weight,101,140,3249,186,438,83
male,68,176,22,high,gain_weight,83,176,3183,138,432,100
male,72,151,46,low,gain_weight,87,82,1953,148,235,46
female,90,161,21,low,lose_weight,62,65,1351,186,54,43
female,71,160,39,high,lose_weight,56,152,1683,125,199,42
male,93,174,49,high,lose_weight,72,150,2271,157,240,75
male,92,153,25,high,gain_weight,106,143,3289,193,442,83
female,78,181,31,moderate,gain_weight,84,72,2849,132,381,88
male,89,163,23,high,build_muscle,91,149,3276,162,448,92
male,59,178,42,low,lose_weight,35,71,1122,102,101,34
female,71,170,44,low,build_muscle,90,160,1931,140,221,53
female,76,186,25,high,lose_weight,58,64,2048,166,237,47
female,70,186,50,low,build_muscle,89,71,2084,126,272,54
female,76,184,20,high,build_muscle,82,98,3160,163,444,81
female,68,185,37,high,gain_weight,82,171,2912,138,441,65
female,91,150,47,high,gain_weight,117,85,2792,199,300,88
male,93,162,37,moderate,gain_weight,107,37,3167,201,386,90
female,85,171,30,low,build_muscle,87,125,2325,186,239,68
female,91,177,24,high,lose_weight,75,159,2232,180,259,52
male,91,167,19,moderate,lose_weight,63,172,2096,166,237,53
male,64,160,29,moderate,build_muscle,75,39,2621,118,396,62
female,66,182,23,moderate,build_muscle,75,92,2694,131,371,75
male,95,185,33,high,lose_weight,62,129,2558,203,299,60
female,67,167,30,high,lose_weight,52,50,1710,116,190,53
female,98,154,28,high,lose_weight,69,72,2174,188,240,50
female,72,190,47,low,lose_weight,57,177,1119,140,57,36
male,91,173,25,low,build_muscle,104,94,2556,166,323,66
male,98,169,48,low,gain_weight,124,49,2408,202,252,65
male,58,187,32,low,lose_weight,44,160,1223,101,114,39
female,61,187,34,moderate,build_muscle,79,108,2466,108,322,82
female,89,168,21,high,build_muscle,92,50,3149,183,419,81
male,90,152,34,low,gain_weight,108,110,2324,153,256,75
male,87,173,34,low,build_muscle,93,38,2579,188,300,69
male,65,180,18,high,build_muscle,79,86,3300,105,493,100
female,95,159,22,low,gain_weight,104,180,2401,173,269,69
male,58,189,47,high,gain_weight,64,85,2988,110,436,88
female,71,182,33,high,build_muscle,88,173,3070,155,408,90
male,65,158,46,low,gain_weight,72,59,1915,113,230,59
female,72,155,49,moderate,gain_weight,81,145,2198,148,248,67
male,53,161,23,low,build_muscle,67,58,2050,105,272,60
female,59,187,39,moderate,build_muscle,66,42,2583,97,359,83
female,81,166,38,high,lose_weight,49,95,1843,139,186,59
female,62,182,35,low,gain_weight,65,138,1934,128,222,58
male,90,178,39,moderate,build_muscle,111,121,3074,156,398,94
female,98,160,20,low,gain_weight,102,140,2414,167,278,70
female,66,173,22,low,build_muscle,79,150,2025,127,251,56
female,92,179,21,high,lose_weight,64,92,2349,179,237,75
male,56,160,19,moderate,build_muscle,69,48,2527,122,357,67
male,98,184,41,moderate,build_muscle,126,52,3329,191,464,78
male,90,161,18,low,lose_weight,57,77,1533,149,120,50
female,58,177,47,high,gain_weight,63,133,2578,104,387,67
male,76,166,36,high,lose_weight,71,149,2546,159,327,66
male,58,168,44,high,build_muscle,63,140,2740,114,398,76
female,88,177,39,moderate,lose_weight,64,159,1745,166,145,55
male,67,154,36,low,lose_weight,48,61,994,118,63,29
male,93,174,20,high,build_muscle,119,105,3748,188,500,110
male,62,160,32,moderate,gain_weight,76,178,2726,127,400,68
male,92,160,21,moderate,gain_weight,109,131,3077,155,435,79
male,52,184,42,high,build_muscle,61,134,2860,103,398,94
female,55,156,36,high,build_muscle,67,60,2390,119,350,57
male,62,151,22,high,gain_weight,69,138,2957,122,423,86
male,88,152,30,low,build_muscle,107,35,2397,156,275,74
male,90,170,35,low,gain_weight,98,164,2592,150,354,63
male,96,159,25,low,build_muscle,115,141,2664,188,294,81
female,64,163,44,moderate,build_muscle,67,109,2402,139,318,63
female,76,166,49,low,lose_weight,65,145,1101,126,74,33
female,97,178,46,moderate,lose_weight,87,103,1968,203,170,52
female,84,175,28,moderate,lose_weight,66,34,1825,162,158,60
female,72,189,18,moderate,build_muscle,93,108,2860,124,390,88
male,55,186,27,moderate,gain_weight,60,65,2807,88,446,74
female,83,186,41,moderate,build_muscle,105,101,2836,164,349,86
female,82,150,42,high,gain_weight,88,85,2684,172,329,75
female,50,187,45,moderate,build_muscle,58,124,2317,109,333,60
male,55,176,27,moderate,lose_weight,39,113,1743,107,233,41
female,93,183,21,high,lose_weight,72,130,2447,164,276,76
male,50,187,37,low,lose_weight,30,33,1134,96,128,26
male,59,150,26,high,build_muscle,70,142,2862,117,440,70
female,54,180,31,high,gain_weight,67,92,2571,101,391,66
female,53,170,49,high,lose_weight,37,48,1430,95,167,42
male,68,159,45,moderate,gain_weight,73,165,2581,112,399,59
male,88,176,41,low,lose_weight,82,93,1613,144,149,48
male,81,162,47,high,build_muscle,86,155,3003,140,441,75
male,86,161,50,low,build_muscle,110,61,2162,185,195,70
female,74,188,24,high,build_muscle,86,133,3114,127,463,83
male,95,180,33,low,build_muscle,123,75,2675,173,350,64
male,90,161,40,high,build_muscle,116,140,3203,154,452,86
male,74,160,41,high,lose_weight,53,93,1907,129,225,54
female,60,158,38,high,build_muscle,65,120,2447,118,310,81
female,65,169,20,low,build_muscle,75,177,2053,114,251,65
male,76,179,41,moderate,lose_weight,63,98,1850,163,206,41
female,65,160,27,high,gain_weight,78,50,2682,106,365,88
female,82,185,44,low,lose_weight,51,35,1275,131,101,38
female,91,175,39,high,build_muscle,118,158,3240,196,412,89
female,95,150,27,moderate,lose_weight,78,109,1835,175,165,52
male,85,190,32,high,gain_weight,100,57,3578,180,475,105
male,62,180,46,high,build_muscle,66,141,2966,101,483,69
female,60,188,21,low,lose_weight,40,112,1200,99,140,26
female,93,152,43,high,gain_weight,95,39,2937,186,367,80
female,91,176,28,moderate,lose_weight,70,167,2027,148,229,57
male,90,180,18,high,lose_weight,69,63,2690,186,333,68
male,79,184,50,low,lose_weight,57,73,1265,127,120,30
male,69,163,41,high,lose_weight,55,61,1841,145,203,49
male,72,154,37,moderate,gain_weight,86,180,2610,145,367,62
female,87,180,29,low,gain_weight,112,74,2455,176,284,68
male,90,190,34,high,gain_weight,112,64,3660,163,529,98
male,57,168,44,moderate,build_muscle,65,155,2596,102,414,58
female,58,152,28,high,gain_weight,60,47,2443,93,383,59
male,65,163,31,low,lose_weight,54,109,1082,117,89,28
male,93,163,29,moderate,lose_weight,69,82,2045,149,246,51
female,92,177,21,moderate,gain_weight,102,128,3000,187,374,83
male,96,159,19,high,lose_weight,61,139,2421,163,263,79
male,69,152,21,high,gain_weight,89,58,2970,132,459,66
male,75,183,38,low,lose_weight,58,82,1392,161,102,37
male,66,155,18,low,lose_weight,53,62,1190,113,101,36
male,87,175,39,moderate,gain_weight,100,61,2957,179,350,93
female,93,174,43,low,gain_weight,115,46,2330,197,226,70
male,82,166,43,high,lose_weight,66,116,2181,156,266,54
male,58,152,21,high,lose_weight,52,58,1805,126,193,58
male,59,158,46,moderate,gain_weight,76,149,2353,128,291,74
male,65,170,44,low,gain_weight,80,146,2166,108,282,66
female,66,173,39,moderate,build_muscle,70,142,2487,137,322,71
male,100,188,47,low,lose_weight,88,47,1723,173,159,43
female,97,161,23,low,build_muscle,109,94,2452,197,269,64
female,61,177,43,high,build_muscle,64,62,2730,123,396,72
male,85,163,23,high,gain_weight,105,156,3435,153,463,107
male,53,180,36,low,gain_weight,68,88,2003,106,248,64
male,83,151,37,high,gain_weight,85,178,3063,166,403,87
female,52,160,34,high,build_muscle,56,73,2307,98,359,52
female,100,177,42,moderate,lose_weight,74,133,1912,201,142,59
female,98,171,27,high,lose_weight,74,163,2235,169,236,67
female,55,167,38,moderate,lose_weight,42,167,1290,119,113,39
male,59,181,18,moderate,build_muscle,67,159,2729,109,379,85
female,64,183,31,low,gain_weight,77,119,2042,121,236,67
male,61,178,37,high,build_muscle,74,98,3133,118,484,80
female,54,186,32,high,build_muscle,66,63,2546,104,396,60
female,91,164,33,high,gain_weight,109,160,3274,195,439,81
male,95,172,36,high,lose_weight,66,174,2539,190,313,58
male,64,156,18,moderate,gain_weight,67,67,2700,114,407,68
male,66,151,48,high,lose_weight,48,138,1728,121,204,47
male,52,172,40,moderate,build_muscle,61,148,2433,84,346,78
female,98,159,32,low,lose_weight,61,179,1319,193,49,38
female,77,157,43,moderate,lose_weight,54,77,1334,128,114,40
female,98,166,27,moderate,lose_weight,67,108,1973,194,179,53
female,83,172,29,high,lose_weight,66,35,2006,160,237,46
male,85,189,31,high,lose_weight,58,69,2458,164,313,60
male,96,150,18,high,gain_weight,118,175,3537,190,466,101
female,83,175,39,moderate,build_muscle,88,170,2689,135,389,65
female,79,190,34,high,gain_weight,87,141,3274,139,476,90
female,68,183,34,low,build_muscle,72,127,2120,148,226,68
female,89,170,45,moderate,gain_weight,100,174,2780,179,362,67
male,88,156,20,high,gain_weight,94,164,3270,147,452,96
female,77,190,19,low,lose_weight,60,103,1247,159,86,29
male,62,167,22,low,gain_weight,64,70,2345,114,300,76
female,95,177,19,moderate,build_muscle,112,132,3223,187,423,86
male,84,179,18,low,build_muscle,105,77,2633,137,387,59
female,77,183,32,high,lose_weight,46,97,2135,162,239,58
male,65,184,19,low,lose_weight,39,138,1426,129,125,45
female,93,151,25,low,build_muscle,108,41,2259,188,228,65
female,100,176,50,low,lose_weight,78,115,1419,200,52,45
male,71,154,37,low,lose_weight,52,82,992,137,59,22
male,78,152,38,moderate,lose_weight,56,119,1740,148,199,38
female,99,163,21,moderate,build_muscle,106,111,3004,165,429,69
male,55,190,38,low,lose_weight,35,111,1106,100,107,30
female,77,175,19,moderate,gain_weight,91,73,2768,139,350,89
male,87,168,30,high,build_muscle,96,114,3512,171,455,111
male,96,150,20,moderate,gain_weight,99,76,2981,187,373,81
female,95,162,43,moderate,gain_weight,119,63,2701,183,298,85
female,73,150,23,high,build_muscle,81,115,2667,160,316,84
male,87,167,47,low,gain_weight,104,178,2368,179,246,73
male,56,177,25,low,build_muscle,72,114,2248,110,310,62
female,78,166,21,high,build_muscle,81,179,2985,157,390,88
male,64,186,23,high,gain_weight,70,94,3236,116,502,84
female,72,187,22,low,gain_weight,90,84,2402,135,335,57
male,56,186,47,high,build_muscle,60,130,2842,92,452,73
male,51,183,36,moderate,build_muscle,63,91,2567,92,389,70
male,64,184,37,low,build_muscle,70,94,2382,116,303,77
female,70,154,28,high,build_muscle,89,86,2587,139,329,79
male,90,172,31,high,build_muscle,117,136,3487,173,518,79
male,75,158,28,high,lose_weight,65,74,2028,143,218,64
male,58,190,18,moderate,gain_weight,74,113,3053,94,449,97
female,74,173,33,moderate,lose_weight,52,135,1646,141,180,39
male,78,178,46,low,lose_weight,62,170,1368,124,123,41
female,56,166,29,low,gain_weight,68,38,1915,104,237,60
male,53,177,39,moderate,build_muscle,66,98,2726,103,379,88
female,93,155,26,high,lose_weight,60,79,2146,198,214,54
female,98,152,35,moderate,lose_weight,71,78,1736,177,155,44
female,75,151,26,low,build_muscle,77,164,2101,135,233,69
male,93,162,19,low,build_muscle,117,176,2533,161,306,73
female,59,159,26,moderate,gain_weight,69,42,2362,99,354,60
female,83,174,37,high,build_muscle,101,135,3009,142,457,67
female,91,189,35,moderate,lose_weight,85,123,2248,155,248,70
female,86,167,21,moderate,gain_weight,88,53,2833,182,344,80
male,77,161,19,high,gain_weight,91,138,3183,169,430,87
male,57,158,29,high,lose_weight,39,114,1747,91,231,50
male,77,151,25,high,gain_weight,80,70,3053,159,441,71
female,96,153,43,low,gain_weight,107,91,2150,185,234,52
male,76,173,38,high,gain_weight,95,157,3066,131,473,71
female,82,168,23,high,build_muscle,98,127,3054,141,415,92
female,75,183,38,moderate,gain_weight,91,134,2682,138,344,83
male,82,176,46,high,gain_weight,101,94,3304,166,431,101
female,67,161,36,low,gain_weight,71,136,1927,144,221,51
male,89,190,33,low,lose_weight,53,81,1572,183,104,46
female,92,160,18,low,gain_weight,96,66,2364,184,249,70
female,81,188,30,low,lose_weight,68,45,1371,138,130,32
male,100,187,27,low,gain_weight,105,89,2794,196,309,85
male,65,161,49,low,gain_weight,70,43,2131,108,310,50
male,51,174,20,moderate,build_muscle,57,110,2562,91,379,75
female,52,180,25,moderate,gain_weight,67,35,2481,97,378,64
female,63,158,30,high,build_muscle,75,40,2431,116,365,56
female,94,161,20,high,build_muscle,113,71,3321,170,441,97
female,82,175,18,moderate,build_muscle,85,113,2923,161,395,77
male,50,154,40,low,build_muscle,63,40,1826,87,267,45
female,92,153,48,moderate,gain_weight,117,86,2669,176,352,61
male,67,164,48,high,gain_weight,70,68,2794,116,401,80
male,72,162,19,moderate,build_muscle,76,45,2823,124,421,71
male,78,186,23,high,gain_weight,87,160,3472,165,509,85
female,83,161,21,low,lose_weight,68,109,1207,143,88,30
female,55,178,39,low,build_muscle,58,115,1875,90,239,61
female,84,163,29,low,lose_weight,54,73,1226,154,89,28
male,53,183,18,high,build_muscle,65,135,3126,111,498,76
female,81,186,39,moderate,build_muscle,94,117,2712,166,370,62
female,70,187,37,low,lose_weight,51,127,1042,114,69,33
female,82,162,35,moderate,build_muscle,91,171,2770,172,325,86
male,79,161,43,high,build_muscle,101,64,2995,153,415,79
female,72,179,45,high,build_muscle,86,56,2902,141,402,80
male,61,158,39,moderate,build_muscle,67,73,2518,106,347,77
male,90,166,42,high,lose_weight,64,119,2201,179,213,70
female,51,165,50,high,build_muscle,53,42,2267,102,329,59
female,94,168,40,high,lose_weight,84,113,2028,182,181,63
male,91,164,18,low,lose_weight,71,158,1589,150,133,50
male,71,171,30,low,lose_weight,57,81,1232,126,118,28
female,68,183,29,low,build_muscle,76,178,2262,113,292,70
male,60,167,38,moderate,gain_weight,70,65,2605,123,348,79
female,65,151,21,moderate,lose_weight,42,33,1425,104,154,43
female,65,189,45,high,build_muscle,77,132,2939,122,422,84
male,99,167,24,high,gain_weight,128,140,3714,185,476,118
female,96,164,39,low,gain_weight,109,80,2400,162,304,59
female,88,153,43,high,build_muscle,90,130,2771,147,385,70
female,96,163,46,high,gain_weight,124,71,3128,192,396,85
female,53,175,28,low,build_muscle,68,91,1912,91,278,47
male,54,151,23,low,gain_weight,57,35,2020,109,256,61
male,84,158,19,moderate,gain_weight,107,168,3011,169,391,85
male,58,168,40,high,build_muscle,67,95,2847,96,452,72
female,66,163,34,high,build_muscle,81,76,2534,122,329,80
male,58,157,33,low,lose_weight,43,106,1053,125,80,25
female,82,173,27,low,gain_weight,92,116,2243,179,225,68
male,92,162,30,moderate,lose_weight,68,75,2123,195,208,56
male,73,190,26,moderate,build_muscle,80,31,3124,131,429,98
female,57,189,49,moderate,lose_weight,41,87,1359,112,132,41
male,85,169,45,moderate,gain_weight,90,120,2923,167,380,81
male,51,158,28,high,build_muscle,56,166,2727,101,390,84
male,55,186,43,low,gain_weight,71,112,2146,95,288,67
female,74,175,27,moderate,build_muscle,89,144,2600,127,386,60
male,63,168,44,low,build_muscle,68,143,2146,130,291,51
female,74,165,41,moderate,lose_weight,60,139,1473,148,131,39
female,86,164,24,high,build_muscle,109,44,3058,147,399,97
male,87,176,36,moderate,gain_weight,104,114,3011,156,374,98
female,71,189,32,low,build_muscle,77,144,2204,117,309,54
female,65,167,40,high,lose_weight,58,116,1752,134,180,54
female,66,151,36,low,lose_weight,39,100,833,109,41,25
male,93,180,50,low,lose_weight,81,102,1483,182,102,38
male,87,189,27,moderate,build_muscle,111,130,3181,189,389,96
male,100,153,49,moderate,lose_weight,92,37,2048,212,153,64
male,84,179,50,moderate,lose_weight,53,39,2025,173,210,54
male,74,182,44,low,gain_weight,94,113,2305,140,318,52
female,81,176,37,moderate,build_muscle,88,129,2796,146,361,84
male,75,156,23,low,build_muscle,83,30,2148,147,239,66
female,72,173,40,moderate,build_muscle,87,138,2552,140,359,61
male,75,178,32,high,gain_weight,83,84,3215,151,424,101
male,63,166,36,low,lose_weight,49,146,1067,111,99,24
male,91,154,25,low,build_muscle,106,89,2469,148,300,74
male,72,188,24,moderate,lose_weight,51,109,2127,157,218,69
male,72,155,39,low,build_muscle,82,95,2234,129,277,67
female,82,151,47,moderate,build_muscle,102,129,2404,158,284,70
male,74,170,40,low,gain_weight,82,125,2194,157,253,60
male,52,190,44,low,gain_weight,56,121,2101,103,294,56
male,61,184,36,low,gain_weight,66,37,2168,98,312,58
female,90,156,45,moderate,lose_weight,60,88,1698,188,114,54
male,59,160,43,low,lose_weight,42,32,865,126,38,22
male,68,181,44,low,lose_weight,47,104,1286,126,119,33
male,96,190,44,high,gain_weight,111,115,3723,154,566,93
male,59,172,46,high,build_muscle,65,33,2816,105,440,70
male,84,152,30,high,build_muscle,107,143,3114,144,440,86
female,58,152,42,low,lose_weight,46,156,874,112,55,22
female,54,188,19,moderate,build_muscle,63,95,2591,110,350,83
female,91,165,50,high,lose_weight,70,150,1851,158,191,50
male,52,180,44,low,gain_weight,57,163,2043,97,287,56
female,80,169,37,low,lose_weight,71,149,1293,152,87,36
female,50,169,46,low,lose_weight,43,87,811,80,64,25
female,100,159,21,high,gain_weight,106,84,3228,210,422,77
female,79,156,41,moderate,lose_weight,57,134,1540,173,133,34
male,74,166,18,high,gain_weight,79,47,3351,135,494,92
female,52,174,41,low,lose_weight,43,37,755,103,36,22
female,68,182,45,high,lose_weight,44,46,1764,131,209,44
male,61,181,20,low,build_muscle,74,58,2395,107,366,55
male,55,177,33,moderate,gain_weight,58,91,2710,110,381,82
male,66,155,21,low,lose_weight,42,126,1153,132,82,32
male,83,166,40,low,build_muscle,93,148,2481,167,308,64
female,50,173,30,high,gain_weight,59,132,2415,97,348,70
female,79,177,20,low,build_muscle,98,169,2326,139,270,76
male,96,168,49,low,build_muscle,106,162,2367,172,244,77
female,68,156,27,moderate,build_muscle,77,39,2424,119,344,63
male,76,164,32,high,build_muscle,89,58,3083,151,389,102
male,59,180,21,high,lose_weight,45,35,2173,104,305,59
male,88,173,29,high,build_muscle,112,135,3468,170,436,115
female,99,160,23,low,lose_weight,59,170,1331,210,44,34
male,85,184,37,high,lose_weight,67,71,2489,168,324,57
male,68,161,50,moderate,build_muscle,87,98,2529,148,357,56
female,83,151,25,moderate,lose_weight,54,133,1666,146,174,42
male,83,185,22,low,build_muscle,87,113,2537,155,292,82
female,97,153,20,low,lose_weight,61,125,1206,194,37,30
male,90,160,33,low,lose_weight,79,142,1569,168,119,46
male,68,187,49,low,gain_weight,76,161,2243,120,305,60
female,93,173,42,low,build_muscle,101,153,2315,171,256,66
male,75,190,18,moderate,lose_weight,65,68,2159,145,252,63
female,55,151,23,high,lose_weight,34,148,1448,90,171,44
male,69,190,26,moderate,lose_weight,44,137,1978,136,231,55
male,50,163,45,high,build_muscle,61,35,2490,80,369,77
female,57,162,37,low,build_muscle,69,85,1785,101,225,53
male,51,159,45,low,build_muscle,66,77,1967,111,268,49
female,51,189,49,high,lose_weight,38,119,1555,84,219,37
female,68,179,35,moderate,build_muscle,79,169,2702,117,368,84
male,60,164,30,high,build_muscle,74,109,2984,116,444,82
female,85,168,33,high,build_muscle,104,139,3055,138,417,92
male,97,190,49,low,gain_weight,108,87,2534,182,276,77
female,71,181,42,moderate,gain_weight,91,97,2568,145,311,82
female,78,169,27,moderate,gain_weight,98,62,2639,140,382,61
male,73,162,50,moderate,lose_weight,45,110,1552,159,140,39
female,78,173,20,high,gain_weight,93,103,3024,166,374,95
female,94,164,23,low,build_muscle,115,178,2306,204,203,75
female,65,181,32,low,build_muscle,78,118,2136,128,294,49
male,63,176,27,moderate,build_muscle,69,62,2866,108,406,89
male,60,164,46,moderate,build_muscle,63,92,2567,103,377,71
female,86,168,29,moderate,gain_weight,88,146,2756,175,325,83
female,73,163,38,high,lose_weight,65,46,1756,151,178,48
female,77,151,38,high,gain_weight,87,89,2600,151,325,76
male,54,188,45,moderate,build_muscle,70,86,2624,113,349,85
male,76,173,24,high,gain_weight,90,102,3325,155,475,89
female,97,179,35,high,lose_weight,63,135,2266,171,237,69
female,86,155,46,low,gain_weight,93,176,2067,185,208,54
female,81,176,27,high,gain_weight,85,79,3026,146,426,81
female,85,158,46,high,lose_weight,69,55,1838,155,181,54
male,50,188,26,high,gain_weight,55,77,3033,98,443,96
female,79,152,26,moderate,lose_weight,60,81,1544,146,135,46
female,96,169,22,low,gain_weight,120,53,2466,179,263,77
female,55,151,22,high,gain_weight,71,141,2456,98,374,62
female,71,161,23,moderate,build_muscle,85,101,2576,133,321,83
female,83,189,43,low,build_muscle,102,132,2325,140,310,57
male,50,158,26,low,lose_weight,40,124,1012,105,85,27
male,82,179,21,low,gain_weight,103,82,2496,164,284,77
female,50,165,29,high,build_muscle,59,149,2443,98,335,78
male,89,187,20,moderate,build_muscle,94,81,3421,173,491,84
female,94,162,26,high,lose_weight,66,62,2143,158,241,60
female,90,182,45,low,gain_weight,97,174,2327,172,248,71
female,73,159,48,low,gain_weight,89,141,1980,148,211,60
male,69,150,22,high,lose_weight,59,89,2004,146,228,56
male,71,182,43,low,build_muscle,79,106,2291,141,289,63
female,58,156,21,moderate,gain_weight,72,130,2205,96,316,61
female,100,152,18,moderate,build_muscle,119,32,2860,188,326,89
female,51,158,27,moderate,gain_weight,61,175,2172,94,336,49
female,81,186,32,low,gain_weight,95,148,2258,143,303,52
male,88,164,20,high,lose_weight,56,104,2452,178,294,62
female,56,151,47,low,build_muscle,70,158,1593,103,204,40
female,95,181,31,moderate,lose_weight,82,88,2036,162,198,65
male,84,174,31,moderate,build_muscle,87,69,3093,164,424,82
male,68,186,48,high,build_muscle,85,43,3207,130,472,88
female,70,160,38,high,lose_weight,55,149,1616,140,146,51
male,78,183,37,moderate,lose_weight,70,142,2206,128,282,62
female,93,171,25,moderate,build_muscle,95,89,2918,167,375,82
female,100,166,28,low,gain_weight,127,80,2431,205,265,60
female,69,169,18,moderate,lose_weight,57,65,1565,132,177,36
male,60,151,36,moderate,build_muscle,64,115,2433,116,363,57
male,55,152,43,moderate,build_muscle,60,44,2315,90,331,69
female,75,165,43,low,lose_weight,58,87,1067,145,64,24
male,87,184,45,low,gain_weight,95,43,2469,142,291,81
male,54,164,33,high,build_muscle,62,99,2831,89,470,65
female,78,171,39,high,lose_weight,68,37,1808,163,163,55
female,62,179,44,high,build_muscle,68,152,2702,101,435,61
female,93,161,19,high,lose_weight,74,105,2140,192,182,71
female,98,180,37,low,build_muscle,116,51,2497,172,319,58
female,71,155,48,low,build_muscle,76,96,1943,137,221,56
female,73,190,22,high,gain_weight,75,68,3071,117,423,100
female,95,160,18,low,lose_weight,76,87,1283,191,45,37
female,83,156,43,moderate,lose_weight,66,78,1419,168,108,34
male,99,159,50,moderate,lose_weight,73,119,1966,161,217,50
female,66,158,24,low,build_muscle,74,104,2011,136,262,46
male,92,168,42,low,lose_weight,65,138,1348,193,59,37
female,54,153,28,low,build_muscle,69,61,1685,95,221,46
male,86,184,49,moderate,build_muscle,90,75,3063,173,425,74
male,65,153,23,high,gain_weight,71,179,2842,140,426,64
male,59,184,41,low,lose_weight,36,167,1166,115,99,34
female,60,154,42,high,lose_weight,37,41,1358,115,128,42
male,86,175,23,moderate,gain_weight,99,158,3077,179,396,86
female,73,151,31,high,gain_weight,76,114,2642,142,385,58
male,93,184,38,low,lose_weight,56,59,1581,183,98,50
male,73,176,38,moderate,build_muscle,91,153,3042,132,418,93
female,82,184,39,moderate,lose_weight,76,38,1743,156,159,53
female,56,186,30,moderate,lose_weight,51,113,1843,108,257,42
female,83,152,42,moderate,lose_weight,60,92,1535,144,141,43
female,65,177,20,high,lose_weight,55,77,1937,121,227,60
female,87,168,31,moderate,build_muscle,107,33,2835,158,339,93
male,97,178,41,high,build_muscle,112,48,3679,178,528,94
male,69,183,19,moderate,build_muscle,76,105,3063,135,453,78
male,67,150,32,low,gain_weight,85,35,2082,133,271,51
female,99,185,20,high,lose_weight,82,53,2511,202,288,60
female,99,163,34,low,build_muscle,125,152,2298,187,261,56
male,62,166,21,low,build_muscle,73,46,2310,110,339,56
female,65,173,29,high,gain_weight,82,89,2935,112,406,95
female,68,172,43,low,lose_weight,62,115,1232,128,117,27
male,83,167,35,low,gain_weight,92,115,2409,143,293,73
male,96,150,46,moderate,gain_weight,107,139,2876,163,375,80
female,74,168,35,low,lose_weight,60,55,1070,141,57,30
male,72,171,20,low,gain_weight,92,169,2366,139,291,71
female,52,188,39,low,lose_weight,47,168,1443,111,155,41
female,89,169,26,low,build_muscle,101,46,2340,151,275,70
male,97,154,32,low,lose_weight,85,99,1391,161,98,39
male,81,176,49,high,gain_weight,83,147,3156,132,489,74
female,91,167,40,moderate,lose_weight,63,125,1701,157,171,43
male,55,150,27,low,build_muscle,67,135,1845,98,238,55
male,70,181,44,high,lose_weight,65,155,2634,114,354,84
female,60,173,39,low,gain_weight,66,172,1845,123,206,58
male,100,152,23,low,lose_weight,91,172,1864,167,202,42
male,79,174,37,low,lose_weight,47,139,1314,137,99,40
male,87,173,39,moderate,lose_weight,52,178,2102,175,198,67
male,77,176,35,moderate,build_muscle,98,125,2975,163,376,90
male,86,151,48,low,lose_weight,79,135,1533,151,136,42
female,59,184,24,moderate,build_muscle,67,143,2531,98,394,62
female,74,150,29,low,lose_weight,49,66,944,138,42,24
male,51,170,37,high,gain_weight,57,93,2703,110,392,77
male,74,174,29,high,build_muscle,76,127,3382,141,517,83
female,90,175,38,moderate,build_muscle,105,77,2982,182,343,97
female,54,161,29,high,lose_weight,45,178,1751,111,236,39
female,100,165,19,low,gain_weight,111,62,2340,192,257,60
male,84,180,49,low,build_muscle,94,154,2378,183,273,60
male,91,190,28,high,build_muscle,96,32,3666,197,454,117
male,72,159,49,moderate,build_muscle,83,63,2555,151,298,83
male,68,171,37,high,gain_weight,82,135,3094,148,438,83
female,88,187,25,moderate,build_muscle,114,120,2995,150,398,88
male,92,159,22,moderate,lose_weight,70,116,2061,200,201,50
male,98,171,48,low,build_muscle,101,95,2549,174,320,62
male,69,179,24,low,lose_weight,62,67,1295,151,85,38
male,91,169,28,high,gain_weight,115,94,3471,193,437,105
male,86,157,18,low,lose_weight,61,110,1490,151,121,44
male,91,157,43,moderate,gain_weight,111,99,2918,155,385,83
female,82,169,19,high,lose_weight,73,45,2082,173,224,54
male,98,175,39,low,build_muscle,103,148,2557,169,314,68
male,60,171,35,low,lose_weight,45,94,1011,114,74,28
male,86,159,35,moderate,build_muscle,97,125,2956,139,400,88
female,95,177,48,high,gain_weight,104,86,3151,153,419,95
female,73,173,35,low,gain_weight,89,156,2087,134,232,68
male,74,176,36,moderate,build_muscle,88,140,2992,162,409,78
male,67,155,38,low,build_muscle,78,99,1986,107,263,55
female,57,172,26,moderate,build_muscle,71,124,2308,97,344,59
male,94,160,19,high,lose_weight,56,149,2527,195,260,77
male,84,151,45,moderate,build_muscle,99,152,2731,143,397,63
female,76,158,48,moderate,gain_weight,95,151,2430,148,313,65
female,93,150,36,low,build_muscle,115,165,2282,176,278,51
female,90,182,41,high,lose_weight,84,70,2167,193,214,59
female,70,158,42,high,gain_weight,91,41,2741,148,363,77
male,61,154,38,low,build_muscle,68,176,2033,132,262,50
male,59,169,35,moderate,gain_weight,68,176,2698,123,388,72
male,53,183,34,low,gain_weight,62,60,2175,88,340,50
female,54,169,34,moderate,build_muscle,60,176,2310,98,314,73
male,98,156,29,low,gain_weight,123,139,2510,163,300,72
female,65,178,32,high,build_muscle,71,53,2656,109,394,70
male,66,173,34,moderate,gain_weight,84,92,2792,132,389,77
female,66,165,45,low,lose_weight,47,148,779,125,12,25
male,95,161,42,moderate,lose_weight,88,128,2295,189,258,55
male,59,182,44,low,build_muscle,68,144,2092,106,270,64
female,77,156,36,high,gain_weight,93,100,2797,141,404,68
male,100,159,33,high,build_muscle,130,41,3449,160,526,77
female,97,154,45,high,build_muscle,105,95,3040,158,441,70
female,64,151,21,high,lose_weight,44,114,1582,134,168,41
female,70,164,36,moderate,lose_weight,42,136,1518,128,144,47
female,71,156,24,moderate,build_muscle,81,173,2595,129,333,82
female,86,168,37,low,lose_weight,63,43,1181,141,73,36
female,100,161,26,high,build_muscle,124,178,3423,217,442,87
male,100,153,48,moderate,gain_weight,106,48,2962,168,353,97
female,86,156,44,moderate,build_muscle,90,124,2439,139,340,58
female,86,160,21,low,build_muscle,104,115,2348,174,247,73
female,56,180,33,moderate,gain_weight,69,41,2403,91,350,70
male,73,179,47,low,gain_weight,82,51,2270,128,301,61
female,90,171,38,moderate,gain_weight,116,98,2745,174,334,78
female,99,169,31,high,build_muscle,127,39,3254,179,401,103
female,83,162,44,low,gain_weight,90,50,2163,133,272,59
female,52,172,39,moderate,gain_weight,57,50,2178,106,288,66
male,97,153,37,high,lose_weight,88,104,2347,195,249,63
female,57,166,31,high,build_muscle,59,40,2468,101,367,65
female,83,184,25,high,build_muscle,94,145,3368,181,415,109
female,67,151,37,high,gain_weight,76,172,2470,126,336,68
male,91,163,31,moderate,gain_weight,99,161,3134,198,375,93
female,99,173,47,high,gain_weight,109,38,3314,191,414,99
male,100,162,50,low,gain_weight,107,66,2547,212,262,71
female,62,171,50,moderate,build_muscle,64,143,2278,116,313,62
male,69,173,18,high,gain_weight,78,144,3327,124,478,102
female,95,181,38,low,gain_weight,104,41,2335,161,293,57
male,100,155,28,high,gain_weight,114,30,3618,170,528,91
male,70,159,42,low,build_muscle,83,112,2111,118,286,54
female,68,166,21,high,gain_weight,71,129,2870,137,381,88
male,94,187,36,high,gain_weight,100,152,3781,160,589,86
male,79,161,18,moderate,lose_weight,62,68,2016,147,226,58
female,69,171,31,moderate,build_muscle,83,95,2471,151,311,68
male,70,159,24,moderate,gain_weight,90,126,2772,147,343,89
female,90,167,19,high,build_muscle,93,147,3248,174,418,97
female,76,182,41,moderate,build_muscle,87,142,2557,133,377,57
male,55,180,22,moderate,gain_weight,57,119,2780,102,423,74
female,64,157,34,low,lose_weight,56,134,1068,108,90,30
male,51,190,32,high,lose_weight,33,176,1994,99,252,65
male,88,178,23,high,build_muscle,98,160,3557,157,488,107
female,92,155,31,low,build_muscle,107,128,2088,161,229,58
female,50,185,39,high,gain_weight,60,39,2478,80,394,64
male,65,165,47,moderate,gain_weight,69,57,2512,114,361,67
female,67,167,37,low,gain_weight,70,142,1895,141,227,46
female,96,176,39,moderate,lose_weight,90,83,2105,209,178,61
male,56,189,32,high,build_muscle,71,40,3058,94,493,78
female,96,181,48,low,gain_weight,107,38,2223,163,263,57
female,60,150,36,high,build_muscle,78,94,2347,116,339,58
male,87,187,38,low,lose_weight,70,71,1521,183,112,37
male,81,181,28,high,lose_weight,51,174,2440,138,323,65
female,63,182,34,high,gain_weight,68,74,2776,121,420,67
male,95,190,37,low,lose_weight,75,104,1739,208,109,52
male,90,185,45,moderate,build_muscle,101,83,3114,174,394,93
male,65,168,29,moderate,gain_weight,73,149,2664,112,356,87
female,98,164,20,high,gain_weight,111,104,3311,202,426,88
male,55,180,27,low,lose_weight,37,50,1157,97,129,27
male,73,180,35,low,gain_weight,82,121,2286,120,304,65
male,67,155,24,high,lose_weight,55,169,2103,115,303,47
male,82,163,36,low,build_muscle,87,49,2395,143,295,70
male,69,153,44,high,gain_weight,77,103,2708,137,395,63
male,66,154,29,low,gain_weight,70,59,2107,135,277,50
female,67,178,21,high,lose_weight,53,98,1940,112,236,60
female,90,154,27,low,gain_weight,94,106,2312,186,259,58
male,75,163,25,moderate,lose_weight,54,96,1942,158,223,45
male,99,183,21,moderate,build_muscle,102,75,3452,214,460,83
male,69,153,32,low,lose_weight,58,109,1158,132,90,29
female,55,185,30,high,build_muscle,69,78,2719,113,429,61
male,77,174,22,moderate,build_muscle,81,90,3013,155,426,76
female,98,179,20,moderate,lose_weight,77,115,2085,184,191,64
female,96,187,27,moderate,gain_weight,109,114,3088,177,370,99
male,84,189,37,low,build_muscle,95,152,2548,134,330,76
female,54,184,41,high,build_muscle,61,78,2665,108,380,78
male,97,161,34,high,build_muscle,107,50,3493,176,453,108
male,86,157,18,high,build_muscle,98,122,3368,138,458,109
female,96,153,40,moderate,lose_weight,64,148,1674,181,145,40
female,62,169,39,moderate,build_muscle,71,81,2272,130,290,65
male,78,165,30,low,build_muscle,89,161,2391,164,265,74
female,68,180,47,moderate,lose_weight,40,108,1455,146,143,33
male,66,150,33,high,build_muscle,80,178,2897,113,402,92
female,73,161,32,moderate,gain_weight,83,87,2530,125,345,71
male,78,154,34,moderate,gain_weight,96,89,2689,139,343,84
female,72,182,44,moderate,lose_weight,64,111,1787,149,203,41
female,51,183,29,high,gain_weight,56,75,2636,111,368,79
female,51,185,30,moderate,gain_weight,56,62,2367,99,335,69
female,57,188,27,high,build_muscle,66,164,2842,93,460,69
male,75,151,47,low,build_muscle,95,61,2163,147,275,52
female,91,166,49,high,gain_weight,116,94,2948,156,370,93
male,77,159,47,moderate,gain_weight,86,128,2741,125,397,72
female,63,169,27,high,gain_weight,76,62,2722,114,382,81
female,57,181,31,moderate,build_muscle,64,124,2413,122,324,69
female,98,157,49,high,build_muscle,121,91,2888,158,357,91
male,99,170,32,low,build_muscle,115,128,2706,188,336,67
female,67,153,22,high,lose_weight,41,153,1675,122,183,50
female,74,183,32,high,lose_weight,55,91,2065,145,244,56
male,56,159,42,moderate,build_muscle,61,138,2463,101,362,67
female,66,167,21,moderate,build_muscle,82,97,2447,112,349,66
female,79,189,40,high,build_muscle,86,140,3143,167,450,74
female,58,160,36,moderate,build_muscle,69,114,2239,112,299,65
male,53,169,26,high,gain_weight,64,45,2785,110,417,74
male,95,189,19,high,lose_weight,57,100,2743,177,305,90
female,94,166,20,moderate,gain_weight,97,31,2943,201,326,92
male,68,183,44,moderate,build_muscle,73,89,2843,133,365,93
female,96,159,45,moderate,build_muscle,103,85,2794,173,352,76
male,54,152,34,moderate,build_muscle,57,35,2296,95,328,66
female,65,177,34,high,gain_weight,74,86,2679,119,391,70
male,51,181,26,low,gain_weight,65,146,2026,91,308,47
female,76,161,31,low,lose_weight,67,67,1048,124,66,31
female,73,181,44,moderate,build_muscle,93,152,2480,126,338,69
male,62,165,23,low,gain_weight,66,125,2196,118,276,68
female,96,172,47,high,build_muscle,122,72,3326,170,412,110
female,51,174,31,low,gain_weight,56,91,1906,82,282,49
female,100,173,31,high,lose_weight,74,167,2252,213,185,72
female,72,182,37,moderate,build_muscle,92,141,2745,116,396,77
female,61,165,50,moderate,gain_weight,66,177,2224,124,283,66
male,69,154,34,moderate,lose_weight,51,78,1674,111,203,46
female,96,183,24,low,build_muscle,120,34,2444,177,302,58
male,60,179,26,low,gain_weight,76,58,2153,112,318,48
female,76,163,41,high,gain_weight,85,63,2718,151,340,83
female,87,183,43,low,gain_weight,111,151,2432,178,294,59
female,75,179,47,low,build_muscle,87,95,2197,135,276,61
male,92,182,44,moderate,gain_weight,97,38,3241,157,473,79
male,58,181,37,low,lose_weight,51,92,1181,101,116,34
male,50,151,18,low,gain_weight,65,99,1958,98,288,45
male,63,156,35,moderate,gain_weight,70,116,2521,112,337,80
male,98,183,49,low,gain_weight,109,176,2653,209,258,86
female,55,151,21,high,lose_weight,39,138,1394,90,165,41
male,96,168,28,low,gain_weight,118,94,2643,178,329,68
female,52,186,29,low,build_muscle,60,129,1850,100,234,57
male,93,165,23,high,lose_weight,82,180,2722,187,315,78
female,68,163,32,low,gain_weight,83,115,1845,134,207,52
male,90,150,36,moderate,gain_weight,115,115,3014,160,393,88
male,86,154,22,high,lose_weight,81,132,2735,146,382,68
female,73,190,31,high,lose_weight,48,41,2057,157,229,56
female,72,186,41,moderate,gain_weight,76,161,2760,129,373,83
female,57,173,34,low,lose_weight,35,106,817,109,35,26
male,78,157,40,low,build_muscle,81,76,2179,141,285,52
female,88,189,47,high,gain_weight,113,38,3110,178,396,90
female,82,178,22,high,gain_weight,92,174,3117,137,472,75
male,70,172,47,high,gain_weight,80,128,3093,141,466,73
female,51,158,47,moderate,lose_weight,35,157,1039,92,99,29
male,100,159,32,moderate,lose_weight,66,88,2190,212,198,60
female,53,176,24,moderate,gain_weight,65,160,2279,86,316,74
female,95,184,29,high,build_muscle,121,111,3369,158,500,81
male,79,164,47,moderate,lose_weight,56,178,1675,166,156,42
male,70,169,42,low,lose_weight,44,88,1202,129,85,38
male,70,172,33,low,lose_weight,60,154,1364,130,138,31
female,73,165,46,high,build_muscle,75,173,2676,128,381,70
female,54,154,23,high,lose_weight,41,71,1453,93,185,37
female,57,175,30,moderate,lose_weight,43,52,1346,92,170,32
male,93,169,34,high,gain_weight,108,119,3360,156,437,109
male,54,154,27,high,lose_weight,41,44,1741,107,225,45
male,88,151,26,low,build_muscle,92,76,2338,176,291,52
female,92,150,48,low,build_muscle,119,83,2186,157,260,57
male,76,189,36,low,build_muscle,93,169,2414,151,284,74
male,59,178,35,low,build_muscle,75,165,2117,116,298,50
male,57,150,45,high,build_muscle,61,125,2586,123,331,85
female,75,164,40,high,gain_weight,87,102,2637,126,396,60
male,65,171,36,low,gain_weight,71,79,2121,104,310,51
female,80,180,38,moderate,lose_weight,62,70,1654,164,133,51
female,69,163,18,moderate,gain_weight,84,60,2646,122,390,66
male,53,186,24,high,build_muscle,60,51,3007,105,493,67
male,63,180,37,low,build_muscle,79,48,2235,120,287,67
male,83,168,22,high,gain_weight,97,121,3299,181,421,98
male,65,167,48,high,gain_weight,76,62,2854,132,408,77
female,59,178,20,moderate,lose_weight,47,180,1704,105,224,42
male,71,184,39,high,gain_weight,79,30,3165,120,493,78
male,78,173,37,low,gain_weight,82,113,2254,144,298,53
male,85,164,18,high,build_muscle,102,119,3441,175,428,114
female,74,160,37,high,gain_weight,80,70,2630,146,321,84
female,50,169,49,low,build_muscle,56,57,1698,96,240,38
female,84,172,44,low,lose_weight,56,99,1213,178,35,39
female,70,184,27,high,lose_weight,46,176,1984,150,237,48
female,64,179,42,moderate,build_muscle,67,116,2516,134,367,56
male,86,182,36,low,gain_weight,93,174,2368,147,272,76
female,83,186,29,high,gain_weight,89,46,3321,142,463,99
male,99,187,36,low,lose_weight,73,42,1587,191,89,51
female,98,161,20,high,build_muscle,114,37,3356,186,429,99
male,91,174,50,low,lose_weight,82,53,1409,154,117,35
male,87,175,37,low,build_muscle,106,130,2490,163,296,72
female,52,173,29,moderate,gain_weight,57,157,2321,104,342,59
male,75,171,29,low,gain_weight,85,55,2472,124,318,77
female,54,179,25,moderate,build_muscle,65,41,2419,90,366,65
male,89,155,50,moderate,lose_weight,55,79,1874,158,174,60
male,89,156,44,low,gain_weight,98,97,2274,159,294,50
male,81,162,42,moderate,lose_weight,74,171,2232,138,279,62
male,67,163,21,low,lose_weight,48,76,1230,113,122,31
male,64,171,43,moderate,build_muscle,77,135,2583,111,347,82
male,60,154,30,high,gain_weight,64,101,2848,125,404,81
female,79,172,33,low,lose_weight,54,53,1227,156,70,35
male,66,184,46,low,gain_weight,71,33,2329,107,330,64
male,97,150,45,low,gain_weight,118,62,2293,212,224,60
male,71,161,49,low,lose_weight,43,159,978,141,39,28
female,63,172,33,high,gain_weight,69,119,2722,127,379,77
male,77,176,28,moderate,build_muscle,82,78,2987,153,426,74
female,64,160,33,moderate,lose_weight,43,63,1355,112,150,33
male,84,182,50,moderate,gain_weight,105,151,2998,184,393,76
male,75,153,18,low,build_muscle,90,174,2389,142,295,70
female,55,167,20,low,lose_weight,37,36,893,99,66,25
male,73,187,31,low,gain_weight,78,128,2441,140,317,67
female,84,159,37,high,gain_weight,90,106,2778,135,391,74
male,97,165,47,high,build_muscle,125,126,3377,198,404,107
female,68,186,39,high,lose_weight,61,134,2128,120,264,65
male,88,180,47,high,gain_weight,94,162,3456,147,538,78
female,63,152,23,low,gain_weight,67,112,1917,135,245,43
female,82,189,36,low,lose_weight,75,50,1193,154,66,34
male,96,168,50,high,lose_weight,89,158,2675,192,327,66
male,90,187,39,low,lose_weight,70,147,1510,181,119,34
male,83,151,49,high,lose_weight,62,33,1849,163,172,56
male,81,187,25,low,lose_weight,68,98,1452,129,129,46
female,84,158,38,low,gain_weight,92,73,2102,182,199,63
male,72,173,34,moderate,gain_weight,90,144,2894,132,419,76
female,79,178,21,high,build_muscle,97,169,3271,150,493,77
male,67,177,46,high,gain_weight,77,117,3004,111,452,83
male,78,190,41,low,gain_weight,94,168,2533,142,308,80
female,58,190,46,high,build_muscle,63,81,2758,114,412,72
male,61,185,31,moderate,build_muscle,70,169,2844,126,405,79
female,70,179,18,moderate,lose_weight,52,73,1756,136,182,53
male,75,160,32,low,gain_weight,96,144,2219,147,291,51
female,58,155,47,low,build_muscle,60,42,1764,103,221,51
female,96,150,50,low,gain_weight,102,175,2247,192,222,65
male,83,180,31,low,build_muscle,94,170,2458,177,265,76
female,73,155,18,high,gain_weight,91,65,2714,128,352,87
male,82,175,47,high,lose_weight,54,171,2158,144,248,65
female,60,182,19,low,gain_weight,77,144,2112,117,264,64
female,91,154,37,moderate,lose_weight,70,146,1661,168,126,53
male,94,150,45,moderate,build_muscle,112,109,2816,172,338,85
female,95,175,29,low,gain_weight,107,126,2398,196,232,75
male,95,157,33,high,gain_weight,107,30,3401,189,423,105
female,51,162,44,high,lose_weight,46,38,1356,103,141,41
male,79,158,49,high,gain_weight,85,164,3032,156,389,94
male,50,186,29,moderate,gain_weight,54,94,2661,90,421,67
male,75,188,36,moderate,lose_weight,45,121,2064,140,221,68
female,74,167,44,moderate,lose_weight,62,73,1437,145,111,45
female,70,181,30,high,lose_weight,51,171,1954,146,223,52
female,93,154,18,low,gain_weight,95,52,2290,172,247,67
female,55,183,33,high,build_muscle,63,76,2664,104,376,82
male,70,175,25,low,gain_weight,85,82,2361,141,300,65
male,87,171,38,low,build_muscle,111,122,2533,152,303,79
female,61,178,41,high,gain_weight,72,161,2624,117,403,59
male,71,159,20,moderate,lose_weight,42,95,1780,115,200,57
male,89,158,44,high,build_muscle,92,54,3202,188,427,81
male,58,175,27,moderate,gain_weight,67,147,2604,124,388,61
female,84,161,45,moderate,gain_weight,95,134,2481,177,310,58
female,100,179,21,moderate,gain_weight,130,124,3189,161,469,73
male,57,169,38,low,gain_weight,68,52,2136,94,299,62
female,97,185,33,moderate,build_muscle,115,69,3045,205,341,95
male,90,168,30,moderate,gain_weight,95,90,3080,187,411,75
female,88,161,26,moderate,gain_weight,100,91,2638,177,297,82
male,59,163,34,low,lose_weight,41,53,960,104,67,30
male,61,159,43,low,lose_weight,50,171,1144,111,97,34
male,72,167,25,moderate,gain_weight,79,33,2900,124,421,79
male,95,187,23,low,build_muscle,99,62,2849,193,356,72
female,51,182,48,low,lose_weight,45,106,1155,93,119,33
male,90,165,29,moderate,gain_weight,96,151,3163,191,390,92
male,66,184,44,moderate,lose_weight,45,113,1690,139,188,41
female,54,175,29,high,gain_weight,70,149,2572,106,397,61
female,79,180,23,moderate,lose_weight,55,84,1912,147,188,63
female,52,163,29,high,build_muscle,54,144,2544,96,390,66
female,63,152,30,moderate,lose_weight,43,118,1334,131,121,36
female,87,184,44,low,lose_weight,80,41,1241,159,68,36
female,91,168,36,moderate,build_muscle,115,92,2940,149,437,65
female,71,154,46,low,build_muscle,80,32,1829,126,196,59
male,96,190,26,moderate,lose_weight,65,118,2500,205,276,63
male,73,165,32,low,build_muscle,92,80,2286,124,308,61
female,81,150,42,moderate,build_muscle,95,108,2553,132,356,66
male,93,156,19,high,lose_weight,84,153,2678,199,293,78
male,63,179,25,low,build_muscle,79,88,2267,131,280,68
female,58,183,35,low,gain_weight,70,92,1878,107,244,52
female,75,168,33,low,build_muscle,97,83,2006,147,229,55
male,90,180,50,low,build_muscle,110,125,2501,171,322,58
female,64,157,24,high,lose_weight,42,132,1693,114,206,45
female,67,177,38,low,gain_weight,83,129,2185,113,321,49
female,61,184,19,low,gain_weight,77,80,2047,134,239,61
male,92,186,47,moderate,lose_weight,80,51,2135,158,218,69
female,82,176,37,low,gain_weight,93,63,2170,152,266,54
female,50,165,33,high,build_muscle,65,134,2443,103,339,74
female,54,167,36,moderate,gain_weight,61,42,2108,115,286,55
male,65,158,40,low,lose_weight,43,136,999,125,64,26
female,57,167,39,high,build_muscle,62,58,2411,122,342,61
female,82,190,33,low,lose_weight,59,60,1337,133,121,35
female,69,156,48,high,lose_weight,41,52,1513,149,144,37
female,67,181,40,moderate,lose_weight,41,74,1441,112,172,33
female,96,176,35,moderate,build_muscle,122,142,2957,179,400,70
female,59,173,20,high,build_muscle,68,179,2685,115,418,61
female,80,190,25,high,gain_weight,94,179,3199,137,490,76
female,99,175,35,low,gain_weight,123,76,2429,208,263,60
female,69,168,48,low,gain_weight,84,100,1895,129,209,59
male,51,150,40,high,lose_weight,30,107,1405,106,163,36
male,60,167,18,low,gain_weight,73,135,2225,105,328,54
male,70,186,43,moderate,lose_weight,61,157,2081,123,263,59
male,58,179,27,low,lose_weight,43,101,1248,118,106,38
male,85,159,28,high,build_muscle,93,134,3230,178,417,94
female,76,156,46,high,build_muscle,83,167,2508,157,319,66
female,81,157,38,high,lose_weight,69,172,1985,157,236,45
female,98,181,24,high,gain_weight,127,175,3395,166,500,80
female,83,177,34,high,gain_weight,98,92,3078,138,469,72
female,100,170,27,low,lose_weight,70,93,1349,180,87,30
male,100,179,19,moderate,gain_weight,114,37,3494,162,469,107
female,88,185,33,low,build_muscle,94,168,2240,186,234,61
female,80,158,23,moderate,gain_weight,101,100,2706,149,376,66
female,51,158,36,low,lose_weight,38,54,782,88,51,24
male,78,171,21,moderate,build_muscle,80,91,3123,126,469,81
male,74,150,49,high,build_muscle,93,152,2760,131,398,71
male,74,162,21,moderate,lose_weight,55,118,1824,137,210,48
female,59,176,38,low,build_muscle,61,140,1915,98,279,45
male,87,164,22,low,gain_weight,103,73,2426,141,289,77
male,81,155,42,moderate,build_muscle,103,84,2710,152,389,60
female,73,189,33,high,gain_weight,77,68,3149,119,447,98
male,79,168,47,moderate,gain_weight,87,165,2901,147,387,84
female,54,174,30,high,gain_weight,57,169,2573,98,414,58
male,59,151,44,high,lose_weight,48,172,1711,119,209,43
female,74,160,36,high,gain_weight,93,119,2743,151,396,61
male,71,163,36,low,gain_weight,92,71,2246,152,285,54
female,51,169,22,high,lose_weight,36,114,1554,81,203,45
male,77,166,45,low,gain_weight,79,76,2165,162,225,68
male,76,159,43,high,lose_weight,55,159,2054,135,252,55
female,71,154,34,high,build_muscle,87,151,2783,137,391,73
female,68,187,23,high,lose_weight,59,60,2099,144,227,68
female,68,170,27,moderate,build_muscle,70,31,2500,139,359,56
male,95,180,47,moderate,gain_weight,121,131,3189,176,460,71
female,70,179,42,moderate,gain_weight,85,84,2550,119,355,71
female,96,176,31,low,gain_weight,118,77,2417,159,321,54
male,79,158,20,low,build_muscle,86,42,2314,172,279,56
male,97,155,50,low,lose_weight,74,64,1334,202,43,39
female,91,179,36,high,lose_weight,83,46,2295,176,275,53
male,52,176,32,low,build_muscle,58,143,2152,88,295,68
male,81,174,22,moderate,gain_weight,96,73,3071,134,424,93
female,88,189,40,high,gain_weight,111,126,3215,191,425,83
male,93,183,37,low,lose_weight,83,63,1622,172,131,44
male,63,182,39,low,lose_weight,45,49,1133,105,118,26
female,60,176,19,high,gain_weight,78,152,2733,104,379,88
male,75,180,26,moderate,build_muscle,94,34,2984,155,437,67
female,91,187,38,low,gain_weight,93,157,2505,192,283,66
female,97,185,46,low,gain_weight,109,73,2325,193,252,60
male,54,157,32,high,lose_weight,43,92,1574,104,195,41
female,59,179,18,moderate,build_muscle,66,166,2534,104,398,57
male,66,167,29,moderate,gain_weight,70,51,2781,126,404,73
female,78,156,43,high,lose_weight,49,36,1632,146,178,37
male,77,157,42,high,lose_weight,68,100,2062,145,242,56
female,63,186,44,high,gain_weight,69,159,2921,128,431,76
male,56,171,24,low,lose_weight,48,108,1164,97,120,32
female,81,171,45,moderate,gain_weight,94,41,2688,148,343,80
female,59,180,22,high,lose_weight,46,37,1743,120,218,43
male,61,175,37,moderate,gain_weight,77,174,2704,110,392,76
female,71,183,35,moderate,gain_weight,80,93,2574,132,325,82
female,82,185,32,high,build_muscle,85,42,3247,137,497,78
female,78,164,31,high,build_muscle,94,123,3024,150,429,78
male,96,167,30,high,lose_weight,90,145,2882,162,353,90
male,77,155,26,moderate,build_muscle,83,151,2914,152,377,88
female,66,168,21,moderate,build_muscle,70,98,2614,122,364,74
male,68,150,24,low,lose_weight,41,119,1115,132,78,30
male,93,165,31,moderate,lose_weight,57,54,2120,199,209,54
male,89,157,47,high,lose_weight,84,63,2316,180,247,67
female,66,170,26,moderate,gain_weight,85,134,2483,125,336,70
male,81,168,45,moderate,gain_weight,103,86,2954,174,346,96
female,90,161,40,low,build_muscle,109,107,2262,182,258,55
female,84,164,47,low,build_muscle,106,162,2009,140,226,59
female,75,184,43,high,build_muscle,82,112,3077,125,485,70
female,97,170,31,low,lose_weight,63,159,1401,157,104,39
female,81,178,42,low,build_muscle,105,144,2111,154,256,52
female,87,158,27,moderate,gain_weight,100,88,2893,151,397,77
female,57,154,21,high,gain_weight,74,172,2589,112,342,85
male,52,182,41,high,lose_weight,45,165,2171,93,329,53
female,98,162,21,high,lose_weight,93,154,2803,162,368,75
male,99,172,29,moderate,build_muscle,125,75,3297,182,444,87
male,66,189,40,low,gain_weight,80,47,2266,113,331,53
male,50,155,36,low,gain_weight,52,155,1736,109,233,40
female,100,190,30,moderate,build_muscle,122,51,3118,177,401,89
male,69,176,23,high,build_muscle,80,89,3343,113,490,102
female,76,170,30,moderate,gain_weight,88,69,2543,137,349,65
female,83,155,44,moderate,lose_weight,67,73,1467,141,122,45
female,71,153,28,low,build_muscle,91,145,2039,148,256,46
male,76,168,35,moderate,build_muscle,82,105,2846,138,368,90
male,72,153,24,low,lose_weight,56,165,1238,129,110,30
male,52,161,40,moderate,gain_weight,64,158,2423,94,386,55
male,51,185,42,high,gain_weight,63,107,2755,81,450,69
female,63,174,34,high,lose_weight,48,133,1791,132,205,48
female,88,154,38,low,build_muscle,113,166,2177,142,288,50
male,84,186,26,low,build_muscle,109,52,2598,147,354,65
female,76,178,18,moderate,lose_weight,66,151,1912,139,197,62
female,70,151,22,low,gain_weight,84,84,1990,113,236,65
male,95,182,23,moderate,gain_weight,101,35,3476,175,493,89
male,57,172,26,low,build_muscle,62,78,2096,113,290,53
female,65,180,45,low,gain_weight,73,156,2034,121,255,58
female,97,184,38,moderate,build_muscle,125,37,3040,196,358,91
female,98,159,33,low,gain_weight,123,159,2162,157,256,56
male,62,179,20,moderate,lose_weight,48,32,1767,119,202,53
male,97,177,20,high,build_muscle,101,112,3746,177,482,122
female,85,170,38,high,lose_weight,67,32,1894,141,212,52
female,80,183,26,high,build_muscle,96,61,3135,149,468,73
male,83,155,42,moderate,lose_weight,67,90,1748,161,178,43
female,93,154,25,moderate,lose_weight,78,64,1692,167,154,45
female,91,164,40,moderate,lose_weight,65,65,1746,175,160,44
female,90,153,37,high,gain_weight,116,110,3079,179,402,83
male,80,166,44,high,build_muscle,83,64,3159,142,433,95
male,60,153,19,low,lose_weight,46,172,1126,115,98,30
female,99,158,26,high,gain_weight,108,72,3068,177,395,85
female,76,159,24,low,gain_weight,81,132,2054,150,244,52
female,75,185,20,high,build_muscle,89,62,3264,148,424,107
female,73,171,33,low,gain_weight,93,87,1989,144,221,58
male,54,172,37,moderate,build_muscle,66,110,2523,99,351,79
male,92,155,27,high,build_muscle,101,46,3327,165,485,80
female,86,174,46,moderate,lose_weight,74,96,1734,140,169,54
male,96,185,33,low,build_muscle,110,104,2650,171,345,64
female,65,153,23,moderate,gain_weight,83,154,2364,134,325,58
male,63,187,41,moderate,build_muscle,68,31,2722,124,375,80
male,93,154,31,low,build_muscle,105,112,2348,190,257,61
male,72,168,36,low,lose_weight,57,125,1157,129,83,33
female,69,179,46,low,gain_weight,71,172,1883,111,247,49
female,71,153,47,high,lose_weight,44,56,1469,133,156,34
male,83,189,48,low,gain_weight,87,137,2527,168,282,80
male,75,190,28,low,gain_weight,90,117,2586,123,373,66
male,85,177,19,low,lose_weight,75,142,1693,179,146,43
male,86,167,34,high,lose_weight,69,180,2251,164,281,51
male,65,167,44,moderate,lose_weight,47,89,1608,123,188,40
male,81,176,40,low,build_muscle,102,94,2237,155,285,52
male,78,185,26,high,lose_weight,63,125,2423,134,320,67
female,89,165,33,high,gain_weight,104,163,3059,159,429,78
female,59,151,22,low,build_muscle,62,51,1838,122,226,49
female,93,169,46,low,build_muscle,102,149,2224,196,196,72
male,58,174,29,low,build_muscle,74,103,2139,95,285,68
male,56,155,41,low,gain_weight,59,157,1972,101,276,50
female,69,177,41,low,build_muscle,84,46,2103,149,248,56
female,78,154,31,high,lose_weight,64,171,1753,137,179,53
female,93,162,25,high,lose_weight,59,102,2111,199,174,68
male,69,176,45,high,gain_weight,75,130,3168,115,509,74
male,60,154,37,moderate,build_muscle,72,177,2472,120,331,73
male,91,178,47,moderate,build_muscle,113,142,3007,171,360,97
female,72,168,47,moderate,lose_weight,49,165,1350,142,111,37
male,69,170,22,low,lose_weight,60,30,1312,116,121,40
female,69,174,36,low,gain_weight,86,46,2100,123,256,64
female,89,160,45,high,gain_weight,99,180,2786,178,354,72
female,100,162,41,high,lose_weight,83,153,2135,173,229,58
male,99,176,33,high,build_muscle,126,179,3676,158,520,106
male,70,183,40,low,build_muscle,80,134,2332,146,288,66
male,57,152,18,low,lose_weight,47,103,1090,123,80,30
female,77,159,19,high,build_muscle,84,62,2868,150,369,87
female,77,179,50,moderate,gain_weight,88,150,2676,165,354,66
female,99,170,46,low,lose_weight,76,57,1197,217,7,33
female,77,185,38,moderate,build_muscle,90,81,2819,139,423,63
female,56,185,47,low,build_muscle,66,137,1885,96,250,55
female,77,153,19,low,lose_weight,47,176,1112,128,72,34
female,91,173,48,moderate,lose_weight,76,42,1682,168,165,38
male,99,170,24,low,lose_weight,66,95,1625,195,93,52
male,94,190,33,low,gain_weight,113,70,2629,156,356,64
male,64,189,48,moderate,build_muscle,78,61,2735,133,400,66
female,98,175,30,high,build_muscle,103,171,3436,206,450,90
male,69,150,34,moderate,build_muscle,85,73,2670,138,341,83
female,63,190,39,low,build_muscle,81,132,1928,108,231,63
male,63,161,21,moderate,build_muscle,67,30,2600,111,355,81
male,63,190,25,low,lose_weight,48,178,1329,132,109,39
male,58,152,46,moderate,build_muscle,60,72,2496,123,345,69
female,90,189,20,low,build_muscle,94,174,2570,190,305,65
male,70,188,47,low,lose_weight,65,38,1264,137,109,30
female,72,155,41,low,lose_weight,67,180,1374,146,116,35
female,71,187,31,high,lose_weight,48,75,2015,147,237,52
male,93,163,34,high,build_muscle,98,146,3459,198,478,83
male,98,166,50,low,gain_weight,119,89,2445,178,298,59
female,60,166,26,moderate,build_muscle,76,90,2466,123,320,76
female,77,190,19,moderate,gain_weight,87,84,2947,124,399,94
female,72,182,47,low,lose_weight,54,121,993,140,57,22
male,51,151,39,low,lose_weight,30,162,806,105,45,22
female,59,155,19,low,gain_weight,63,57,1894,120,248,46
male,75,155,44,low,lose_weight,45,164,1026,140,49,29
male,58,182,23,moderate,lose_weight,36,162,1867,108,250,47
female,97,188,36,high,lose_weight,89,96,2541,173,330,58
female,78,163,43,high,build_muscle,93,174,2858,162,386,73
male,54,163,25,low,build_muscle,59,99,2085,93,304,54
female,70,179,36,low,gain_weight,80,61,2227,150,289,51
female,93,161,26,moderate,gain_weight,103,99,2864,185,360,75
male,50,182,37,moderate,lose_weight,38,171,1751,98,225,50
male,54,182,40,low,gain_weight,60,127,2109,99,308,53
male,57,161,43,moderate,build_muscle,73,58,2334,113,324,64
male,96,180,31,high,build_muscle,124,109,3609,183,506,94
female,66,163,36,high,lose_weight,61,164,2112,117,296,50
female,72,165,31,moderate,lose_weight,62,62,1513,136,148,41
female,85,169,29,moderate,lose_weight,55,125,1685,152,159,48
male,51,170,26,moderate,lose_weight,37,96,1604,85,214,44
female,73,188,36,moderate,lose_weight,57,72,1802,143,200,47
male,61,160,48,low,gain_weight,66,172,1932,123,228,58
female,73,184,18,low,build_muscle,94,32,2282,159,292,52
female,67,153,21,high,lose_weight,42,176,1717,129,200,43
male,85,155,49,moderate,gain_weight,109,152,2929,168,345,96
male,59,182,24,low,build_muscle,67,153,2098,94,299,57
female,73,185,22,high,build_muscle,91,122,3099,120,467,83
male,90,154,41,moderate,gain_weight,95,59,2895,188,359,78
male,99,154,38,moderate,build_muscle,116,127,3091,163,389,97
female,83,177,48,moderate,build_muscle,103,118,2647,162,326,76
male,82,155,39,low,build_muscle,96,127,2202,159,229,71
male,84,189,25,high,build_muscle,105,94,3494,153,465,113
female,98,170,21,low,lose_weight,58,49,1515,171,97,49
male,93,173,46,moderate,lose_weight,84,135,2314,162,266,66
female,71,164,39,moderate,gain_weight,73,70,2414,121,351,58
female,69,183,41,low,gain_weight,72,70,2107,111,261,68
male,60,183,29,high,build_muscle,78,158,3000,131,445,77
female,72,172,48,high,build_muscle,82,114,2738,129,415,62
male,50,166,26,high,lose_weight,45,137,2205,92,324,59
male,73,168,50,low,build_muscle,91,150,2122,122,273,59
female,52,170,44,low,build_muscle,60,91,1855,106,245,49
male,52,171,26,moderate,build_muscle,57,140,2495,102,334,83
female,62,168,34,moderate,lose_weight,46,54,1473,105,168,42
female,60,162,33,high,build_muscle,77,82,2412,96,339,73
male,95,169,24,low,gain_weight,102,98,2515,162,326,62
female,53,166,45,moderate,gain_weight,62,70,2184,101,314,58
female,96,185,26,high,gain_weight,118,161,3503,161,477,104
female,53,157,41,high,build_muscle,58,76,2314,102,319,69
male,66,154,44,high,build_muscle,69,131,2616,117,359,78
female,98,186,43,low,gain_weight,110,173,2504,200,298,56
male,56,155,30,low,lose_weight,48,114,1165,90,136,28
male,63,154,27,high,gain_weight,67,59,2776,121,399,76
female,80,159,24,high,build_muscle,102,83,2919,137,436,69
female,99,189,35,moderate,gain_weight,116,69,3257,179,418,95
male,92,183,38,moderate,build_muscle,112,148,3375,159,496,83
male,59,158,36,moderate,lose_weight,51,97,1497,118,150,46
male,53,172,37,high,build_muscle,58,178,2690,98,431,63
male,100,182,19,low,build_muscle,105,77,2769,205,282,90
male,91,163,21,moderate,lose_weight,71,112,2123,149,249,58
female,92,154,27,low,gain_weight,115,37,2300,187,266,54
male,73,187,39,moderate,lose_weight,57,165,2002,139,224,60
female,56,171,41,moderate,build_muscle,64,84,2190,118,278,66
male,61,179,30,moderate,lose_weight,53,76,1674,119,215,37
male,77,174,42,low,gain_weight,97,160,2278,159,271,61
female,95,178,38,low,gain_weight,104,172,2368,207,216,74
male,67,159,23,high,build_muscle,78,120,3034,144,457,69
female,71,164,50,moderate,gain_weight,85,78,2442,141,323,64
male,54,155,35,low,lose_weight,47,151,1318,113,121,42
female,99,157,21,high,lose_weight,75,121,2168,169,228,63
female,77,164,24,high,gain_weight,89,112,2922,162,394,77
male,83,176,43,moderate,gain_weight,98,114,2947,139,445,67
male,98,170,35,high,build_muscle,110,42,3611,182,510,92
male,79,169,37,moderate,lose_weight,61,80,1835,133,207,52
female,87,172,29,low,build_muscle,106,152,2332,158,280,64
male,67,190,18,high,lose_weight,42,72,2402,110,312,79
male,80,169,43,low,build_muscle,102,130,2358,139,318,58
male,78,186,48,low,gain_weight,91,144,2354,158,261,74
male,96,185,46,high,gain_weight,108,171,3703,196,484,108
male,72,179,33,moderate,gain_weight,88,115,2888,135,413,77
female,87,169,19,high,gain_weight,101,140,3201,187,389,99
female,50,155,44,high,lose_weight,39,130,1273,84,157,34
female,87,159,34,moderate,build_muscle,112,97,2713,155,324,88
female,72,189,47,moderate,lose_weight,50,160,1595,136,164,43
female,99,177,39,high,gain_weight,125,89,3256,215,425,76
female,94,168,27,moderate,gain_weight,104,101,2900,170,358,86
female,59,160,46,moderate,build_muscle,70,40,2199,128,307,50
male,67,162,50,high,build_muscle,82,82,2883,136,426,70
female,73,178,41,moderate,gain_weight,75,88,2551,144,364,57
male,82,165,40,moderate,build_muscle,101,52,2949,137,449,66
male,87,158,26,moderate,lose_weight,76,98,1891,158,190,55
female,79,182,50,moderate,gain_weight,86,144,2670,139,370,69
male,69,159,37,moderate,gain_weight,86,59,2664,147,348,75
female,74,170,24,low,gain_weight,90,39,2289,158,269,64
male,75,181,33,low,gain_weight,94,179,2368,136,312,63
male,59,187,32,moderate,lose_weight,46,91,1866,96,241,56
female,100,170,18,moderate,build_muscle,105,41,3053,200,373,84
female,52,164,43,high,gain_weight,59,32,2340,90,348,65
female,79,171,46,low,build_muscle,85,168,1974,130,216,65
male,76,186,31,high,build_muscle,96,120,3402,126,524,88
male,57,171,46,moderate,lose_weight,44,48,1479,99,179,40
female,75,173,33,moderate,gain_weight,91,79,2665,137,377,67
male,96,150,30,low,gain_weight,107,77,2562,181,294,73
male,97,178,41,high,gain_weight,103,165,3614,155,521,100
female,71,174,33,low,gain_weight,84,61,2074,152,226,62
female,93,153,46,low,gain_weight,104,73,1963,157,201,58
female,52,185,48,high,build_muscle,60,171,2509,92,373,71
female,54,167,40,low,build_muscle,66,99,1800,87,257,46
female,96,159,33,low,lose_weight,80,72,1220,197,37,31
female,74,161,25,high,gain_weight,89,87,2745,120,386,79
female,55,180,25,low,build_muscle,63,40,2002,93,304,45
male,69,154,49,high,gain_weight,74,43,2692,120,412,62
male,82,179,47,moderate,build_muscle,93,123,3013,136,431,82
female,91,152,27,moderate,lose_weight,59,162,1658,187,115,49
male,59,171,27,moderate,gain_weight,76,94,2586,109,375,71
female,72,156,34,low,build_muscle,86,51,2027,128,237,62
female,78,190,42,high,gain_weight,83,57,3161,145,460,82
female,54,188,20,high,gain_weight,67,70,2887,115,410,86
male,95,174,24,moderate,gain_weight,99,161,3339,200,452,80
female,78,166,33,high,gain_weight,96,177,2950,149,418,75
female,96,180,37,low,lose_weight,69,51,1316,164,91,32
male,77,177,34,high,gain_weight,96,90,3129,167,407,92
female,88,151,36,low,lose_weight,78,56,1062,177,11,33
male,80,181,50,high,gain_weight,103,145,3161,162,433,86
male,79,164,41,high,gain_weight,88,76,3013,169,383,89
female,81,172,21,high,build_muscle,93,138,3112,175,423,79
female,75,190,29,moderate,lose_weight,59,100,1806,141,185,55
male,88,150,30,high,build_muscle,97,128,3206,184,429,83
male,80,154,39,moderate,gain_weight,96,96,2821,167,395,63
female,71,186,45,high,gain_weight,74,144,2941,142,410,81
female,88,165,49,moderate,lose_weight,63,152,1675,160,169,39
male,94,168,50,high,gain_weight,106,175,3356,167,450,97
female,81,156,28,low,gain_weight,105,130,2035,138,251,52
male,53,156,43,high,gain_weight,59,74,2478,111,378,57
female,87,179,42,low,build_muscle,95,73,2246,179,238,63
male,77,180,21,low,build_muscle,84,49,2465,159,272,82
female,66,170,27,high,build_muscle,75,89,2867,115,428,76
female,86,164,49,high,gain_weight,89,152,2884,146,405,74
female,84,160,42,high,lose_weight,62,110,1928,160,201,53
female,99,163,34,high,lose_weight,63,49,2168,201,224,51
male,96,170,35,high,build_muscle,124,43,3622,161,502,107
male,97,159,18,low,lose_weight,77,75,1566,167,120,45
male,72,151,28,moderate,gain_weight,81,175,2668,118,367,80
male,81,158,27,low,lose_weight,55,103,1260,140,101,32
female,78,163,44,low,build_muscle,92,125,2171,161,250,58
male,63,185,28,low,lose_weight,44,93,1237,128,112,30
female,100,156,44,high,gain_weight,116,56,3148,205,358,99
female,61,184,21,moderate,build_muscle,74,156,2672,121,346,89
male,99,174,48,high,gain_weight,123,124,3529,200,439,107
male,91,174,49,moderate,build_muscle,111,80,3015,171,364,97
female,91,190,21,low,lose_weight,57,101,1412,183,97,31
male,66,182,29,low,build_muscle,75,175,2321,127,326,56
male,62,154,43,moderate,lose_weight,51,104,1361,133,110,42
male,69,187,23,high,build_muscle,81,30,3400,126,505,96
female,100,150,48,low,build_muscle,121,122,2208,193,218,62
male,91,159,45,low,lose_weight,84,174,1753,177,140,53
female,67,164,38,low,gain_weight,70,43,1891,144,221,47
male,81,167,28,high,lose_weight,57,110,2283,172,251,65
male,82,170,34,high,lose_weight,67,56,2217,146,255,67
male,68,181,23,high,gain_weight,88,82,3191,116,445,104
male,89,169,24,high,gain_weight,102,35,3534,170,470,108
male,99,163,34,moderate,build_muscle,111,163,3222,206,427,75
female,87,176,41,low,build_muscle,100,165,2288,158,259,68
male,52,173,26,low,lose_weight,42,163,1229,113,121,31
male,65,163,18,moderate,lose_weight,41,95,1842,109,213,60
male,58,181,18,low,lose_weight,53,119,1563,103,202,37
male,73,190,36,high,gain_weight,88,142,3338,151,464,97
male,79,168,41,low,build_muscle,101,162,2228,163,278,51
female,80,179,21,high,lose_weight,72,41,2135,170,247,51
male,68,188,31,moderate,lose_weight,48,122,1977,123,243,56
male,59,154,44,high,build_muscle,68,146,2606,102,364,81
female,55,189,37,low,lose_weight,44,31,958,112,69,25
female,81,163,26,low,lose_weight,69,165,1203,140,83,34
female,50,160,25,high,build_muscle,60,111,2350,98,316,76
female,92,189,28,moderate,build_muscle,112,106,3173,148,439,91
female,79,171,44,moderate,lose_weight,50,174,1670,133,169,50
female,65,190,37,high,gain_weight,82,144,2910,119,398,92
male,58,171,31,moderate,lose_weight,46,164,1747,115,207,50
female,78,158,45,high,gain_weight,81,50,2804,165,331,90
female,97,189,46,low,gain_weight,106,108,2496,194,261,74
female,53,168,24,high,lose_weight,46,63,1570,97,212,36
female,93,164,21,low,build_muscle,107,49,2415,203,263,60
male,71,166,20,low,build_muscle,84,37,2339,130,303,67
female,92,162,28,low,gain_weight,107,73,2296,176,263,59
male,52,182,27,low,lose_weight,32,117,1200,110,114,33
male,80,165,49,high,build_muscle,88,154,3039,135,444,79
female,59,190,23,high,lose_weight,43,154,1818,103,220,57
male,65,167,39,low,build_muscle,76,178,2027,110,273,54
female,57,156,24,low,build_muscle,67,178,1835,94,256,47
male,75,186,28,high,lose_weight,56,77,2280,151,273,64
female,58,186,41,low,gain_weight,75,145,1946,100,251,60
female,66,173,48,low,lose_weight,61,166,1414,133,143,33
female,84,163,43,moderate,lose_weight,62,82,1524,140,135,46
female,66,190,20,low,build_muscle,74,172,2301,122,332,53
female,83,169,47,moderate,gain_weight,100,168,2660,156,346,72
female,50,178,33,moderate,lose_weight,43,156,1627,103,196,47
female,64,158,19,low,lose_weight,43,64,859,106,48,26
female,56,190,20,moderate,gain_weight,67,180,2634,109,394,68
female,90,181,24,moderate,gain_weight,113,94,2918,189,356,81
male,75,179,47,low,build_muscle,91,51,2154,122,261,68
female,70,157,46,moderate,lose_weight,50,93,1286,153,95,32
female,90,174,41,low,build_muscle,114,157,2390,170,305,53
male,54,178,33,moderate,lose_weight,33,178,1630,87,221,43
female,66,162,19,low,build_muscle,75,124,2104,123,287,51
female,90,182,31,moderate,build_muscle,112,59,3100,151,425,88
male,69,167,35,high,build_muscle,84,52,3044,115,484,71
male,61,165,24,low,lose_weight,50,105,1222,118,108,34
male,57,152,24,moderate,gain_weight,65,99,2631,102,368,83
male,89,171,45,moderate,lose_weight,58,128,2016,147,242,50
male,91,174,27,high,build_muscle,112,85,3469,147,531,83
male,60,163,43,low,lose_weight,49,75,890,106,63,23
female,53,183,39,high,lose_weight,32,119,1597,85,214,44
male,57,158,38,high,lose_weight,34,136,1727,119,218,41
male,94,171,49,moderate,lose_weight,70,93,1966,187,156,65
male,94,169,31,high,lose_weight,57,32,2584,150,304,84
male,59,173,27,high,lose_weight,52,174,2386,120,318,69
female,98,163,46,high,lose_weight,78,46,2057,164,200,66
male,75,152,34,moderate,build_muscle,93,171,2680,133,393,63
female,94,156,43,low,build_muscle,105,37,2128,166,241,55
male,69,159,32,moderate,build_muscle,86,68,2761,130,361,88
female,65,150,48,low,build_muscle,70,83,1821,142,181,58
male,75,189,24,low,build_muscle,83,142,2568,137,370,59
male,99,167,26,high,lose_weight,61,58,2541,178,322,59
female,50,184,27,high,gain_weight,62,128,2626,86,408,71
female,63,167,36,moderate,build_muscle,74,169,2476,128,361,57
male,83,165,36,low,lose_weight,71,113,1325,152,84,42
female,72,190,49,high,gain_weight,79,54,3007,124,452,77
female,98,187,19,low,gain_weight,114,174,2650,187,304,75
female,89,177,24,high,build_muscle,93,31,3409,169,436,109
male,56,186,29,low,gain_weight,60,173,2082,108,256,68
female,69,168,29,moderate,lose_weight,57,59,1487,144,117,48
male,87,179,26,low,build_muscle,92,119,2644,171,355,59
male,78,159,28,low,lose_weight,63,102,1351,129,135,32
male,67,158,26,moderate,gain_weight,80,95,2686,112,400,70
female,78,160,43,high,gain_weight,93,163,2672,158,358,67
male,98,178,32,moderate,build_muscle,119,126,3435,200,416,107
female,81,173,35,low,gain_weight,100,179,2058,146,248,53
female,99,170,36,low,build_muscle,102,48,2289,201,249,53
male,89,183,26,low,lose_weight,80,70,1555,149,124,51
male,93,153,27,high,gain_weight,118,55,3420,198,442,95
male,77,160,24,high,lose_weight,72,142,2527,125,370,60
female,80,150,21,moderate,build_muscle,104,47,2685,131,385,68
female,62,157,48,low,build_muscle,75,53,1699,120,192,49
male,65,186,22,moderate,gain_weight,83,74,3064,121,421,99
female,68,158,28,low,build_muscle,73,30,2042,134,259,51
male,100,173,40,low,gain_weight,123,153,2708,216,323,60
male,51,180,46,moderate,gain_weight,55,157,2611,105,352,86
male,86,177,22,moderate,lose_weight,79,97,2329,158,286,60
female,67,164,43,high,build_muscle,73,44,2565,135,318,83
female,97,183,47,low,lose_weight,88,146,1492,157,141,33
male,55,167,30,moderate,build_muscle,63,172,2676,101,412,69
female,56,158,31,high,build_muscle,64,63,2495,119,363,62
male,71,174,42,moderate,build_muscle,83,123,2898,132,428,72
male,82,187,49,high,lose_weight,65,168,2340,159,269,69
female,60,189,43,moderate,gain_weight,77,157,2414,109,347,65
female,87,182,19,high,build_muscle,97,145,3301,147,438,106
female,67,181,40,low,gain_weight,71,115,2054,132,258,54
female,93,184,19,moderate,build_muscle,111,85,3238,177,466,73
male,76,186,41,low,build_muscle,81,178,2451,130,339,63
female,60,170,42,high,build_muscle,71,34,2576,109,366,74
male,74,166,35,low,lose_weight,66,90,1307,119,112,42
female,60,160,29,low,gain_weight,72,117,1857,102,226,60
female,67,153,49,moderate,build_muscle,70,42,2180,138,249,69
male,58,157,42,moderate,gain_weight,61,37,2459,115,360,61
male,55,171,22,moderate,lose_weight,50,76,1816,91,228,59
male,68,164,18,moderate,build_muscle,87,124,2740,109,388,83
female,59,161,22,high,build_muscle,65,105,2648,117,398,64
female,83,161,43,low,gain_weight,93,85,1961,156,211,54
male,60,171,41,high,build_muscle,73,160,2850,131,405,78
female,84,156,37,high,build_muscle,92,81,2886,181,371,74
male,52,165,24,moderate,gain_weight,67,65,2697,94,386,85
female,65,172,36,low,build_muscle,74,58,1940,107,237,62
female,69,188,47,low,lose_weight,57,120,1108,123,97,25
female,94,177,39,moderate,lose_weight,77,131,1934,205,149,57
female,90,156,33,moderate,build_muscle,96,39,2793,178,351,74
female,93,186,39,low,build_muscle,96,142,2499,192,281,67
female,72,157,31,moderate,build_muscle,76,91,2421,143,324,60
male,62,170,48,high,gain_weight,79,99,2869,118,451,65
female,65,160,47,high,lose_weight,58,139,1752,125,216,42
female,92,172,27,moderate,build_muscle,115,58,2971,171,390,80
male,96,164,23,high,build_muscle,110,45,3616,172,490,107
female,56,168,43,moderate,lose_weight,39,40,1130,122,98,27
male,60,186,33,high,lose_weight,45,126,2054,114,293,46
male,72,168,36,high,gain_weight,88,138,3060,120,419,100
male,98,171,30,moderate,build_muscle,101,158,3125,167,380,103
female,73,175,18,high,build_muscle,80,57,3086,120,469,80
female,56,166,46,moderate,build_muscle,60,175,2042,100,296,50
female,84,188,44,high,build_muscle,101,166,3220,182,406,96
male,51,173,36,low,lose_weight,40,166,1110,82,125,30
male,80,162,28,moderate,lose_weight,59,101,1861,132,216,51
female,89,170,31,high,gain_weight,104,76,3065,170,370,100
male,75,182,29,low,lose_weight,52,38,1420,156,92,47
female,100,163,27,low,gain_weight,112,147,2452,184,304,54
male,68,183,21,low,lose_weight,58,120,1431,144,112,44
female,71,185,39,moderate,lose_weight,52,132,1607,133,153,51
male,62,184,42,high,gain_weight,69,168,3135,102,471,93
female,63,151,37,moderate,build_muscle,73,124,2265,116,322,56
female,81,178,26,low,build_muscle,83,49,2398,173,263,72
male,83,156,35,high,gain_weight,87,58,3141,152,466,74
female,51,167,48,low,build_muscle,66,133,1653,107,209,42
female,58,186,41,high,lose_weight,49,151,1893,119,236,52
female,93,153,28,moderate,gain_weight,96,114,2742,200,290,86
female,50,178,20,low,gain_weight,57,124,1878,91,258,53
female,63,166,21,low,build_muscle,67,89,1950,117,265,46
female,91,173,29,moderate,build_muscle,107,112,2826,195,370,62
female,52,156,48,high,lose_weight,32,157,1225,96,129,35
male,52,174,45,high,lose_weight,46,130,2005,90,274,60
female,97,152,27,high,build_muscle,112,32,3147,210,384,85
female,91,169,20,high,lose_weight,79,147,2274,191,228,66
female,72,154,34,high,gain_weight,91,126,2733,152,352,79
male,52,152,27,high,build_muscle,61,144,2755,86,403,88
female,94,152,33,moderate,build_muscle,107,61,2795,176,328,85
female,56,189,40,moderate,gain_weight,71,53,2407,117,336,65
male,64,156,50,low,gain_weight,68,105,1963,138,232,53
male,72,168,30,low,gain_weight,77,54,2391,119,333,64
male,94,158,41,low,gain_weight,102,161,2263,164,246,68
male,84,186,38,moderate,lose_weight,56,104,2201,180,211,70
female,52,175,22,moderate,lose_weight,44,55,1455,110,149,46
female,73,178,32,moderate,lose_weight,45,160,1652,146,145,54
female,67,190,50,low,build_muscle,69,92,2054,131,238,64
male,68,162,23,low,lose_weight,60,170,1470,120,154,41
male,86,177,34,moderate,gain_weight,96,56,3177,169,450,77
female,65,158,18,low,build_muscle,81,84,2015,140,246,52
female,66,181,22,low,lose_weight,42,89,1114,126,76,33
male,79,185,50,moderate,build_muscle,88,86,2968,167,375,88
female,63,183,34,high,gain_weight,68,153,2763,126,392,76
male,90,160,31,low,build_muscle,99,34,2517,166,329,58
female,73,156,30,low,build_muscle,85,122,2072,132,262,54
female,87,189,31,high,gain_weight,94,140,3274,150,426,107
female,72,152,24,moderate,build_muscle,88,99,2378,139,291,72
male,55,173,22,moderate,gain_weight,66,165,2687,103,368,89
male,79,172,29,high,build_muscle,88,94,3185,157,437,89
female,91,172,20,low,gain_weight,102,57,2409,175,256,75
male,89,165,21,low,lose_weight,80,138,1764,153,157,57
male,77,166,38,high,lose_weight,46,95,2159,126,298,51
female,67,178,42,high,gain_weight,81,148,2779,130,407,69
female,87,173,50,moderate,build_muscle,109,134,2792,149,376,76
female,81,158,43,moderate,build_muscle,94,35,2592,131,329,83
female,97,151,34,low,build_muscle,118,104,2070,202,181,59
male,86,154,28,moderate,gain_weight,102,126,2892,175,402,64
female,99,186,38,low,lose_weight,68,148,1363,168,84,39
female,91,175,29,moderate,build_muscle,110,146,2956,164,358,95
female,95,161,32,high,lose_weight,83,37,2194,197,235,51
female,52,162,33,moderate,build_muscle,60,105,2124,98,289,63
female,79,153,50,low,gain_weight,93,138,1917,162,192,55
female,71,170,19,low,build_muscle,82,149,2094,152,253,52
male,81,164,25,moderate,gain_weight,93,158,2896,134,399,84
male,88,168,30,low,build_muscle,92,131,2443,170,317,54
female,79,184,29,moderate,build_muscle,94,119,2729,171,339,76
female,93,172,40,high,build_muscle,117,73,3138,163,427,85
male,81,187,29,low,build_muscle,96,135,2461,165,271,79
female,58,150,49,moderate,lose_weight,48,140,1163,104,121,28
male,76,161,48,moderate,lose_weight,59,42,1594,141,170,38
male,100,154,49,high,gain_weight,102,134,3320,168,456,90
female,66,171,28,high,build_muscle,84,131,2802,121,426,68
female,60,190,29,high,gain_weight,75,71,2864,97,436,81
female,95,157,18,low,lose_weight,65,171,1384,188,62,42
female,68,181,40,low,lose_weight,59,79,993,120,74,23
female,67,173,22,moderate,build_muscle,86,132,2705,119,389,74
female,58,167,36,low,gain_weight,60,85,1852,122,223,52
male,96,164,19,low,gain_weight,100,63,2469,180,298,61
male,75,168,31,low,lose_weight,62,69,1321,140,107,36
female,54,177,33,low,gain_weight,63,165,1940,109,269,47
female,85,159,24,high,lose_weight,57,168,1921,170,173,60
female,64,188,45,high,lose_weight,38,109,1823,140,205,48
female,76,187,40,high,build_muscle,88,48,3156,151,409,101
female,65,166,28,high,build_muscle,75,94,2752,131,399,69
female,90,169,30,moderate,lose_weight,70,120,1889,154,185,58
female,86,186,27,moderate,gain_weight,102,108,2994,163,417,74
male,59,189,19,low,build_muscle,65,166,2283,124,301,64
male,51,162,20,moderate,lose_weight,34,121,1601,110,185,46
female,80,159,18,high,gain_weight,86,85,3090,129,421,98
male,52,163,33,high,build_muscle,64,38,2748,103,383,89
female,68,166,27,moderate,gain_weight,80,98,2575,123,345,77
male,78,165,47,low,lose_weight,68,48,1246,143,83,37
male,89,163,44,moderate,build_muscle,103,97,3015,170,409,77
female,62,172,42,low,gain_weight,77,109,1858,111,247,46
male,64,171,25,high,lose_weight,47,97,2068,115,291,48
female,100,152,26,low,build_muscle,122,175,2388,181,239,78
male,81,171,40,low,lose_weight,66,117,1326,131,119,35
female,71,189,29,low,build_muscle,82,64,2297,120,329,55
male,72,163,47,moderate,gain_weight,93,67,2742,141,363,80
male,75,171,20,moderate,gain_weight,83,124,2929,148,376,91
male,56,176,50,low,gain_weight,64,89,1949,99,264,54
male,75,181,21,low,lose_weight,59,50,1354,153,106,34
male,86,171,29,moderate,lose_weight,56,35,2006,150,247,46
male,72,162,42,moderate,lose_weight,61,64,1762,120,196,54
female,68,184,24,low,build_muscle,82,92,2094,126,279,52
female,51,172,19,high,lose_weight,31,67,1609,96,217,39
female,79,181,47,moderate,build_muscle,83,57,2668,170,308,83
male,56,180,46,moderate,gain_weight,65,109,2618,110,389,68
male,64,166,48,moderate,build_muscle,76,31,2586,118,393,59
male,89,182,29,low,lose_weight,71,160,1620,150,143,49
female,69,186,39,moderate,gain_weight,82,94,2579,145,336,72
female,70,163,28,moderate,build_muscle,72,60,2496,131,341,67
female,83,182,27,high,lose_weight,78,136,2677,138,369,71
male,56,174,50,moderate,build_muscle,60,87,2446,97,331,81
female,50,156,48,high,build_muscle,52,59,2164,89,332,53
male,55,160,29,moderate,lose_weight,37,50,1537,114,161,48
male,52,151,36,low,gain_weight,66,157,1761,88,255,42
male,84,170,24,low,gain_weight,90,73,2550,172,334,58
male,76,153,24,low,lose_weight,49,47,1234,162,69,34
female,89,161,47,high,gain_weight,102,39,2830,181,323,90
male,92,154,23,high,build_muscle,96,98,3470,160,505,89
female,59,160,31,moderate,build_muscle,71,75,2201,115,301,59
female,98,178,40,moderate,lose_weight,76,67,1975,215,173,46
female,51,150,31,moderate,build_muscle,65,163,1953,105,281,44
female,51,150,35,moderate,build_muscle,66,34,2114,93,311,54
male,99,182,19,moderate,gain_weight,125,57,3470,174,483,93
male,61,150,42,high,lose_weight,36,101,1598,107,208,37
female,80,176,34,high,lose_weight,74,126,2428,133,335,61
male,54,154,39,low,lose_weight,35,169,965,116,71,23
female,82,151,44,low,build_muscle,86,37,1899,161,177,60
female,56,150,50,moderate,gain_weight,61,51,1900,120,224,57
female,69,164,44,low,gain_weight,82,174,1966,126,264,44
female,88,158,27,low,lose_weight,59,64,1105,189,12,33
male,71,162,49,low,lose_weight,60,144,1285,137,107,33
female,71,173,41,high,build_muscle,75,101,2755,115,414,70
male,80,155,40,moderate,gain_weight,97,58,2614,132,351,75
male,54,189,37,moderate,gain_weight,69,179,2837,114,382,94
male,94,175,34,high,lose_weight,66,155,2553,166,308,72
female,94,176,49,high,lose_weight,73,144,2151,172,246,52
male,83,150,50,low,gain_weight,90,127,2117,143,253,58
male,92,176,48,moderate,lose_weight,74,95,2023,195,176,59
male,75,189,24,high,gain_weight,95,122,3504,151,530,85
male,77,176,35,high,gain_weight,98,97,3169,159,406,100
female,93,189,25,high,build_muscle,95,58,3375,154,465,99
female,65,169,32,high,lose_weight,55,113,1725,140,175,51
male,57,169,35,high,gain_weight,72,130,2956,110,409,96
female,100,165,32,low,lose_weight,75,56,1271,210,16,40
male,100,183,19,high,lose_weight,90,171,3116,202,412,73
male,90,167,28,low,gain_weight,103,54,2493,172,270,80
male,73,172,33,moderate,lose_weight,58,35,1876,117,234,52
female,86,180,32,moderate,gain_weight,107,61,2865,185,341,83
female,64,166,42,high,build_muscle,70,156,2578,111,393,61
female,73,185,46,moderate,build_muscle,91,99,2667,156,327,81
male,83,164,27,low,gain_weight,90,36,2321,135,287,69
male,88,179,35,moderate,gain_weight,101,119,3176,181,399,94
female,70,188,27,high,build_muscle,87,51,3031,134,458,73
male,71,163,38,moderate,lose_weight,51,51,1663,126,173,51
male,95,165,43,moderate,lose_weight,89,128,2454,158,273,80
female,91,154,38,low,lose_weight,55,99,1116,196,9,32
male,93,172,45,low,lose_weight,86,131,1678,163,161,41
female,78,181,42,low,build_muscle,93,93,2177,138,245,71
female,54,155,26,high,build_muscle,63,47,2493,101,359,72
male,86,150,39,moderate,gain_weight,94,139,2754,140,360,83
male,81,150,40,moderate,gain_weight,95,100,2783,169,355,76
female,94,161,38,moderate,build_muscle,106,119,2750,172,374,62
female,98,190,42,moderate,lose_weight,89,142,2229,171,231,68
male,62,173,49,high,lose_weight,44,78,1866,122,217,55
male,56,174,31,high,gain_weight,64,150,2926,112,432,82
female,56,175,47,moderate,gain_weight,66,71,2200,116,315,52
male,65,159,27,low,build_muscle,74,177,2142,116,281,61
female,69,157,41,high,gain_weight,83,40,2558,139,366,59
male,59,158,50,high,gain_weight,65,87,2659,107,415,63
female,76,188,24,moderate,gain_weight,95,43,2904,152,418,69
female,57,157,41,low,lose_weight,50,125,947,105,78,23
female,76,162,24,moderate,lose_weight,51,60,1645,133,172,47
male,96,162,34,high,build_muscle,120,154,3363,197,429,95
female,86,152,27,moderate,lose_weight,58,84,1685,172,154,41
female,89,170,41,moderate,lose_weight,56,86,1781,195,152,43
female,56,159,36,low,gain_weight,67,68,1843,99,226,60
male,77,162,25,low,gain_weight,93,166,2331,141,285,69
male,82,188,18,low,lose_weight,62,53,1651,159,169,37
female,73,183,27,high,build_muscle,94,124,2935,151,411,76
female,78,163,36,high,gain_weight,100,84,2875,126,441,66
female,68,158,32,moderate,lose_weight,40,118,1296,118,127,34
male,81,175,24,high,lose_weight,73,124,2591,174,285,83
male,75,174,35,high,lose_weight,45,108,2222,149,288,52
male,98,159,39,low,lose_weight,68,129,1361,187,71,35
female,95,167,46,moderate,lose_weight,62,38,1852,202,149,49
female,97,186,50,low,build_muscle,102,99,2440,197,234,79
male,63,182,26,moderate,build_muscle,72,179,2977,115,479,66
male,94,176,46,low,build_muscle,122,106,2641,154,365,62
female,79,189,48,high,lose_weight,47,98,2033,169,227,49
male,54,175,50,moderate,gain_weight,64,149,2492,92,394,60
male,96,176,39,high,build_muscle,99,152,3694,167,567,84
male,82,151,22,high,build_muscle,95,120,3083,151,425,86
female,99,171,21,low,build_muscle,101,131,2476,208,248,71
female,98,154,39,moderate,lose_weight,69,72,1796,171,145,58
male,86,188,26,moderate,gain_weight,100,63,3212,169,402,102
female,82,189,26,moderate,build_muscle,96,118,3025,179,397,79
female,86,171,41,low,build_muscle,97,75,2349,148,316,54
female,77,189,18,moderate,lose_weight,64,144,1887,129,206,60
female,87,189,44,high,build_muscle,106,43,3116,184,380,94
female,64,168,30,moderate,build_muscle,78,80,2383,107,344,64
female,90,158,48,low,build_muscle,105,96,2177,177,208,70
female,51,171,34,low,build_muscle,59,150,1984,97,297,45
female,69,165,47,high,lose_weight,46,85,1612,114,203,37
female,65,189,45,low,build_muscle,76,109,2200,125,303,53
female,66,168,50,low,lose_weight,59,33,837,134,22,22
male,55,177,43,low,build_muscle,67,173,2031,106,286,50
female,96,183,48,moderate,lose_weight,79,179,1980,157,225,49
female,65,171,39,high,gain_weight,68,95,2556,138,334,73
male,66,157,40,low,build_muscle,70,55,2097,119,277,56
male,55,154,26,moderate,gain_weight,64,155,2485,110,328,80
male,100,179,18,low,gain_weight,115,59,2784,191,353,67
female,77,155,33,high,gain_weight,84,34,2907,147,400,79
female,93,186,44,low,gain_weight,111,146,2325,185,251,63
male,89,167,50,moderate,gain_weight,109,155,3023,184,400,75
female,51,169,43,high,gain_weight,63,178,2418,103,349,66
male,69,153,46,moderate,build_muscle,75,169,2504,128,309,83
female,66,183,39,moderate,lose_weight,39,159,1614,131,166,47
male,96,180,34,high,gain_weight,108,95,3560,200,441,110
male,52,172,35,moderate,gain_weight,66,89,2532,83,370,79
male,52,183,35,low,gain_weight,59,151,2078,109,285,55
female,60,159,18,low,lose_weight,38,53,832,111,54,18
male,66,166,33,high,lose_weight,61,90,2135,130,263,62
male,93,190,47,low,lose_weight,62,68,1623,196,90,53
male,94,161,42,moderate,build_muscle,100,34,2944,152,385,87
male,56,177,44,moderate,lose_weight,38,54,1539,117,175,40
female,63,190,43,high,build_muscle,71,89,2818,137,399,74
male,57,171,31,moderate,lose_weight,45,76,1604,116,176,48
male,64,171,18,high,gain_weight,77,113,3074,105,442,98
female,54,167,25,moderate,build_muscle,59,169,2230,102,328,56
male,71,175,50,low,lose_weight,47,68,1191,155,82,26
male,76,175,45,high,build_muscle,98,116,3087,164,377,102
female,51,182,20,high,build_muscle,63,68,2595,105,389,68
male,55,158,21,high,build_muscle,71,33,2754,97,395,87
female,87,175,19,low,gain_weight,93,162,2338,155,286,63
female,83,171,27,low,gain_weight,98,75,2201,140,275,59
female,68,153,34,moderate,build_muscle,76,138,2315,114,307,69
male,51,154,27,low,gain_weight,56,176,1954,88,269,57
male,63,153,44,low,lose_weight,42,50,1015,129,70,23
male,62,180,30,moderate,gain_weight,77,78,2769,101,440,66
male,60,179,50,high,build_muscle,73,101,2769,102,405,81
male,60,165,26,high,gain_weight,78,164,2850,127,441,63
male,86,188,26,low,lose_weight,68,49,1544,153,142,39
female,80,179,28,high,lose_weight,64,67,2095,175,241,47
male,50,155,22,high,lose_weight,35,51,1627,106,185,50
male,61,163,38,moderate,gain_weight,69,126,2489,127,353,62
male,60,169,29,high,build_muscle,64,42,2926,100,476,69
female,67,166,30,low,lose_weight,61,136,1343,140,102,41
female,59,160,20,high,build_muscle,70,130,2560,119,362,70
male,75,156,35,moderate,gain_weight,91,40,2599,151,340,69
female,52,188,21,moderate,lose_weight,37,132,1606,84,217,44
male,92,170,30,low,gain_weight,102,136,2522,169,302,70
male,74,162,20,low,build_muscle,81,73,2227,142,261,68
female,80,160,42,low,build_muscle,89,137,1930,172,206,46
male,96,174,44,moderate,gain_weight,114,79,3162,170,389,102
male,68,180,36,moderate,build_muscle,81,165,2969,110,418,94
male,89,165,32,moderate,gain_weight,101,70,2974,157,424,71
female,83,188,32,high,build_muscle,87,154,3285,169,419,103
male,99,161,50,low,build_muscle,102,41,2293,206,237,57
male,96,160,44,high,lose_weight,86,165,2531,172,271,83
male,86,151,25,low,gain_weight,109,115,2326,143,274,72
female,96,166,29,high,lose_weight,82,42,2215,168,272,50
female,63,172,27,low,gain_weight,66,156,1963,131,217,63
male,95,159,37,high,build_muscle,103,70,3369,196,452,85
female,65,187,25,low,build_muscle,70,124,2320,118,293,74
female,73,150,18,high,gain_weight,82,52,2809,130,427,64
female,77,177,29,high,build_muscle,86,45,3037,147,444,74
male,63,164,28,high,build_muscle,74,140,2936,104,429,88
female,53,190,40,moderate,lose_weight,48,180,1861,90,278,43
female,65,171,48,high,gain_weight,78,137,2626,116,398,62
female,56,180,26,low,build_muscle,67,39,1955,120,269,44
male,57,156,40,moderate,build_muscle,59,100,2315,115,342,53
female,77,180,23,low,lose_weight,50,35,1280,156,91,31
female,50,180,48,high,build_muscle,62,147,2465,88,344,81
male,97,153,22,high,build_muscle,101,80,3477,179,476,94
male,59,159,20,high,gain_weight,75,171,2792,99,447,67
female,52,190,47,high,gain_weight,65,173,2499,103,386,59
male,85,150,47,moderate,build_muscle,92,90,2791,152,339,91
male,66,161,44,high,lose_weight,41,134,1726,108,234,39
female,81,162,50,moderate,build_muscle,97,178,2546,177,322,60
male,68,160,42,low,lose_weight,41,176,1060,131,61,32
male,59,185,24,low,lose_weight,35,112,1194,106,106,38
female,81,180,40,moderate,gain_weight,85,63,2820,143,371,84
female,90,167,39,high,lose_weight,84,157,2508,164,286,78
female,62,155,19,high,lose_weight,49,51,1524,107,183,40
female,70,153,36,high,build_muscle,89,162,2584,124,378,63
male,79,181,37,high,lose_weight,70,173,2664,131,387,65
male,90,184,38,high,lose_weight,73,122,2451,180,270,71
female,64,159,23,low,lose_weight,46,42,992,103,79,28
male,82,166,43,moderate,build_muscle,90,46,2888,170,335,96
male,68,171,32,high,build_muscle,74,56,3124,115,456,92
female,50,172,45,low,build_muscle,61,170,1650,96,204,49
female,90,155,38,high,gain_weight,95,65,2950,169,384,81
male,71,163,31,low,build_muscle,81,77,2248,153,258,66
female,78,154,38,moderate,lose_weight,50,46,1375,127,116,44
female,94,160,50,low,build_muscle,100,177,2084,171,237,49
female,53,174,32,low,build_muscle,58,65,1846,96,252,50
female,78,183,29,high,build_muscle,90,31,3138,140,474,75
male,50,167,38,moderate,lose_weight,40,176,1587,92,195,48
female,81,184,48,high,gain_weight,85,142,2978,139,385,97
female,82,159,42,low,build_muscle,103,133,1980,179,178,61
female,97,162,41,low,gain_weight,125,60,2232,159,278,53
female,67,165,47,moderate,build_muscle,76,133,2321,131,322,56
male,71,161,36,high,gain_weight,79,130,2968,140,441,71
male,80,186,18,high,build_muscle,97,139,3597,153,480,117
female,94,185,29,moderate,lose_weight,84,166,2248,166,277,52
female,55,168,46,moderate,lose_weight,34,106,1110,119,76,36
male,61,156,26,high,gain_weight,68,146,2842,111,388,93
female,67,154,42,moderate,lose_weight,57,75,1272,127,104,37
female,55,176,49,low,build_muscle,65,160,1782,116,228,44
female,57,167,43,high,build_muscle,64,69,2595,106,360,80
male,72,187,21,high,gain_weight,81,102,3389,143,503,89
female,77,187,34,high,build_muscle,83,161,3012,147,449,69
female,74,187,46,moderate,gain_weight,90,110,2675,137,351,80
female,56,183,26,high,build_muscle,60,35,2824,94,466,64
male,71,160,41,moderate,lose_weight,48,109,1626,114,170,53
female,58,179,30,low,gain_weight,63,43,2006,101,272,56
male,64,184,39,low,lose_weight,58,167,1734,116,221,42
male,89,171,50,low,gain_weight,101,144,2431,163,265,79
male,85,169,27,high,build_muscle,87,71,3291,166,481,77
male,71,163,24,moderate,build_muscle,79,53,2752,129,381,78
female,57,150,46,moderate,gain_weight,62,162,2143,103,278,67
male,69,158,45,moderate,gain_weight,82,162,2579,118,390,60
male,96,186,42,moderate,gain_weight,106,98,3234,182,438,83
female,60,170,22,low,build_muscle,77,169,1983,105,254,60
male,90,166,22,low,lose_weight,80,139,1687,171,149,44
male,68,189,24,moderate,build_muscle,72,173,3126,114,453,94
female,77,187,37,high,build_muscle,96,135,3116,148,438,85
male,84,159,41,low,build_muscle,92,79,2221,148,274,58
male,93,168,50,low,build_muscle,96,125,2442,152,326,58
male,93,186,47,high,build_muscle,106,65,3497,189,443,107
female,52,167,50,moderate,build_muscle,67,55,2081,112,256,67
male,80,156,44,moderate,lose_weight,48,109,1699,128,179,52
female,84,174,36,high,gain_weight,100,126,2980,184,342,97
male,87,183,31,low,gain_weight,93,131,2571,156,306,80
female,75,163,44,moderate,gain_weight,87,43,2493,141,312,74
male,81,161,42,low,build_muscle,93,123,2334,178,261,63
female,93,165,47,moderate,build_muscle,103,164,2772,189,305,87
female,54,184,20,low,gain_weight,68,155,2050,95,293,55
female,73,161,26,high,gain_weight,80,96,2801,136,402,71
male,70,184,45,low,gain_weight,78,174,2268,131,268,74
female,83,166,37,high,gain_weight,94,75,3036,170,415,76
female,60,165,48,moderate,gain_weight,65,115,2349,121,344,53
female,85,151,46,moderate,lose_weight,75,107,1506,173,120,36
female,68,159,25,low,build_muscle,83,137,2075,119,254,64
female,77,173,49,moderate,gain_weight,84,82,2503,165,328,58
male,61,177,35,low,gain_weight,67,151,2165,116,311,50
male,67,167,31,low,build_muscle,87,163,2170,137,260,64
female,99,151,24,moderate,lose_weight,88,50,1906,174,189,49
male,71,174,49,moderate,build_muscle,82,76,2726,132,381,74
male,93,184,48,moderate,gain_weight,113,141,3120,163,406,93
female,65,153,29,high,build_muscle,81,49,2461,125,342,65
male,69,176,41,moderate,gain_weight,72,120,2798,118,378,89
female,61,156,19,high,lose_weight,37,145,1626,123,166,51
female,84,170,33,high,build_muscle,100,37,3077,139,456,77
female,73,157,21,low,gain_weight,92,102,2163,142,279,52
female,99,184,32,high,gain_weight,104,109,3523,213,480,82
female,73,155,26,moderate,lose_weight,53,108,1432,153,103,44
male,68,182,40,high,build_muscle,70,87,3109,140,439,87
female,82,172,29,moderate,lose_weight,56,56,1841,131,220,48
female,90,172,27,high,build_muscle,97,32,3224,157,486,71
female,78,187,34,high,build_muscle,101,77,3170,160,471,71
female,66,174,47,low,gain_weight,79,178,1915,107,237,59
male,67,166,34,low,build_muscle,69,46,2208,127,270,68
female,90,167,45,high,build_muscle,98,155,3095,163,427,81
female,63,153,34,low,gain_weight,78,107,1824,116,236,45
female,71,170,21,high,build_muscle,82,43,2879,118,432,75
male,69,188,30,high,build_muscle,75,77,3356,137,497,90
male,63,159,40,moderate,lose_weight,38,41,1562,110,163,51
female,96,155,26,low,lose_weight,78,61,1315,162,79,38
female,76,177,44,high,lose_weight,60,79,1865,150,195,53
female,75,151,35,high,gain_weight,79,109,2660,121,410,59
female,73,174,33,moderate,lose_weight,55,67,1608,120,185,42
male,92,168,34,high,gain_weight,111,142,3325,183,460,83
female,83,162,30,low,gain_weight,107,166,2267,158,268,62
female,100,163,43,moderate,build_muscle,103,159,2929,160,367,90
male,77,179,47,moderate,gain_weight,97,94,2828,137,419,66
female,66,163,45,high,lose_weight,48,166,1559,143,146,44
male,84,171,49,low,gain_weight,92,53,2438,138,299,76
female,57,154,31,high,build_muscle,59,78,2580,96,401,65
male,78,166,50,low,build_muscle,96,101,2177,140,277,56
female,90,154,36,low,gain_weight,97,95,2277,160,262,64
female,96,165,21,moderate,gain_weight,122,91,2856,210,318,82
male,83,156,49,moderate,gain_weight,97,75,2797,175,325,88
female,96,169,22,high,gain_weight,124,116,3256,155,492,73
male,56,178,50,high,build_muscle,69,37,2757,108,399,80
female,99,154,26,high,lose_weight,76,158,2100,217,179,56
male,53,171,40,low,gain_weight,68,149,2110,107,305,50
male,88,158,38,moderate,gain_weight,107,89,2888,166,406,66
male,54,186,37,high,gain_weight,61,139,2911,90,486,67
female,52,180,20,high,lose_weight,36,128,1688,102,213,47
male,67,185,19,high,gain_weight,75,123,3342,140,457,105
male,74,152,50,low,build_muscle,88,85,2118,134,282,49
male,100,157,20,low,lose_weight,88,53,1628,217,82,47
male,63,159,31,high,lose_weight,56,165,2203,101,308,62
female,97,186,42,low,gain_weight,115,31,2553,194,282,71
male,51,179,42,high,build_muscle,65,154,2807,85,413,89
female,71,150,42,high,lose_weight,43,134,1594,145,166,38
female,78,173,26,high,gain_weight,101,93,3030,139,421,87
male,52,156,26,high,build_muscle,63,53,2552,83,396,70
male,65,170,26,low,build_muscle,76,71,2167,134,268,61
male,92,183,18,moderate,build_muscle,97,120,3325,153,455,98
male,97,162,36,low,gain_weight,106,90,2371,171,297,55
female,93,153,20,high,build_muscle,110,101,3084,174,403,85
female,69,171,45,moderate,lose_weight,56,172,1518,130,145,45
female,93,190,46,low,lose_weight,74,37,1343,157,88,39
female,74,157,48,low,build_muscle,79,147,1972,134,249,48
male,96,167,46,low,build_muscle,103,38,2440,204,250,68
female,83,154,43,low,gain_weight,101,90,2032,182,224,45
male,60,190,40,low,build_muscle,68,151,2318,113,299,74
male,69,157,24,low,build_muscle,87,109,2316,121,288,75
male,58,174,18,low,gain_weight,68,156,2243,110,304,65
male,70,183,40,moderate,gain_weight,81,89,2880,122,433,72
male,56,163,47,moderate,lose_weight,51,44,1458,118,143,45
male,61,175,35,low,gain_weight,68,162,2220,107,297,66
female,71,160,43,high,lose_weight,54,121,1555,122,170,42
female,93,164,48,moderate,build_muscle,115,52,2774,168,325,88
male,74,188,38,low,lose_weight,60,66,1455,147,141,33
female,89,162,47,high,build_muscle,106,37,2919,155,417,70
female,59,186,48,high,build_muscle,72,128,2738,104,441,61
male,79,167,19,low,lose_weight,50,177,1298,165,78,35
male,66,187,33,low,gain_weight,73,83,2421,107,361,60
female,68,188,28,high,build_muscle,75,179,3135,112,472,88
female,68,184,29,low,build_muscle,77,92,2069,148,261,48
female,90,162,50,low,gain_weight,112,60,2080,181,209,57
male,92,157,19,low,gain_weight,110,46,2479,191,258,75
female,56,155,22,moderate,lose_weight,34,175,1322,116,126,39
female,91,152,20,low,lose_weight,84,79,1275,197,54,29
female,81,184,24,high,lose_weight,54,51,2287,164,289,52
male,60,182,18,moderate,lose_weight,37,76,1830,111,222,54
female,64,190,28,high,gain_weight,69,110,3127,135,434,94
female,71,176,19,low,lose_weight,42,97,1131,126,84,32
male,79,184,35,low,gain_weight,88,87,2390,128,313,69
male,60,152,40,moderate,gain_weight,66,61,2433,121,356,57
male,97,162,38,high,build_muscle,125,127,3323,203,407,97
male,58,190,33,high,gain_weight,75,162,3130,119,498,73
female,97,183,19,high,build_muscle,115,97,3635,204,503,89
male,99,176,32,high,lose_weight,67,161,2578,195,264,82
female,76,173,29,low,build_muscle,89,88,2235,147,283,56
female,73,164,29,high,gain_weight,84,108,2813,153,385,73
male,68,158,18,moderate,build_muscle,76,114,2814,129,413,71
female,99,169,32,low,gain_weight,120,143,2396,173,252,76
male,55,158,36,moderate,lose_weight,50,34,1414,106,167,35
male,94,163,49,low,gain_weight,119,121,2476,176,314,57
female,92,152,18,high,gain_weight,117,165,3003,176,391,81
female,52,173,29,high,gain_weight,55,114,2629,95,429,58
male,82,157,32,moderate,build_muscle,105,140,2861,176,341,87
male,89,180,31,high,build_muscle,110,179,3545,168,503,95
male,72,179,34,moderate,lose_weight,47,40,1864,135,204,55
male,69,182,34,high,gain_weight,79,170,3203,141,441,96
male,58,163,19,moderate,build_muscle,75,30,2625,121,392,63
female,64,168,47,moderate,build_muscle,79,43,2225,126,306,54
female,55,179,48,high,lose_weight,46,41,1426,95,173,38
male,88,182,50,moderate,lose_weight,60,67,2123,186,211,58
female,65,178,44,low,lose_weight,42,83,985,132,63,22
male,83,155,21,low,gain_weight,101,136,2335,162,294,56
female,51,182,31,low,lose_weight,37,67,994,89,88,31
male,68,172,30,moderate,build_muscle,70,154,2855,144,423,64
male,56,179,46,moderate,lose_weight,49,144,1961,99,283,47
female,89,170,29,high,gain_weight,103,122,3175,165,449,79
female,98,180,45,high,build_muscle,124,103,3304,188,461,78
male,86,156,47,low,lose_weight,79,174,1613,171,139,40
male,79,164,22,high,build_muscle,100,60,3195,152,414,103
male,63,171,40,low,build_muscle,69,144,2231,135,293,57
female,86,156,34,high,lose_weight,60,70,1892,139,207,56
male,54,160,22,low,lose_weight,36,113,1025,94,89,32
male,83,151,39,high,lose_weight,60,179,1954,158,198,58
male,63,167,38,moderate,build_muscle,79,107,2637,132,368,70
female,62,165,38,low,gain_weight,68,177,1766,124,194,54
male,57,157,40,low,lose_weight,38,168,873,107,63,20
male,59,156,22,moderate,gain_weight,73,65,2658,97,385,80
male,84,178,30,high,lose_weight,57,172,2343,162,277,65
female,67,170,41,low,gain_weight,77,175,2034,137,247,54
male,83,178,45,low,lose_weight,76,118,1695,137,174,49
female,85,171,44,moderate,gain_weight,109,155,2624,148,343,73
male,100,162,40,low,build_muscle,113,122,2529,195,277,70
female,87,158,45,moderate,gain_weight,96,127,2471,147,322,65
male,81,172,27,moderate,build_muscle,96,125,3147,134,462,84
male,77,178,32,low,lose_weight,61,176,1364,133,113,41
female,78,178,49,low,lose_weight,54,71,1041,142,58,26
male,52,169,42,low,build_muscle,54,81,1958,86,256,65
female,99,168,25,moderate,build_muscle,108,71,3144,163,426,87
male,54,183,40,high,gain_weight,67,113,2865,86,470,70
male,74,162,29,moderate,gain_weight,77,119,2824,147,351,91
female,77,177,39,low,gain_weight,94,176,2162,167,232,62
male,66,190,43,high,build_muscle,71,102,3204,135,454,94
female,89,153,24,high,build_muscle,91,165,2924,193,380,69
female,51,152,49,moderate,gain_weight,66,67,1968,88,265,61
male,79,173,26,moderate,lose_weight,64,55,2006,170,193,61
male,78,180,37,high,build_muscle,99,85,3255,134,438,107
male,90,167,47,low,gain_weight,109,159,2409,187,273,63
female,57,189,38,low,gain_weight,60,94,2050,123,252,60
male,71,179,46,moderate,lose_weight,65,60,1788,132,213,44
female,67,186,18,high,lose_weight,49,82,2074,145,231,62
male,86,157,30,moderate,build_muscle,107,38,2932,142,426,72
female,54,160,23,high,lose_weight,49,30,1528,100,192,39
female,58,152,48,moderate,build_muscle,69,84,2074,122,287,48
female,71,167,24,high,build_muscle,92,30,2981,124,423,87
female,95,158,40,high,build_muscle,105,123,3139,194,373,96
male,75,152,47,high,build_muscle,87,44,2801,149,361,84
female,55,159,50,high,lose_weight,35,154,1298,88,150,38
male,100,190,40,moderate,build_muscle,113,138,3392,193,474,79
male,58,185,50,moderate,gain_weight,69,79,2571,94,381,74
female,52,160,42,moderate,build_muscle,66,55,2240,92,335,58
male,98,161,19,moderate,build_muscle,116,178,3274,161,458,88
male,99,170,28,moderate,lose_weight,83,63,2367,170,284,60
male,52,188,24,high,build_muscle,55,165,3142,103,452,101
male,81,175,19,high,gain_weight,96,49,3318,133,468,101
female,84,156,23,low,gain_weight,106,162,2246,134,284,63
male,68,160,32,moderate,lose_weight,63,106,1967,121,260,48
male,72,155,23,low,lose_weight,53,99,1138,156,58,31
female,66,164,29,high,gain_weight,77,62,2840,110,419,80
male,66,172,27,low,gain_weight,76,31,2295,134,320,52
female,56,162,38,high,build_muscle,64,33,2480,98,375,64
male,96,184,50,high,gain_weight,107,102,3514,194,476,92
male,68,179,35,low,lose_weight,43,32,1178,129,83,36
male,92,183,32,high,gain_weight,119,176,3677,182,544,85
female,80,155,28,high,gain_weight,92,165,2889,163,358,89
female,76,190,28,high,lose_weight,64,154,2306,122,313,62
female,81,161,34,low,build_muscle,86,136,1965,139,244,47
female,71,180,23,low,build_muscle,88,132,2164,132,281,56
male,51,179,31,moderate,gain_weight,54,180,2676,91,441,60
female,94,150,29,low,lose_weight,73,169,1204,164,69,29
male,65,187,48,high,lose_weight,49,147,1962,131,245,50
male,100,186,23,moderate,build_muscle,114,142,3406,200,429,98
male,71,180,41,moderate,gain_weight,90,64,2756,152,356,80
male,87,186,50,high,lose_weight,72,80,2329,162,254,73
male,94,157,26,high,gain_weight,107,75,3500,199,488,83
female,98,151,30,low,lose_weight,83,71,1309,197,36,41
male,73,178,23,moderate,lose_weight,52,89,1914,117,242,52
male,62,155,40,low,build_muscle,71,51,1888,133,243,42
female,95,158,35,low,gain_weight,109,162,2326,165,258,70
male,99,169,49,high,gain_weight,116,69,3376,214,392,105
male,89,177,27,high,build_muscle,109,80,3437,173,438,109
female,94,183,31,high,lose_weight,80,93,2291,165,269,61
female,75,157,25,moderate,gain_weight,85,71,2560,164,287,83
male,53,179,38,high,lose_weight,46,85,1930,98,262,54
male,78,151,37,high,build_muscle,99,69,2882,127,400,85
male,98,184,38,moderate,gain_weight,118,35,3377,197,449,87
female,79,162,30,moderate,build_muscle,97,166,2674,148,333,82
female,98,186,48,high,gain_weight,108,102,3208,176,448,78
male,61,169,40,moderate,gain_weight,67,148,2508,116,333,78
female,94,153,38,low,gain_weight,115,141,2174,165,232,64
male,74,183,31,moderate,gain_weight,79,66,3033,125,435,87
male,74,152,39,high,gain_weight,94,105,2840,119,428,72
female,87,150,18,moderate,lose_weight,58,114,1767,169,175,42
male,79,169,39,high,lose_weight,65,115,2078,168,205,64
female,68,176,26,moderate,lose_weight,62,87,1768,120,225,42
male,50,172,39,low,build_muscle,59,83,1924,92,278,49
male,94,181,29,high,gain_weight,119,140,3601,204,478,96
female,83,152,45,moderate,lose_weight,65,92,1364,142,128,31
male,61,188,39,low,gain_weight,65,166,2157,123,292,54
female,77,162,49,high,build_muscle,93,54,2708,127,355,86
female,100,167,18,high,gain_weight,119,33,3316,179,424,100
male,67,168,22,high,gain_weight,69,83,3146,139,444,90
male,96,158,46,moderate,lose_weight,69,172,1989,198,160,61
male,81,171,40,moderate,gain_weight,101,65,2926,177,392,71
female,61,184,21,moderate,build_muscle,71,107,2740,114,422,65
male,85,182,44,high,gain_weight,107,44,3352,171,452,95
female,65,161,46,low,gain_weight,70,73,1816,120,200,58
female,85,152,32,high,gain_weight,100,73,2924,171,411,65
female,62,169,50,moderate,build_muscle,78,104,2216,116,283,68
male,51,189,24,low,build_muscle,59,90,2196,102,283,72
female,52,162,19,high,build_muscle,58,180,2426,90,344,76
male,98,158,45,moderate,gain_weight,116,55,3005,176,361,94
female,52,181,22,high,gain_weight,56,176,2640,100,413,65
female,83,152,26,low,build_muscle,96,40,2203,178,242,57
male,82,159,21,high,lose_weight,67,139,2175,168,258,51
female,92,175,25,low,gain_weight,94,152,2515,154,323,67
male,82,150,20,high,lose_weight,71,160,2384,170,249,78
female,65,169,36,moderate,lose_weight,46,150,1508,125,170,35
female,59,169,31,high,build_muscle,67,160,2593,111,355,80
female,79,189,25,moderate,build_muscle,93,152,2919,165,393,76
male,74,177,43,moderate,build_muscle,76,41,2768,134,364,85
male,55,153,38,high,build_muscle,68,152,2728,105,376,88
male,61,169,42,moderate,build_muscle,67,113,2588,106,382,70
female,65,159,50,high,gain_weight,80,124,2334,139,321,54
male,95,159,28,high,gain_weight,106,168,3431,174,436,109
male,60,178,50,moderate,lose_weight,38,70,1669,125,169,54
male,83,166,20,moderate,gain_weight,100,54,3021,173,400,80
male,93,174,22,high,lose_weight,60,138,2548,177,272,82
female,100,159,25,low,gain_weight,124,154,2343,193,233,70
female,87,184,32,moderate,build_muscle,105,58,2946,172,365,88
female,85,175,33,moderate,lose_weight,60,156,1843,165,193,45
male,79,153,48,moderate,gain_weight,88,138,2531,166,319,64
male,84,162,29,moderate,gain_weight,91,69,2972,159,417,73
male,59,189,23,moderate,gain_weight,74,59,2945,120,413,89
male,67,171,49,low,gain_weight,81,114,2188,145,288,50
female,90,175,26,moderate,gain_weight,108,171,2976,160,417,73
male,93,167,19,high,lose_weight,57,172,2584,199,264,80
male,90,181,35,low,lose_weight,68,32,1467,190,99,34
female,80,151,28,high,build_muscle,95,61,2789,164,392,62
male,89,156,39,low,lose_weight,78,167,1487,176,104,40
female,73,180,50,moderate,gain_weight,91,59,2626,156,309,85
female,94,188,40,high,lose_weight,85,135,2503,197,275,67
male,84,179,48,high,gain_weight,88,53,3242,158,455,87
male,100,182,43,moderate,gain_weight,105,126,3343,187,420,101
male,52,174,47,high,build_muscle,64,76,2727,93,402,82
male,59,177,23,low,lose_weight,43,145,1281,122,126,31
female,73,189,42,low,gain_weight,91,180,2067,150,246,53
female,67,185,20,high,lose_weight,60,146,2415,116,353,59
male,68,180,40,high,gain_weight,80,90,3057,136,412,95
male,59,163,36,moderate,lose_weight,43,78,1431,94,190,31
female,73,187,34,low,gain_weight,91,44,2168,150,279,50
male,65,150,48,moderate,gain_weight,67,124,2411,106,322,77
male,86,151,42,high,build_muscle,92,159,3164,143,422,100
female,97,189,24,moderate,build_muscle,115,154,3234,163,458,82
female,65,159,40,moderate,lose_weight,40,74,1269,127,108,36
female,63,190,26,moderate,lose_weight,55,139,1910,103,268,46
male,70,183,22,moderate,lose_weight,44,82,2015,115,261,56
female,75,183,44,moderate,gain_weight,83,52,2652,147,376,61
male,54,163,22,low,lose_weight,37,161,1088,89,123,26
female,76,152,27,moderate,lose_weight,68,93,1537,151,145,38
male,92,152,47,high,lose_weight,77,45,2140,172,239,54
female,50,155,20,low,gain_weight,55,113,1814,105,256,40
female,73,151,49,low,gain_weight,87,159,1792,151,187,48
male,90,172,43,moderate,gain_weight,114,106,3008,153,377,98
female,93,156,37,moderate,gain_weight,104,126,2816,156,367,80
female,67,178,33,low,gain_weight,76,71,2043,134,233,63
female,58,154,19,moderate,gain_weight,69,73,2212,96,320,60
female,50,165,27,high,gain_weight,57,95,2426,88,389,57
female,92,182,43,low,build_muscle,98,47,2212,190,228,59
male,61,184,48,high,lose_weight,51,70,1890,117,259,42
female,63,153,27,moderate,lose_weight,49,91,1397,114,149,37
female,86,189,35,moderate,build_muscle,90,100,2812,139,414,66
female,94,189,26,low,gain_weight,119,75,2433,181,274,67
female,77,166,29,high,lose_weight,71,43,1912,126,255,42
female,63,188,46,low,gain_weight,71,156,2021,136,259,48
female,79,172,47,high,gain_weight,99,73,2837,147,394,74
female,82,165,50,low,build_muscle,86,47,2186,140,274,58
male,57,164,29,high,lose_weight,42,113,1849,120,248,41
male,90,152,29,moderate,lose_weight,71,121,1948,191,162,59
female,83,176,23,moderate,gain_weight,97,163,2882,179,345,87
female,74,186,28,moderate,gain_weight,81,57,2786,132,387,78
female,84,176,50,moderate,gain_weight,88,177,2730,179,357,64
male,88,154,21,low,build_muscle,109,120,2410,180,288,58
female,65,167,22,high,lose_weight,44,136,1680,137,159,54
male,66,178,49,high,build_muscle,84,178,2926,144,431,69
female,53,188,49,low,lose_weight,36,49,911,110,71,20
female,85,161,29,moderate,build_muscle,105,117,2649,177,291,85
female,87,162,20,low,lose_weight,66,122,1279,155,76,39
female,65,166,29,moderate,build_muscle,80,31,2490,118,377,56
male,98,182,22,high,lose_weight,86,148,2794,177,344,78
male,76,178,25,high,build_muscle,79,141,3461,157,499,92
male,92,189,41,moderate,build_muscle,116,72,3145,172,401,94
male,98,154,43,low,lose_weight,71,179,1448,156,108,42
female,82,157,18,high,gain_weight,86,106,3054,176,390,87
female,57,157,46,low,lose_weight,40,53,626,106,7,18
female,53,165,38,moderate,lose_weight,34,73,1138,102,99,36
male,63,185,22,moderate,build_muscle,80,56,2966,130,409,89
male,61,156,39,moderate,build_muscle,66,118,2468,133,317,73
female,97,179,43,moderate,lose_weight,75,154,1916,209,134,59
female,94,188,33,low,lose_weight,56,163,1517,154,118,47
male,59,153,50,moderate,gain_weight,70,121,2439,121,326,71
female,69,162,25,high,gain_weight,74,30,2808,111,448,62
male,58,163,30,low,build_muscle,66,165,2145,97,282,69
male,89,174,38,moderate,build_muscle,101,128,3209,185,405,93
male,68,182,24,moderate,build_muscle,83,173,2911,113,403,93
female,98,189,19,high,lose_weight,82,86,2681,174,352,63
female,62,185,40,low,lose_weight,41,165,1055,134,53,33
male,88,160,18,moderate,build_muscle,113,31,3100,182,400,85
female,78,152,25,low,build_muscle,95,74,1990,155,210,58
male,81,157,43,low,gain_weight,94,69,2308,152,285,61
female,82,174,48,low,build_muscle,102,58,2150,152,248,60
female,73,186,42,moderate,build_muscle,76,167,2645,148,356,69
female,68,180,43,high,build_muscle,72,118,2764,143,391,69
male,78,180,47,high,gain_weight,82,98,3240,132,498,79
female,57,151,47,low,lose_weight,50,73,603,98,9,19
male,85,174,24,low,build_muscle,95,41,2571,136,324,80
male,81,169,49,low,gain_weight,87,33,2316,142,270,73
female,64,164,49,low,build_muscle,67,150,1806,126,189,60
female,81,174,44,moderate,build_muscle,104,57,2727,173,331,78
female,89,172,37,low,gain_weight,104,178,2158,145,239,68
male,61,172,39,moderate,gain_weight,78,46,2543,106,398,57
male,90,185,36,high,lose_weight,56,61,2571,150,357,60
female,95,181,29,high,lose_weight,88,97,2474,192,260,73
female,92,177,45,low,lose_weight,76,125,1320,174,77,34
male,87,170,49,moderate,gain_weight,112,90,3063,152,415,87
male,69,154,29,high,gain_weight,81,38,2907,141,411,77
female,73,172,36,low,lose_weight,53,50,1002,144,56,22
male,98,187,22,moderate,build_muscle,104,85,3477,193,488,83
female,80,175,33,moderate,build_muscle,94,46,2756,151,398,61
female,78,168,25,moderate,build_muscle,84,139,2735,139,386,70
female,77,168,22,moderate,build_muscle,99,91,2711,149,348,79
male,69,180,18,low,lose_weight,43,71,1337,126,126,36
male,52,189,31,low,gain_weight,64,111,2310,107,324,64
female,55,161,34,high,build_muscle,67,168,2554,102,369,74
female,99,175,25,high,lose_weight,64,70,2416,207,275,54
female,95,189,22,high,gain_weight,120,120,3482,167,527,77
female,95,185,44,high,build_muscle,105,105,3296,197,458,74
female,98,163,22,moderate,gain_weight,109,44,2958,166,371,89
female,75,160,28,moderate,build_muscle,85,172,2453,149,295,74
male,54,157,32,low,gain_weight,58,63,2058,107,253,68
male,84,161,25,high,build_muscle,95,73,3244,162,414,104
female,55,171,42,high,lose_weight,42,144,1488,111,158,44
male,82,156,42,high,gain_weight,90,78,3147,141,451,86
female,67,165,50,high,lose_weight,44,154,1489,129,133,48
female,73,177,27,moderate,gain_weight,81,82,2697,119,360,86
male,50,165,18,low,lose_weight,42,83,1031,84,112,27
male,93,169,23,high,gain_weight,108,148,3583,159,519,96
female,59,182,19,high,gain_weight,72,62,2812,105,404,85
male,63,172,26,moderate,lose_weight,42,162,1750,107,218,49
female,83,178,33,high,lose_weight,54,136,2087,163,239,52
female,98,165,49,high,build_muscle,103,158,3008,179,364,92
female,90,152,44,low,lose_weight,60,175,1147,174,52,26
female,92,151,43,low,build_muscle,102,132,2155,158,267,50
female,59,179,19,high,lose_weight,38,100,1827,117,243,42
male,69,182,38,high,gain_weight,80,95,3021,150,395,93
male,66,172,23,low,gain_weight,78,50,2283,127,275,74
female,74,163,48,moderate,build_muscle,85,119,2416,160,319,55
male,73,163,21,high,lose_weight,46,128,2140,134,243,69
male,76,170,43,moderate,gain_weight,80,169,2694,145,344,81
female,53,173,20,moderate,gain_weight,64,102,2323,86,342,67
female,70,150,42,high,build_muscle,73,170,2517,112,366,67
female,98,184,24,high,build_muscle,104,149,3675,207,501,93
male,68,172,42,moderate,build_muscle,77,147,2844,128,396,82
male,84,167,49,low,build_muscle,96,68,2145,177,248,48
male,99,173,45,high,build_muscle,122,175,3504,185,491,88
female,83,180,35,moderate,build_muscle,98,95,2771,171,364,70
male,77,162,40,low,build_muscle,89,59,2070,160,224,58
male,95,162,18,high,lose_weight,85,76,2460,187,303,55
male,96,181,50,high,build_muscle,109,114,3462,203,422,106
female,95,166,22,low,build_muscle,101,111,2247,175,248,61
male,71,155,32,low,lose_weight,63,59,1106,142,63,31
male,93,157,24,high,gain_weight,120,72,3478,184,466,96
female,72,176,32,low,gain_weight,75,148,2124,117,291,54
female,87,177,49,moderate,gain_weight,111,110,2673,146,371,66
male,78,171,50,high,build_muscle,94,82,3089,165,437,75
female,64,155,25,moderate,lose_weight,39,80,1278,139,111,30
female,73,180,22,high,gain_weight,75,155,3048,153,453,68
male,55,161,43,high,lose_weight,48,98,1789,90,233,54
female,92,176,48,moderate,lose_weight,57,150,1766,164,158,52
female,91,165,41,high,lose_weight,67,171,1968,147,200,64
female,79,151,46,moderate,gain_weight,95,130,2319,151,300,56
male,57,157,23,moderate,build_muscle,65,32,2539,104,361,75
male,62,158,35,high,build_muscle,77,106,2694,114,420,61
female,95,152,45,high,lose_weight,78,111,1875,179,175,50
female,81,158,27,low,lose_weight,53,46,1140,158,49,34
male,95,162,34,moderate,gain_weight,103,177,3219,197,365,107
male,66,189,40,high,lose_weight,56,161,2420,130,340,59
male,72,153,44,low,gain_weight,83,42,2065,144,246,55
female,98,176,44,moderate,build_muscle,122,65,2994,164,400,81
female,60,188,42,high,build_muscle,72,136,2659,118,400,64
male,68,167,39,high,lose_weight,48,119,1995,129,237,58
female,63,158,36,low,build_muscle,70,84,1904,113,248,50
female,96,179,31,moderate,gain_weight,123,135,3204,190,448,72
female,68,181,38,moderate,build_muscle,73,176,2552,137,330,75
female,96,166,41,moderate,build_muscle,110,126,2843,187,351,76
male,76,189,20,low,build_muscle,84,157,2471,155,337,55
male,54,185,37,low,build_muscle,70,140,2294,86,317,75
male,72,163,24,high,lose_weight,51,109,2037,128,255,55
male,91,157,33,moderate,gain_weight,116,48,2942,168,365,89
male,96,183,30,high,gain_weight,117,149,3726,164,553,95
male,90,157,27,high,lose_weight,69,87,2302,169,270,60
male,100,186,42,high,build_muscle,103,173,3718,212,486,102
male,59,188,29,low,build_muscle,72,168,2285,128,278,73
male,96,173,50,moderate,gain_weight,101,138,3108,192,389,86
female,61,190,44,moderate,lose_weight,50,84,1507,125,156,42
male,58,184,18,low,gain_weight,68,144,2333,101,322,70
male,96,163,49,high,gain_weight,111,136,3346,179,483,77
male,54,157,40,moderate,lose_weight,49,105,1752,91,238,48
female,58,170,38,low,build_muscle,75,121,1887,106,236,57
male,98,178,18,low,lose_weight,61,93,1679,213,104,45
male,71,189,35,moderate,build_muscle,87,55,2961,125,453,71
female,65,188,35,moderate,gain_weight,79,99,2693,112,364,87
female,68,171,23,low,build_muscle,80,46,2030,112,287,47
female,88,157,39,high,gain_weight,104,147,2916,172,357,88
male,50,182,47,low,build_muscle,60,59,2024,86,279,62
female,75,158,42,low,gain_weight,94,34,1970,149,243,44
male,72,177,37,moderate,gain_weight,88,35,2887,144,370,91
female,64,161,45,low,gain_weight,70,133,1796,132,197,52
male,67,190,35,high,gain_weight,79,120,3173,129,482,80
male,73,190,30,high,gain_weight,76,107,3427,139,531,82
male,87,154,43,moderate,gain_weight,90,156,2844,173,378,70
male,59,158,27,low,gain_weight,76,51,2111,118,290,53
male,50,186,48,moderate,lose_weight,35,43,1476,83,196,39
female,91,153,20,moderate,build_muscle,101,175,2854,176,355,80
male,74,166,41,moderate,gain_weight,80,143,2781,161,381,67
male,87,178,34,moderate,gain_weight,105,43,3106,166,451,70
male,68,151,40,moderate,lose_weight,45,69,1463,109,156,44
female,74,164,47,moderate,build_muscle,77,69,2572,146,333,72
female,89,151,42,low,lose_weight,63,35,962,178,5,25
female,57,171,34,high,gain_weight,66,120,2596,119,342,83
female,91,182,18,moderate,gain_weight,99,129,3237,145,433,102
male,100,180,25,high,build_muscle,125,130,3742,177,525,103
female,64,164,25,high,gain_weight,66,107,2663,106,406,68
male,77,187,30,low,build_muscle,90,96,2454,129,316,74
female,55,150,49,low,build_muscle,64,127,1580,108,170,51
male,88,165,44,high,build_muscle,95,153,3193,165,438,86
female,51,155,50,low,lose_weight,34,40,502,107,-18,16
male,97,158,28,high,gain_weight,125,75,3415,189,447,96
female,56,189,37,high,gain_weight,68,118,2681,122,370,79
male,64,164,36,low,build_muscle,78,130,2082,103,307,48
female,89,190,34,high,lose_weight,68,159,2281,191,214,73
female,93,153,39,moderate,gain_weight,95,55,2802,187,324,83
male,90,183,27,moderate,lose_weight,70,164,2285,193,207,75
male,89,156,18,high,build_muscle,106,54,3390,174,423,110
female,68,176,40,high,gain_weight,73,124,2827,146,399,71
male,65,162,25,moderate,lose_weight,46,114,1628,113,183,48
female,74,150,23,high,lose_weight,56,71,1655,150,165,43
male,57,156,30,moderate,gain_weight,60,128,2426,110,337,70
male,58,189,38,moderate,lose_weight,41,142,1758,104,205,57
female,60,187,39,high,lose_weight,48,142,1813,98,255,44
female,75,156,49,high,lose_weight,63,56,1481,129,142,43
male,71,180,27,high,lose_weight,62,47,2283,127,296,65
male,90,174,20,moderate,build_muscle,107,173,3157,177,401,93
female,82,158,30,high,gain_weight,96,148,2961,167,380,85
male,65,168,39,high,gain_weight,77,64,2964,125,424,85
female,95,170,25,high,lose_weight,80,90,2266,167,247,67
female,75,177,47,low,build_muscle,78,62,2048,124,238,65
male,80,179,49,low,gain_weight,88,161,2388,165,277,68
female,53,181,42,low,build_muscle,65,154,1849,99,252,49
female,57,165,41,moderate,gain_weight,67,35,2112,98,277,67
male,77,157,25,low,gain_weight,91,64,2376,128,291,77
female,52,177,30,high,lose_weight,45,82,1540,113,168,45
male,62,151,41,low,build_muscle,79,107,2019,120,277,47
male,71,171,21,moderate,build_muscle,83,81,2878,140,405,76
female,54,154,40,moderate,lose_weight,34,169,1142,105,115,28
male,62,174,20,moderate,lose_weight,55,124,2144,131,257,65
female,91,171,21,high,gain_weight,94,86,3222,175,393,105
male,78,173,28,moderate,gain_weight,92,101,2843,129,402,79
male,51,188,40,moderate,lose_weight,36,166,1708,89,223,50
female,88,155,47,high,build_muscle,104,103,2835,174,359,77
female,77,183,38,moderate,lose_weight,65,84,1670,163,154,44
female,92,166,35,low,gain_weight,114,70,2424,191,290,54
male,74,172,49,high,gain_weight,87,164,2983,143,429,76
female,55,176,23,moderate,lose_weight,39,62,1338,94,158,36
female,72,165,30,moderate,gain_weight,93,48,2583,130,354,71
female,58,189,36,low,lose_weight,47,78,916,114,63,22
male,62,179,46,moderate,build_muscle,75,90,2801,109,384,91
male,90,171,22,moderate,lose_weight,69,94,2134,173,240,53
male,79,172,46,moderate,gain_weight,101,175,2879,171,390,70
male,92,180,27,low,build_muscle,98,67,2579,174,287,81
male,87,169,21,high,build_muscle,91,91,3353,175,460,89
female,67,167,46,moderate,build_muscle,83,87,2408,137,301,72
female,96,176,24,low,lose_weight,61,91,1386,159,106,35
female,69,173,46,high,gain_weight,74,40,2598,132,383,59
female,66,167,34,moderate,gain_weight,77,143,2488,114,353,68
male,76,156,29,high,lose_weight,58,143,1957,122,232,59
female,88,172,49,moderate,gain_weight,92,44,2838,177,343,84
male,72,166,42,moderate,lose_weight,67,173,2226,157,237,72
female,64,179,46,high,gain_weight,70,154,2709,131,408,61
male,58,183,49,moderate,build_muscle,64,172,2692,117,359,87
male,80,170,21,moderate,build_muscle,94,41,3089,143,408,98
female,73,152,44,low,gain_weight,80,108,1929,118,229,59
female,100,170,28,moderate,build_muscle,107,76,2939,200,314,97
male,78,187,19,high,build_muscle,80,102,3518,132,500,109
male,92,151,44,low,lose_weight,62,175,1229,182,43,36
female,98,171,26,low,lose_weight,84,112,1313,195,39,41
female,53,187,20,low,gain_weight,65,145,2065,86,322,47
female,52,188,38,moderate,build_muscle,56,35,2502,106,368,66
male,79,158,18,low,lose_weight,70,80,1231,129,107,31
male,51,165,31,low,lose_weight,35,61,1064,83,106,34
male,96,165,39,moderate,gain_weight,108,172,3019,186,400,74
female,91,189,50,low,build_muscle,111,33,2271,167,253,65
male,91,164,45,high,gain_weight,114,70,3368,175,438,101
female,57,161,22,high,lose_weight,49,98,1556,124,180,37
female,62,185,30,moderate,lose_weight,39,171,1643,135,188,38
male,60,175,40,high,build_muscle,66,73,2858,96,467,67
female,93,150,41,high,lose_weight,81,177,2018,196,158,66
female,67,165,22,low,lose_weight,42,170,1012,132,67,23
female,72,179,44,high,build_muscle,84,35,2785,146,350,88
male,60,172,26,low,lose_weight,44,33,1083,107,105,25
male,91,151,48,high,gain_weight,104,108,3220,158,456,84
male,81,170,33,low,gain_weight,101,94,2284,130,322,52
male,55,150,38,low,gain_weight,61,95,1917,117,257,46
male,50,184,20,moderate,lose_weight,36,37,1661,81,221,49
female,61,186,49,low,gain_weight,75,123,2053,106,264,63
male,92,174,20,low,build_muscle,98,101,2624,172,291,85
male,89,160,42,low,gain_weight,105,118,2512,174,293,71
male,54,170,36,low,build_muscle,60,105,2024,92,279,59
male,80,169,47,low,lose_weight,50,32,1194,143,92,27
male,91,179,49,low,gain_weight,102,48,2412,176,249,78
male,69,160,20,high,build_muscle,74,146,3173,122,461,93
male,74,164,22,low,build_muscle,87,110,2380,135,311,65
male,98,159,18,high,gain_weight,124,128,3678,196,502,97
female,99,169,31,moderate,lose_weight,64,116,1897,184,148,62
female,56,189,43,high,build_muscle,71,178,2688,107,380,81
female,60,162,29,low,gain_weight,76,166,1821,114,207,59
female,58,170,24,high,lose_weight,38,144,1709,102,198,56
female,93,165,40,moderate,gain_weight,102,132,2803,190,339,75
female,84,183,50,low,lose_weight,63,131,1177,171,48,32
female,65,157,22,moderate,lose_weight,42,39,1392,140,118,39
male,63,187,38,moderate,build_muscle,81,122,2925,118,431,80
female,66,157,33,low,gain_weight,71,58,2005,129,249,54
female,99,151,28,low,lose_weight,67,157,1304,208,29,39
male,74,172,44,moderate,lose_weight,49,49,1788,151,195,44
male,87,185,31,moderate,gain_weight,111,34,3216,171,412,97
male,89,180,23,high,gain_weight,112,40,3545,179,441,117
female,88,182,37,high,build_muscle,96,85,3233,169,443,86
male,51,166,48,high,lose_weight,40,145,1594,82,205,49
male,92,175,27,low,lose_weight,66,111,1468,158,124,37
male,100,174,38,low,build_muscle,105,74,2628,200,279,78
female,56,153,39,moderate,build_muscle,62,163,2255,117,294,67
female,63,151,45,low,gain_weight,79,154,1707,101,226,43
female,97,160,46,low,lose_weight,60,165,1191,174,56,29
male,58,175,31,low,build_muscle,64,65,2166,100,306,60
female,84,175,39,moderate,build_muscle,109,147,2766,146,383,72
female,59,165,23,high,build_muscle,74,148,2633,125,371,71
female,68,179,33,moderate,gain_weight,87,71,2597,109,404,60
female,53,179,26,high,lose_weight,42,132,1781,109,206,57
female,51,182,28,low,lose_weight,30,84,816,92,53,26
female,69,174,32,high,lose_weight,48,100,1770,113,206,54
male,50,171,35,low,build_muscle,53,37,1911,97,283,43
female,88,165,25,moderate,lose_weight,52,103,1756,148,189,44
male,71,166,32,high,build_muscle,92,168,3120,146,409,99
female,54,189,33,moderate,lose_weight,43,67,1489,94,202,33
female,52,177,35,moderate,lose_weight,34,52,1212,105,109,39
male,83,171,33,high,lose_weight,68,158,2217,169,227,69
female,77,150,18,low,gain_weight,86,40,2071,143,247,56
male,67,172,50,high,gain_weight,80,170,3082,109,495,73
female,86,164,23,moderate,lose_weight,55,48,1709,178,150,43
male,78,162,20,high,build_muscle,93,164,3234,164,450,86
male,76,190,28,low,lose_weight,60,44,1385,166,100,35
female,74,178,47,high,build_muscle,92,98,2897,131,379,94
female,82,181,47,moderate,gain_weight,90,179,2733,171,310,89
female,57,157,27,high,lose_weight,45,139,1588,106,204,38
female,83,169,39,moderate,gain_weight,106,141,2726,151,367,72
female,55,151,43,high,gain_weight,69,80,2304,95,315,73
female,81,154,27,low,lose_weight,58,35,1109,132,71,32
female,58,164,43,high,build_muscle,62,66,2566,105,398,61
female,74,177,30,high,build_muscle,91,155,3051,135,447,80
female,98,164,31,moderate,lose_weight,72,59,1999,160,210,57
male,91,185,41,low,build_muscle,95,150,2675,163,352,67
female,68,180,47,low,gain_weight,79,156,2083,135,257,56
female,91,158,19,moderate,lose_weight,68,52,1847,146,211,46
female,59,185,22,high,gain_weight,74,73,2781,104,449,62
female,69,153,36,high,lose_weight,45,54,1507,120,149,47
male,78,177,48,high,lose_weight,68,110,2070,162,230,55
female,77,162,23,high,gain_weight,87,170,3044,153,441,73
male,99,175,21,high,build_muscle,101,47,3793,208,541,88
female,76,171,32,high,lose_weight,56,113,1969,143,202,64
female,85,174,25,low,build_muscle,101,172,2318,138,273,74
male,90,159,35,low,build_muscle,105,178,2344,181,272,58
male,92,181,45,moderate,gain_weight,107,123,3133,194,399,84
male,85,159,19,low,lose_weight,69,67,1324,186,64,35
female,63,184,37,low,gain_weight,68,117,2135,101,288,64
male,54,180,39,moderate,gain_weight,61,84,2503,100,345,79
female,93,181,49,moderate,gain_weight,115,40,2927,180,350,89
female,54,174,48,low,gain_weight,70,51,1701,104,202,52
female,65,182,21,moderate,build_muscle,70,57,2768,110,401,80
female,72,171,24,high,build_muscle,89,162,2899,148,397,79
male,73,163,44,high,gain_weight,85,95,3104,148,457,75
male,76,153,33,moderate,lose_weight,48,171,1785,134,182,57
female,79,154,25,moderate,lose_weight,65,115,1481,156,132,36
female,50,187,21,low,gain_weight,64,46,1925,109,257,50
female,84,162,23,high,gain_weight,93,152,3004,146,418,82
male,82,150,38,moderate,lose_weight,50,152,1780,140,180,55
female,73,186,48,high,lose_weight,66,80,1845,148,188,55
male,100,163,38,moderate,gain_weight,118,96,3152,161,419,92
male,61,174,46,low,lose_weight,43,142,990,131,59,25
male,68,189,19,moderate,lose_weight,62,174,2509,135,353,61
female,51,150,29,high,build_muscle,59,149,2308,86,366,55
female,65,170,42,low,gain_weight,77,91,1923,136,225,52
female,98,153,47,moderate,gain_weight,126,103,2758,170,352,74
male,91,159,39,low,build_muscle,107,109,2448,198,249,72
female,63,189,18,low,gain_weight,79,123,2329,119,340,54
male,96,182,22,high,build_muscle,99,110,3851,171,520,120
female,58,183,46,high,build_muscle,68,122,2590,109,358,79
male,72,185,18,low,gain_weight,81,158,2600,134,335,80
female,59,174,29,low,lose_weight,43,41,904,109,52,28
male,79,151,38,high,build_muscle,90,110,2948,141,423,76
female,61,184,26,high,build_muscle,78,96,2707,128,368,79
male,84,178,18,low,lose_weight,50,91,1477,181,109,34
female,100,150,42,high,build_muscle,118,110,3017,172,363,97
female,65,178,47,moderate,lose_weight,39,118,1369,118,150,32
male,97,166,45,moderate,build_muscle,107,48,3033,156,380,98
male,63,179,33,low,build_muscle,65,152,2297,101,323,66
female,79,175,24,high,build_muscle,88,180,3196,168,442,83
male,74,183,41,low,build_muscle,85,89,2353,154,298,60
female,61,184,39,high,gain_weight,73,97,2721,104,382,86
male,64,150,30,high,lose_weight,50,40,1720,130,200,44
female,87,158,30,low,lose_weight,64,86,1083,168,21,35
female,76,172,26,low,gain_weight,87,163,2301,157,277,62
male,68,153,44,low,build_muscle,77,71,2095,129,271,54
female,66,163,39,moderate,gain_weight,83,123,2455,133,340,62
male,70,151,44,high,lose_weight,58,156,1925,117,221,63
female,85,162,25,moderate,lose_weight,73,102,1797,152,166,57
male,90,162,22,high,build_muscle,95,86,3531,150,536,86
female,58,180,39,moderate,build_muscle,68,98,2341,104,355,55
male,59,174,50,high,build_muscle,63,65,2844,120,441,66
male,63,172,29,low,lose_weight,51,96,1191,128,81,38
male,60,159,44,moderate,build_muscle,75,110,2588,115,337,86
male,56,170,28,low,build_muscle,63,57,2129,113,294,55
female,88,171,23,high,gain_weight,107,122,3125,155,402,99
female,66,163,47,high,lose_weight,47,126,1596,120,178,44
male,87,173,25,low,gain_weight,104,146,2558,170,284,82
female,61,167,50,moderate,lose_weight,47,163,1186,133,80,36
male,57,151,45,low,lose_weight,47,145,1099,111,102,27
female,64,177,18,low,gain_weight,82,144,2209,113,291,65
female,94,179,21,moderate,lose_weight,76,113,2042,171,208,58
female,58,167,18,high,gain_weight,66,49,2585,127,344,77
male,86,178,30,low,lose_weight,71,86,1442,137,139,37
female,78,169,47,moderate,build_muscle,100,113,2499,167,302,68
female,58,174,29,high,build_muscle,74,39,2717,115,372,85
male,93,166,27,moderate,lose_weight,58,153,2225,200,237,52
male,88,190,22,moderate,lose_weight,67,103,2382,153,317,55
female,73,153,37,moderate,lose_weight,58,113,1454,126,163,32
male,78,168,31,moderate,gain_weight,98,100,2891,139,434,65
male,59,179,46,high,gain_weight,75,64,2734,113,417,67
female,99,179,40,moderate,build_muscle,108,143,2987,194,356,86
female,95,188,41,high,lose_weight,79,134,2289,196,257,52
female,90,169,43,moderate,lose_weight,80,156,2002,161,221,52
female,68,177,40,moderate,lose_weight,61,43,1452,115,164,36
female,58,189,21,moderate,gain_weight,65,49,2598,100,406,63
male,54,181,36,high,gain_weight,57,68,2810,116,421,73
male,90,178,28,high,gain_weight,104,170,3617,192,469,108
male,95,163,26,moderate,gain_weight,103,150,3177,198,387,92
female,85,178,44,high,lose_weight,65,63,2112,138,249,62
female,86,190,24,low,gain_weight,89,145,2396,180,254,72
female,65,165,39,high,lose_weight,40,110,1565,118,175,43
male,94,182,40,low,build_muscle,108,53,2536,174,310,66
male,85,190,49,moderate,lose_weight,58,62,2101,155,220,66
female,86,169,45,moderate,build_muscle,107,125,2677,171,317,80
female,99,184,21,high,gain_weight,105,179,3469,209,439,97
male,51,176,26,high,lose_weight,34,57,1807,87,265,44
male,52,160,29,high,gain_weight,62,177,2592,88,390,75
male,89,156,32,moderate,gain_weight,100,92,2952,153,431,68
female,75,181,38,low,build_muscle,91,118,2303,146,285,63
male,62,179,38,moderate,build_muscle,78,49,2739,129,373,80
male,97,153,31,low,build_muscle,111,31,2598,179,299,75
male,92,179,32,high,lose_weight,72,162,2526,166,316,65
female,73,177,47,high,lose_weight,52,31,1794,129,196,54
male,88,151,23,moderate,lose_weight,82,133,2256,192,205,73
male,53,170,48,moderate,lose_weight,34,160,1440,105,179,33
male,54,172,48,low,build_muscle,67,57,2002,116,253,58
female,91,183,26,high,build_muscle,113,97,3360,184,423,102
female,55,151,27,high,lose_weight,50,134,1757,93,255,39
male,72,162,29,high,build_muscle,74,160,2994,117,417,94
female,65,175,37,moderate,gain_weight,72,177,2505,122,325,79
male,50,181,38,high,lose_weight,41,123,1845,109,228,54
male,58,186,48,moderate,gain_weight,73,180,2662,106,376,81
male,50,161,25,high,lose_weight,38,70,1613,103,197,45
male,63,156,29,low,lose_weight,56,108,1261,106,139,30
male,57,179,21,high,build_muscle,59,42,3118,122,456,89
male,84,187,35,low,lose_weight,76,96,1646,160,143,48
male,88,171,19,high,build_muscle,101,34,3694,171,488,117
female,74,186,22,high,gain_weight,85,71,3178,148,470,78
male,59,170,34,moderate,lose_weight,35,81,1561,119,158,49
female,84,154,38,high,gain_weight,108,130,2784,182,336,79
male,91,160,28,moderate,lose_weight,84,117,2383,178,255,72
male,83,181,43,low,lose_weight,67,157,1406,146,133,32
male,55,153,46,moderate,lose_weight,33,83,1289,99,138,37
female,95,184,33,low,build_muscle,121,149,2446,155,299,69
male,69,170,24,high,lose_weight,44,68,2089,145,265,49
male,98,168,48,moderate,lose_weight,91,46,2013,193,206,45
female,76,173,42,high,lose_weight,65,140,1926,134,221,55
male,99,167,47,moderate,lose_weight,83,94,2029,213,164,57
female,74,154,41,high,build_muscle,80,127,2479,153,325,62
female,75,182,34,low,gain_weight,93,32,2129,135,286,49
female,73,166,21,moderate,lose_weight,57,116,1657,118,204,40
female,68,189,38,moderate,build_muscle,81,32,2533,125,319,84
female,57,190,20,high,lose_weight,36,172,1860,122,214,56
female,57,154,43,high,gain_weight,70,125,2343,108,330,64
female,73,188,32,low,lose_weight,46,69,1262,126,110,35
male,62,187,30,moderate,lose_weight,52,172,2066,105,270,62
female,94,181,43,high,build_muscle,111,75,3229,156,467,81
female,57,181,41,high,build_muscle,61,73,2639,117,368,77
male,69,153,41,high,build_muscle,74,129,2815,125,399,79
female,66,151,48,high,gain_weight,78,80,2401,122,326,67
male,87,188,25,low,lose_weight,53,31,1675,160,158,44
male,69,170,27,moderate,lose_weight,49,153,1730,138,182,49
female,60,174,18,high,lose_weight,50,154,2007,131,228,62
male,63,186,36,moderate,lose_weight,39,140,1901,120,221,58
male,67,179,29,high,lose_weight,62,64,2318,112,344,54
male,52,163,34,low,gain_weight,60,85,1900,99,253,54
female,82,171,23,low,lose_weight,62,138,1181,132,80,36
male,69,180,34,high,gain_weight,88,40,3293,136,445,107
male,94,159,33,low,gain_weight,104,169,2520,163,293,77
male,73,175,31,moderate,lose_weight,56,169,1984,152,198,64
male,68,175,21,moderate,build_muscle,88,86,2989,128,396,99
male,72,188,34,high,lose_weight,45,125,2365,137,321,58
male,51,160,33,high,gain_weight,62,105,2534,92,353,83
male,59,163,36,high,build_muscle,68,41,2840,99,444,73
female,63,158,23,low,build_muscle,73,161,1931,137,232,50
male,61,152,29,high,build_muscle,69,97,2832,119,395,85
male,96,190,23,low,lose_weight,78,101,1657,202,89,54
male,76,157,38,moderate,gain_weight,92,170,2676,156,322,84
female,80,184,34,high,gain_weight,90,72,3187,153,417,100
female,98,155,20,moderate,build_muscle,115,131,2948,181,355,88
female,75,173,44,high,build_muscle,78,137,2746,160,359,74
female,76,185,50,high,lose_weight,54,166,1945,130,221,59
female,66,167,45,low,build_muscle,81,96,1892,119,227,56
male,62,185,39,low,lose_weight,41,127,1212,111,108,37
female,100,182,19,low,gain_weight,117,52,2513,192,258,78
male,80,182,38,high,lose_weight,69,84,2394,133,313,67
female,57,178,41,low,build_muscle,74,53,2011,102,259,62
female,66,174,24,low,gain_weight,82,47,2217,122,271,71
female,54,184,19,low,build_muscle,69,61,1917,101,244,59
female,63,168,44,high,gain_weight,74,110,2429,109,369,56
female,59,172,37,low,gain_weight,70,79,2034,126,240,63
male,64,156,44,moderate,build_muscle,83,65,2362,119,339,58
male,78,153,39,low,lose_weight,72,139,1467,138,134,41
male,51,179,19,high,lose_weight,33,73,1900,87,279,48
male,87,174,29,moderate,gain_weight,93,38,3133,168,397,96
male,75,178,38,high,gain_weight,95,123,3293,138,439,108
male,62,188,38,low,gain_weight,76,38,2115,106,284,61
male,70,160,37,moderate,gain_weight,86,176,2780,127,367,88
female,65,171,25,high,gain_weight,67,98,2716,129,412,60
male,64,172,45,high,lose_weight,55,72,1825,114,234,47
female,55,173,33,low,build_muscle,63,57,1911,95,245,60
female,94,169,45,low,gain_weight,109,121,2277,185,223,71
female,53,172,27,high,build_muscle,59,89,2553,112,380,64
female,56,176,23,moderate,gain_weight,67,146,2434,100,372,60
female,84,153,24,moderate,lose_weight,64,38,1598,180,128,40
female,90,182,25,high,gain_weight,110,30,3369,153,490,87
female,82,150,26,moderate,lose_weight,60,38,1611,148,160,41
male,79,159,42,moderate,gain_weight,102,155,2762,138,351,88
male,64,178,26,moderate,lose_weight,46,88,1886,129,230,49
female,73,176,26,high,gain_weight,82,119,3020,130,404,97
female,89,174,20,moderate,gain_weight,110,71,2943,167,394,77
female,68,184,22,moderate,lose_weight,55,86,1740,129,187,52
male,76,160,48,low,build_muscle,92,54,2225,154,260,62
male,96,188,47,low,lose_weight,89,78,1582,209,69,52
female,83,165,45,high,lose_weight,73,125,1863,144,183,61
male,77,185,39,moderate,build_muscle,87,33,2865,151,368,87
male,51,179,39,low,gain_weight,53,86,1986,105,263,56
female,96,166,39,high,gain_weight,120,90,3189,182,393,98
female,78,152,29,moderate,build_muscle,88,150,2568,157,338,65
female,70,165,34,moderate,build_muscle,88,177,2551,114,376,65
male,84,165,42,moderate,lose_weight,54,84,1844,144,219,43
female,97,172,35,moderate,gain_weight,101,103,2963,211,322,91
male,85,181,20,moderate,build_muscle,109,142,3226,167,445,86
male,51,189,48,high,gain_weight,53,146,2773,110,427,68
female,93,183,27,low,lose_weight,80,59,1460,159,119,37
female,52,181,47,low,build_muscle,64,177,1813,101,237,50
male,52,188,39,moderate,build_muscle,58,63,2572,83,377,80
male,83,156,42,high,lose_weight,59,68,2080,133,261,55
male,68,174,26,high,lose_weight,63,72,2381,123,315,69
male,88,185,37,moderate,build_muscle,111,114,3205,159,417,99
male,88,154,32,moderate,build_muscle,90,174,2933,161,422,66
female,97,154,49,high,gain_weight,109,41,3063,213,357,86
male,81,175,41,high,gain_weight,103,65,3307,147,492,82
male,100,176,36,moderate,lose_weight,93,122,2503,213,255,69
female,61,166,38,low,build_muscle,64,153,1788,121,216,48
male,62,185,27,moderate,lose_weight,44,136,1812,121,234,43
male,60,151,28,low,build_muscle,63,166,2013,130,240,59
female,73,162,50,low,build_muscle,85,115,2045,144,232,59
female,78,168,24,moderate,lose_weight,67,58,1777,159,191,41
female,56,174,31,low,lose_weight,49,133,1180,105,123,29
male,50,157,43,moderate,build_muscle,60,94,2397,100,332,74
female,76,152,31,low,gain_weight,97,92,1957,132,255,45
male,62,169,47,high,lose_weight,48,116,1727,102,215,50
female,65,186,43,moderate,gain_weight,74,140,2498,117,329,79
female,52,190,47,low,build_muscle,61,157,1866,99,259,47
female,71,180,37,low,lose_weight,65,67,1155,145,81,27
male,100,168,44,low,build_muscle,129,179,2444,172,307,58
male,59,164,29,moderate,build_muscle,67,36,2703,97,427,67
male,98,160,21,low,lose_weight,86,153,1569,199,108,37
male,68,157,37,low,gain_weight,76,43,2075,124,264,57
male,90,172,48,low,gain_weight,100,165,2515,189,250,83
male,63,177,45,low,build_muscle,69,74,2036,133,273,45
female,69,174,37,low,lose_weight,49,142,954,136,47,24
female,67,161,29,low,lose_weight,50,54,995,146,28,33
female,61,172,20,low,gain_weight,73,106,2010,112,278,49
male,97,184,42,low,gain_weight,114,108,2733,210,327,64
female,81,172,28,high,gain_weight,90,147,3106,133,470,76
female,71,181,34,moderate,lose_weight,56,104,1640,129,160,53
female,51,187,24,moderate,lose_weight,32,139,1447,93,175,41
female,66,178,50,high,lose_weight,44,176,1681,143,168,48
male,75,186,23,moderate,lose_weight,53,54,2172,156,248,61
female,63,181,37,moderate,gain_weight,81,148,2543,112,340,81
male,89,153,30,high,lose_weight,54,76,2135,151,242,62
female,85,189,18,low,build_muscle,93,135,2604,181,323,64
female,65,171,47,low,lose_weight,56,96,831,121,32,23
female,50,172,47,high,gain_weight,63,67,2348,91,369,56
male,80,157,43,moderate,build_muscle,85,165,2656,158,355,67
female,92,174,43,moderate,build_muscle,112,129,2886,196,342,81
male,57,166,34,moderate,build_muscle,60,89,2592,112,364,76
female,95,173,37,low,lose_weight,71,105,1245,165,70,33
female,95,172,40,high,build_muscle,107,131,3291,175,479,74
male,84,168,37,high,lose_weight,75,159,2522,179,281,75
male,90,168,47,moderate,gain_weight,99,87,3118,192,385,89
female,79,172,26,high,build_muscle,82,82,3122,166,399,95
female,71,157,42,moderate,gain_weight,88,171,2280,140,302,56
male,50,166,27,moderate,build_muscle,63,126,2566,108,359,76
male,50,184,26,high,build_muscle,52,127,3018,92,437,100
female,59,181,22,low,build_muscle,74,155,2053,110,296,46
female,90,152,32,high,lose_weight,75,158,1914,150,210,52
male,74,187,33,moderate,build_muscle,93,83,3048,146,423,85
male,52,154,44,low,build_muscle,58,120,1824,103,228,55
female,99,150,29,moderate,build_muscle,102,143,2947,210,318,92
female,64,181,32,low,lose_weight,48,124,987,135,53,25
male,78,180,50,high,build_muscle,82,125,3110,144,450,81
female,51,167,22,moderate,lose_weight,44,118,1505,111,176,39
female,65,174,38,low,gain_weight,80,95,1968,106,255,57
female,85,189,27,low,lose_weight,77,162,1777,158,154,58
male,53,157,31,low,gain_weight,62,152,1871,97,246,55
female,82,169,49,low,build_muscle,87,67,2179,160,270,50
female,97,158,34,low,gain_weight,106,58,2293,170,284,52
male,83,157,21,moderate,gain_weight,92,103,3000,165,408,78
male,51,159,20,moderate,lose_weight,45,98,1808,100,253,43
male,61,165,32,high,lose_weight,49,175,2018,114,256,59
male,51,174,48,moderate,lose_weight,31,94,1511,84,193,44
male,57,150,49,high,gain_weight,68,167,2536,96,367,75
female,50,152,40,high,lose_weight,37,103,1177,102,119,32
female,68,180,19,moderate,gain_weight,70,33,2675,109,417,63
female,65,188,26,low,gain_weight,75,42,2152,134,265,61
female,68,173,21,high,gain_weight,80,89,2954,142,387,92
female,94,181,28,low,lose_weight,76,79,1383,181,86,34
male,60,169,20,moderate,lose_weight,50,110,1665,96,203,51
female,99,168,47,low,build_muscle,123,57,2187,198,237,49
female,87,167,44,low,lose_weight,57,38,1051,162,33,29
female,91,153,21,low,build_muscle,111,31,2177,182,249,50
male,82,188,21,high,lose_weight,75,47,2582,167,290,83
male,60,180,18,low,gain_weight,64,149,2451,118,369,55
female,51,159,41,moderate,lose_weight,35,180,1112,111,88,34
female,87,163,24,moderate,gain_weight,93,52,2901,189,354,80
male,50,169,26,moderate,build_muscle,59,115,2617,83,393,78
male,97,155,41,moderate,build_muscle,99,121,2916,196,331,89
female,97,175,23,low,build_muscle,124,59,2458,171,263,79
female,81,153,46,low,build_muscle,97,33,1836,161,175,54
female,76,172,35,low,lose_weight,51,84,1173,134,75,37
female,59,184,36,high,build_muscle,61,92,2671,127,345,86
female,93,150,39,high,lose_weight,74,120,1850,166,159,60
female,64,150,34,moderate,lose_weight,53,42,1308,135,105,38
male,59,178,27,low,build_muscle,67,136,2319,105,354,53
male,82,161,35,moderate,build_muscle,90,159,2890,134,398,84
female,74,176,46,moderate,gain_weight,92,62,2647,120,380,71
female,63,189,38,high,build_muscle,81,68,2862,114,435,73
female,98,189,18,moderate,gain_weight,117,149,3348,176,471,84
female,86,189,45,high,build_muscle,99,161,3209,160,454,83
female,83,164,49,low,lose_weight,71,159,1117,141,61,34
male,83,151,18,high,gain_weight,90,74,3199,144,420,104
female,54,153,48,high,gain_weight,68,32,2252,95,355,50
male,95,184,18,moderate,lose_weight,87,69,2512,199,240,83
female,88,164,49,low,build_muscle,102,64,2128,147,265,52
male,81,185,21,high,build_muscle,99,79,3391,130,507,93
male,58,179,23,moderate,gain_weight,72,123,2649,123,363,78
female,73,181,25,low,gain_weight,90,166,2073,156,228,59
female,75,182,45,moderate,lose_weight,61,100,1637,138,151,53
male,71,173,38,low,build_muscle,76,96,2265,130,274,71
female,57,150,47,moderate,lose_weight,38,176,1089,102,111,26
female,75,185,19,low,lose_weight,52,168,1334,130,113,39
female,83,183,20,high,build_muscle,90,81,3313,148,445,104
female,58,179,32,low,gain_weight,71,145,1879,108,226,60
female,54,158,50,low,gain_weight,59,144,1576,117,176,44
male,70,150,44,high,gain_weight,72,45,2705,149,374,67
male,72,153,44,high,gain_weight,81,134,2931,143,371,96
male,88,155,40,moderate,build_muscle,104,86,2951,172,357,92
female,60,161,46,low,gain_weight,74,164,1719,104,236,39
male,96,186,49,high,gain_weight,124,31,3583,205,424,118
female,86,174,30,low,gain_weight,93,51,2448,166,307,61
female,50,153,38,high,gain_weight,52,148,2327,89,332,71
female,58,176,45,high,lose_weight,52,80,1567,112,166,50
female,63,185,37,high,gain_weight,77,77,2770,136,402,68
male,86,168,27,low,lose_weight,60,47,1419,166,116,31
male,93,181,33,high,lose_weight,80,80,2522,185,271,77
female,93,181,19,high,gain_weight,108,179,3467,199,455,93
male,89,157,37,moderate,gain_weight,115,72,2962,191,376,76
female,97,163,24,high,build_muscle,124,73,3301,156,464,90
male,59,157,20,low,lose_weight,53,177,1547,108,198,35
female,65,186,46,moderate,lose_weight,57,104,1531,126,147,48
female,95,175,30,moderate,lose_weight,89,142,2417,189,273,62
female,74,177,36,high,gain_weight,87,166,2878,133,439,65
male,60,155,44,moderate,gain_weight,71,44,2514,126,326,77
male,74,179,27,low,gain_weight,82,98,2339,159,307,52
female,75,180,45,high,lose_weight,52,175,1866,157,185,54
female,87,171,34,moderate,gain_weight,106,37,2865,172,391,67
male,60,183,47,high,lose_weight,40,141,1815,109,238,46
male,89,185,47,low,gain_weight,109,162,2435,162,315,58
female,82,164,41,high,gain_weight,89,146,2867,134,383,88
male,78,168,22,low,gain_weight,95,53,2357,142,316,57
male,78,151,31,moderate,build_muscle,93,123,2675,154,327,83
female,73,167,30,high,gain_weight,76,115,2875,160,404,68
male,88,182,48,high,build_muscle,107,39,3275,159,422,105
male,69,183,30,moderate,build_muscle,81,77,3029,125,480,67
female,98,153,41,low,build_muscle,112,43,2237,183,237,61
male,64,188,22,moderate,build_muscle,67,139,3043,106,495,70
female,71,175,42,moderate,lose_weight,65,99,1825,139,195,53
male,54,167,20,moderate,gain_weight,64,114,2591,99,407,62
male,81,189,28,high,gain_weight,87,66,3450,147,531,81
female,98,187,19,low,build_muscle,116,40,2604,191,320,62
female,78,158,40,high,lose_weight,61,47,1783,165,152,56
female,91,178,29,high,gain_weight,108,163,3340,162,467,91
female,72,190,26,low,lose_weight,59,136,1246,121,115,33
female,100,163,38,moderate,gain_weight,128,132,3032,193,410,68
male,62,151,48,high,gain_weight,65,64,2682,134,350,82
male,53,178,22,low,gain_weight,66,118,2200,100,295,68
female,70,175,20,low,gain_weight,72,127,1992,112,257,56
male,100,172,18,low,build_muscle,130,163,2664,201,286,79
male,94,165,41,high,build_muscle,120,34,3436,183,490,82
male,90,177,49,high,build_muscle,103,32,3393,152,460,104
female,85,175,44,high,lose_weight,56,148,2010,141,215,64
male,79,171,47,high,lose_weight,55,111,2071,149,249,52
male,97,164,47,moderate,lose_weight,72,107,2001,197,168,59
female,64,180,29,low,lose_weight,41,155,996,115,67,29
female,88,153,44,high,build_muscle,96,138,2816,144,415,64
female,57,175,23,low,gain_weight,73,110,1970,124,232,60
male,56,182,33,low,build_muscle,61,165,2110,111,296,53
female,69,187,23,low,build_muscle,74,138,2262,112,314,61
male,85,173,34,low,gain_weight,87,81,2410,157,273,76
male,92,164,27,low,build_muscle,94,69,2513,176,289,72
female,87,185,44,moderate,gain_weight,112,118,2907,176,381,75
female,87,179,44,high,lose_weight,70,37,2091,165,204,68
male,84,178,47,low,gain_weight,104,92,2482,169,317,59
male,78,181,39,moderate,lose_weight,50,50,2020,157,229,52
female,73,188,21,high,lose_weight,48,42,2177,142,247,68
male,99,165,38,moderate,build_muscle,111,170,3234,191,379,105
female,90,174,34,high,gain_weight,101,112,3122,191,425,72
male,79,176,46,moderate,lose_weight,62,173,1965,150,215,55
female,92,178,24,moderate,lose_weight,78,94,1999,158,234,47
male,73,170,24,low,lose_weight,57,126,1226,156,84,28
male,78,151,43,high,lose_weight,54,168,1919,159,192,56
female,66,182,38,low,gain_weight,79,42,2168,127,253,71
male,92,175,20,moderate,build_muscle,106,152,3286,179,404,105
male,51,179,26,low,lose_weight,31,168,1012,103,75,32
male,95,181,30,moderate,lose_weight,75,132,2384,164,270,71
female,98,167,18,high,gain_weight,105,86,3366,191,403,109
male,83,164,37,low,build_muscle,105,149,2282,179,225,73
female,96,172,30,moderate,build_muscle,120,66,3066,200,368,87
male,50,189,18,moderate,build_muscle,60,128,2796,90,443,73
male,58,158,44,high,gain_weight,70,178,2540,96,383,68
male,73,151,29,high,build_muscle,81,43,2843,139,364,92
male,91,155,29,high,gain_weight,115,171,3442,157,459,108
male,87,160,26,high,lose_weight,53,71,2378,153,300,62
female,63,177,40,high,gain_weight,73,95,2672,103,399,73
male,81,182,33,low,lose_weight,68,90,1537,133,144,47
male,76,190,29,low,lose_weight,59,84,1370,131,124,38
female,92,177,32,moderate,build_muscle,119,58,2874,169,379,75
male,70,155,28,low,build_muscle,81,147,2045,135,246,57
female,50,172,46,moderate,build_muscle,64,163,2095,85,324,50
female,87,189,42,high,build_muscle,92,152,3120,167,394,96
female,91,180,42,moderate,lose_weight,68,164,1940,183,184,51
female,71,172,43,low,lose_weight,52,44,1076,114,77,34
female,86,185,18,high,gain_weight,92,108,3354,167,440,102
male,77,162,49,moderate,lose_weight,72,65,1822,164,184,47
male,58,184,30,low,build_muscle,75,126,2190,97,340,48
male,81,186,49,moderate,gain_weight,86,170,3031,131,448,78
male,63,161,47,moderate,build_muscle,72,87,2505,112,341,76
male,71,164,30,moderate,lose_weight,48,97,1687,150,179,40
male,60,188,30,low,gain_weight,64,140,2250,106,318,61
male,85,184,18,moderate,lose_weight,58,98,2247,179,239,63
male,80,175,46,high,gain_weight,91,176,3164,135,430,99
male,67,153,21,low,build_muscle,79,88,2111,127,286,50
male,65,170,46,low,lose_weight,57,51,986,110,81,24
male,75,178,39,high,gain_weight,92,114,3332,162,444,100
male,99,159,27,high,build_muscle,114,179,3374,178,495,75
female,52,162,47,high,build_muscle,65,61,2152,106,272,70
male,66,157,18,high,gain_weight,78,72,2954,142,448,65
male,60,182,50,high,lose_weight,36,120,1915,100,275,45
female,62,184,24,low,build_muscle,78,106,2206,124,315,49
female,83,167,24,low,lose_weight,50,95,1298,178,53,40
female,58,179,18,high,build_muscle,63,100,2899,127,437,71
male,53,187,18,high,lose_weight,46,34,2036,89,288,58
male,51,158,21,moderate,build_muscle,57,147,2417,88,391,55
male,84,156,38,high,build_muscle,105,81,2985,180,359,92
male,50,164,20,high,build_muscle,52,121,2886,90,432,88
female,59,169,25,high,lose_weight,43,83,1560,108,198,36
female,85,185,35,high,build_muscle,98,127,3316,167,482,79
male,69,153,32,moderate,build_muscle,88,135,2575,143,336,72
male,53,161,41,low,build_muscle,68,159,2038,101,286,54
male,50,184,36,moderate,build_muscle,52,165,2724,105,435,62
male,83,186,18,moderate,gain_weight,93,47,3188,163,424,92
female,69,161,19,high,lose_weight,63,59,1797,141,190,52
male,65,155,44,low,gain_weight,73,125,1984,137,234,55
male,96,153,26,low,gain_weight,121,77,2497,163,297,72
female,69,186,25,moderate,gain_weight,79,115,2748,112,393,80
female,73,190,28,moderate,lose_weight,55,38,1779,129,217,43
female,52,184,39,low,lose_weight,35,79,927,109,66,24
female,85,168,23,high,gain_weight,89,96,3080,153,385,102
male,67,180,20,low,lose_weight,55,34,1360,114,157,30
male,58,164,28,high,gain_weight,62,69,2889,97,477,65
female,58,176,23,low,gain_weight,61,128,1922,121,239,53
male,71,179,33,high,lose_weight,60,37,2185,143,243,70
female,66,151,28,high,gain_weight,69,161,2463,133,333,66
male,63,181,21,high,gain_weight,67,177,3253,115,483,94
male,72,181,31,moderate,gain_weight,85,124,2907,150,371,90
male,70,177,48,high,build_muscle,81,36,3003,136,401,94
female,74,165,40,low,build_muscle,86,117,2017,123,237,63
male,96,155,26,moderate,build_muscle,113,119,3172,177,390,100
male,82,185,41,high,lose_weight,72,126,2400,150,276,77
male,50,187,30,low,build_muscle,61,146,2117,81,312,60
female,97,157,31,high,lose_weight,75,60,2090,162,233,56
male,100,161,37,low,lose_weight,77,107,1575,165,143,38
female,82,173,38,low,gain_weight,96,176,2254,153,262,65
female,80,189,33,high,gain_weight,91,132,3225,158,423,99
female,98,173,22,moderate,gain_weight,112,54,3108,197,363,96
male,59,153,29,low,gain_weight,63,117,1934,104,248,57
male,81,190,45,high,gain_weight,100,105,3425,162,502,85
female,89,186,44,low,lose_weight,83,144,1621,194,96,50
male,70,155,39,low,lose_weight,60,80,1031,143,37,33
male,50,171,26,low,build_muscle,64,137,2027,93,274,61
female,83,168,19,moderate,lose_weight,55,65,1781,143,195,47
male,67,175,23,high,lose_weight,55,114,2185,128,257,71
female,99,170,19,moderate,lose_weight,71,109,2105,158,223,64
male,50,152,18,high,build_muscle,64,40,2749,85,420,80
female,85,171,30,high,build_muscle,94,127,3075,139,468,71
female,59,163,20,moderate,build_muscle,74,61,2377,99,328,73
male,80,160,19,low,gain_weight,86,166,2508,133,311,81
male,61,173,23,high,lose_weight,39,115,2053,104,304,46
female,56,162,31,low,lose_weight,44,41,857,101,55,25
female,77,190,41,moderate,build_muscle,86,127,2757,136,392,71
male,72,152,49,moderate,lose_weight,61,142,1625,143,157,46
male,94,188,49,high,gain_weight,115,140,3492,206,415,111
female,76,175,40,moderate,lose_weight,71,74,1746,150,193,41
female,75,158,47,high,build_muscle,95,146,2720,142,386,67
male,68,158,42,moderate,gain_weight,87,175,2513,133,327,74
female,86,155,22,low,build_muscle,102,102,2228,147,265,63
female,75,185,42,moderate,gain_weight,79,176,2670,138,363,73
male,70,157,50,low,lose_weight,48,79,1080,120,95,24
female,78,163,30,low,build_muscle,98,163,2172,154,229,70
male,90,156,28,moderate,lose_weight,76,112,2001,145,224,57
female,60,169,18,low,build_muscle,64,88,1895,101,265,47
male,56,177,42,high,lose_weight,47,109,1817,91,228,59
female,90,189,46,high,lose_weight,82,108,2325,191,237,67
female,83,186,21,high,lose_weight,59,95,2361,172,254,72
female,94,159,40,high,gain_weight,105,170,3139,156,468,70
male,98,156,50,low,build_muscle,103,147,2411,207,229,73
male,59,152,25,high,gain_weight,65,140,2886,120,427,77
female,99,186,21,moderate,build_muscle,123,58,3299,209,402,94
female,68,154,34,high,lose_weight,51,32,1533,121,158,46
female,72,171,27,low,build_muscle,92,125,2234,140,270,65
female,64,181,31,moderate,build_muscle,80,30,2659,134,334,87
male,70,189,40,high,lose_weight,57,152,2348,131,326,57
male,71,174,35,low,gain_weight,87,179,2397,130,334,59
male,79,150,24,high,gain_weight,94,172,3175,159,465,75
male,53,168,49,moderate,build_muscle,63,63,2391,112,330,68
female,50,168,22,high,build_muscle,55,37,2525,105,362,72
female,89,163,21,high,lose_weight,56,32,2201,179,249,53
male,54,157,38,low,build_muscle,58,136,1834,117,227,50
male,99,155,42,high,build_muscle,121,94,3360,158,454,100
male,92,174,46,moderate,build_muscle,98,145,3070,155,420,85
female,55,169,20,moderate,lose_weight,33,148,1314,99,156,31
female,100,180,50,high,gain_weight,127,128,3246,211,412,83
male,79,167,22,moderate,build_muscle,98,42,2923,138,436,69
male,72,182,50,high,gain_weight,88,110,3089,157,386,101
female,73,171,27,low,gain_weight,82,103,2079,158,209,67
male,70,164,48,moderate,gain_weight,75,68,2550,123,347,74
female,61,156,29,moderate,build_muscle,72,71,2313,110,309,70
male,82,177,50,low,gain_weight,100,32,2190,158,235,68
male,91,180,20,moderate,gain_weight,108,120,3399,173,481,86
male,77,153,26,moderate,build_muscle,80,175,2753,142,364,80
male,75,181,33,high,lose_weight,49,33,2318,129,300,66
male,59,161,24,moderate,lose_weight,51,117,1860,97,230,60
male,53,157,20,moderate,build_muscle,59,155,2599,85,425,61
female,87,151,39,moderate,gain_weight,108,177,2721,144,386,66
male,73,187,37,low,build_muscle,77,61,2504,146,311,74
female,62,182,39,low,lose_weight,53,155,1244,116,131,28
male,50,184,30,high,gain_weight,59,153,2845,83,459,74
female,79,175,32,low,build_muscle,98,149,2185,171,240,59
male,77,161,40,moderate,build_muscle,82,56,2832,152,375,80
female,87,167,42,low,gain_weight,91,129,2204,159,265,55
female,93,188,48,high,build_muscle,105,88,3322,172,416,107
male,95,178,44,low,lose_weight,69,147,1589,162,136,43
female,68,187,29,moderate,gain_weight,72,78,2666,129,339,88
male,79,190,23,low,gain_weight,91,84,2590,149,353,64
male,86,181,38,moderate,lose_weight,78,159,2400,164,257,79
male,88,163,45,high,lose_weight,71,148,2269,165,271,58
female,84,176,41,low,lose_weight,60,129,1277,145,106,29
male,55,185,41,low,lose_weight,42,154,1203,89,138,32
female,60,183,24,moderate,gain_weight,77,89,2576,106,396,62
female,68,190,19,low,lose_weight,41,118,1152,139,68,35
male,66,167,26,low,lose_weight,42,73,1229,119,109,34
female,67,173,27,moderate,lose_weight,48,61,1552,115,164,48
female,76,190,41,low,gain_weight,95,94,2189,159,234,68
female,81,155,29,moderate,build_muscle,103,119,2686,147,337,83
female,71,181,39,moderate,lose_weight,60,86,1701,131,175,52
male,76,157,42,moderate,lose_weight,46,152,1598,123,186,40
male,95,166,49,moderate,gain_weight,109,123,3010,173,361,96
male,53,184,47,moderate,lose_weight,35,99,1510,95,174,47
male,50,182,38,high,build_muscle,55,54,2736,81,430,76
female,50,161,38,moderate,gain_weight,65,152,2082,97,291,58
male,53,181,18,moderate,gain_weight,60,69,2856,92,435,82
female,52,177,50,low,gain_weight,63,105,1874,87,247,59
male,99,175,42,moderate,lose_weight,86,163,2250,179,227,69
male,50,151,28,moderate,lose_weight,32,50,1256,87,144,36
male,82,190,47,high,gain_weight,85,76,3542,159,473,112
female,63,165,34,high,lose_weight,45,46,1579,130,146,52
female,94,175,39,low,gain_weight,110,70,2370,178,247,73
female,99,150,37,high,build_muscle,113,102,2964,207,358,77
male,59,173,26,moderate,gain_weight,72,123,2644,99,405,69
female,83,185,41,high,build_muscle,90,52,3237,179,403,100
male,99,186,38,low,lose_weight,85,116,1704,188,136,45
male,58,173,26,high,lose_weight,43,169,1955,109,247,58
female,79,176,38,low,build_muscle,82,88,2166,145,245,67
male,70,181,23,high,build_muscle,75,173,3233,117,490,89
female,71,152,33,moderate,lose_weight,52,170,1366,146,93,45
male,62,185,24,low,lose_weight,49,85,1369,130,125,38
female,61,175,40,low,gain_weight,73,36,1830,107,240,48
male,74,172,39,moderate,gain_weight,94,52,2774,129,359,90
female,50,168,38,high,build_muscle,64,56,2462,93,369,67
male,57,185,28,low,lose_weight,41,66,1209,110,107,37
female,66,173,18,high,build_muscle,81,147,2827,137,387,80
female,77,175,32,moderate,gain_weight,90,77,2698,162,361,67
male,81,179,41,moderate,build_muscle,105,53,3129,138,454,84
male,93,152,24,high,gain_weight,106,56,3367,177,485,79
male,83,165,24,moderate,build_muscle,92,141,2941,138,425,75
male,94,155,37,high,build_muscle,99,108,3249,168,457,82
female,54,150,48,high,lose_weight,32,164,1226,92,139,33
male,51,169,18,high,gain_weight,66,115,2992,109,478,70
female,64,171,50,low,lose_weight,51,143,792,107,37,23
male,79,182,26,high,build_muscle,93,30,3443,162,505,85
female,51,163,35,high,gain_weight,60,97,2303,105,352,52
male,71,187,37,high,build_muscle,92,35,3246,137,443,102
female,63,171,20,moderate,build_muscle,66,136,2545,106,368,72
male,63,154,34,low,lose_weight,47,79,980,136,44,28
male,50,184,37,high,lose_weight,36,66,1905,103,247,56
male,84,155,33,low,build_muscle,90,87,2400,144,292,72
female,82,177,22,moderate,gain_weight,89,53,2946,168,419,66
female,65,177,21,low,build_muscle,67,54,2237,133,270,68
male,76,174,34,high,build_muscle,95,136,3200,164,397,105
female,92,174,45,moderate,gain_weight,119,100,2770,201,287,90
female,67,177,20,low,gain_weight,76,83,2249,132,270,70
female,59,159,30,moderate,lose_weight,38,160,1309,98,140,39
male,75,157,40,moderate,lose_weight,68,33,1605,158,152,40
female,89,188,31,moderate,build_muscle,100,162,3019,186,398,75
female,73,154,30,moderate,lose_weight,48,82,1507,128,155,41
male,94,180,25,high,lose_weight,87,147,3020,154,413,83
male,65,178,31,high,build_muscle,74,90,3063,132,468,73
male,57,155,35,low,lose_weight,48,175,1284,122,106,41
female,55,189,31,moderate,gain_weight,69,116,2554,119,386,58
male,55,170,25,low,gain_weight,68,59,2144,119,297,52
male,82,164,41,moderate,build_muscle,95,105,2874,172,397,65
female,52,166,35,high,gain_weight,66,77,2467,92,379,64
male,65,153,23,low,lose_weight,42,33,1009,111,86,24
male,87,178,42,high,gain_weight,97,164,3231,177,461,74
female,95,172,28,low,lose_weight,67,160,1432,181,86,40
male,56,187,24,high,gain_weight,65,76,3127,90,484,91
male,75,173,33,low,lose_weight,56,55,1312,156,89,36
female,81,175,40,low,lose_weight,49,107,1145,131,80,32
female,86,154,44,moderate,gain_weight,105,107,2630,139,361,69
male,57,173,42,high,lose_weight,36,176,1879,105,247,52
male,86,164,40,moderate,gain_weight,96,128,3049,165,413,81
female,88,180,50,high,gain_weight,109,77,3194,183,403,94
male,93,173,18,moderate,gain_weight,107,97,3245,174,393,107
female,80,167,31,low,build_muscle,85,111,2014,140,247,51
female,59,163,23,high,build_muscle,67,121,2635,108,365,82
female,79,161,48,moderate,build_muscle,98,38,2409,128,348,56
female,99,181,45,low,gain_weight,122,164,2394,178,279,62
male,88,164,37,low,build_muscle,90,105,2299,154,281,61
male,61,167,37,high,lose_weight,48,58,1809,114,227,48
female,100,171,31,moderate,gain_weight,107,115,3012,175,409,74
female,66,180,30,low,build_muscle,74,40,2092,134,248,62
male,86,166,47,high,lose_weight,59,158,2212,143,270,61
male,95,155,42,low,lose_weight,73,141,1406,171,87,41
male,54,180,47,high,gain_weight,69,117,2720,99,425,68
female,55,180,34,low,lose_weight,49,59,824,92,65,21
female,89,180,34,high,gain_weight,105,109,3261,182,397,104
male,81,161,46,high,build_muscle,86,83,2970,159,422,71
female,95,157,19,high,lose_weight,78,156,2236,165,278,51
female,64,163,29,high,gain_weight,79,83,2576,127,339,78
female,93,177,21,low,build_muscle,103,68,2420,162,318,55
male,76,177,29,low,lose_weight,55,86,1449,160,102,43
female,87,164,46,high,gain_weight,97,77,2998,143,395,93
female,71,187,50,high,gain_weight,91,82,2817,147,347,93
male,97,163,39,moderate,gain_weight,106,107,3099,163,384,100
female,91,155,47,high,gain_weight,114,83,2985,172,409,73
male,52,165,33,moderate,build_muscle,60,67,2586,112,394,61
female,77,153,42,high,gain_weight,98,140,2625,154,343,70
male,93,186,43,high,build_muscle,117,171,3526,151,533,87
female,77,180,29,high,build_muscle,97,53,3042,141,439,79
male,87,181,36,moderate,lose_weight,58,100,2081,187,199,58
male,71,185,28,low,lose_weight,44,111,1342,138,110,38
male,53,189,50,high,lose_weight,42,102,1839,89,276,41
female,91,189,25,low,lose_weight,65,99,1447,166,110,37
male,62,160,40,high,build_muscle,70,153,2695,117,375,80
female,91,170,36,low,build_muscle,112,108,2400,197,244,70
male,56,151,31,low,build_muscle,71,44,1808,94,244,50
male,97,158,45,high,build_muscle,106,79,3303,195,403,100
male,50,163,43,high,build_muscle,58,156,2576,99,377,74
female,96,155,26,high,build_muscle,101,80,3061,172,429,72
male,92,189,24,moderate,gain_weight,105,108,3402,169,510,75
male,95,163,22,low,gain_weight,118,68,2500,157,312,69
male,66,154,28,moderate,gain_weight,79,107,2645,110,354,87
male,72,187,22,high,build_muscle,89,39,3443,117,511,103
female,64,174,49,high,build_muscle,80,82,2594,116,371,71
male,82,181,35,moderate,lose_weight,54,128,2132,167,225,62
male,85,173,18,moderate,build_muscle,92,156,3230,150,464,85
female,99,158,31,moderate,build_muscle,107,82,2778,172,328,85
female,97,163,31,moderate,gain_weight,101,139,2937,163,363,92
female,79,168,31,moderate,build_muscle,87,128,2688,149,376,64
female,68,169,46,high,gain_weight,70,30,2777,126,363,90
male,72,157,34,high,lose_weight,64,103,2138,131,282,53
male,54,151,38,low,lose_weight,34,81,838,92,59,25
female,61,173,24,low,lose_weight,44,177,980,102,79,27
male,71,175,31,high,lose_weight,52,79,2227,134,259,72
male,57,158,26,high,build_muscle,70,72,2760,119,390,79
female,98,178,18,low,build_muscle,115,126,2469,210,239,74
male,89,168,47,low,lose_weight,75,30,1432,164,103,40
male,94,169,36,high,gain_weight,101,113,3520,172,449,114
male,93,183,45,high,lose_weight,63,80,2551,170,320,65
male,66,181,22,moderate,gain_weight,78,103,2940,120,401,95
male,79,185,35,high,build_muscle,83,120,3478,144,543,80
female,99,155,30,moderate,build_muscle,118,37,3014,177,350,100
female,64,153,37,low,lose_weight,54,98,856,104,57,23
male,100,153,33,moderate,lose_weight,61,42,2099,196,203,55
female,99,159,36,low,gain_weight,125,158,2288,199,240,58
male,87,156,20,high,lose_weight,78,148,2459,147,320,65
male,51,165,45,low,build_muscle,60,30,1869,97,231,61
male,74,172,38,low,gain_weight,87,65,2257,152,244,74
female,90,173,24,low,lose_weight,66,32,1413,178,89,37
male,75,165,42,high,lose_weight,70,48,1971,155,204,59
male,90,170,25,moderate,build_muscle,117,168,3275,146,479,85
male,80,162,45,high,lose_weight,55,45,2116,172,208,65
female,54,185,46,moderate,gain_weight,62,66,2254,99,296,74
female,77,166,27,moderate,lose_weight,55,32,1733,129,196,47
male,73,177,33,high,build_muscle,77,139,3245,136,487,83
female,89,182,43,low,lose_weight,68,134,1280,191,63,29
male,72,184,23,high,build_muscle,75,103,3329,125,490,95
female,69,154,45,low,build_muscle,74,145,1706,116,222,38
female,50,163,43,moderate,lose_weight,32,145,1070,106,102,26
male,59,188,18,moderate,lose_weight,46,101,1926,119,255,47
female,51,151,34,moderate,gain_weight,57,106,2216,93,322,61
female,64,178,42,moderate,build_muscle,72,166,2557,110,394,59
female,78,153,21,high,lose_weight,51,84,1931,147,204,57
male,65,166,49,low,build_muscle,80,107,1945,104,275,47
female,84,151,43,low,lose_weight,79,119,1342,158,80,42
female,52,172,24,moderate,build_muscle,55,65,2350,110,334,63
female,72,166,23,low,lose_weight,46,62,1153,155,62,31
male,63,170,38,moderate,lose_weight,40,60,1542,120,173,40
male,86,190,50,high,build_muscle,107,99,3421,171,438,108
female,60,179,38,high,gain_weight,71,107,2760,117,417,68
male,82,181,31,moderate,lose_weight,70,30,2036,174,206,56
male,90,177,33,low,gain_weight,95,110,2528,152,307,76
male,98,159,22,high,lose_weight,85,176,2738,169,341,76
female,71,188,35,high,build_muscle,84,154,2990,127,447,76
male,96,178,25,moderate,build_muscle,115,171,3367,185,437,97
male,68,156,47,moderate,lose_weight,41,101,1525,117,170,41
female,58,174,26,moderate,lose_weight,40,101,1440,103,161,42
female,100,170,40,high,lose_weight,92,81,2202,164,266,52
female,97,183,35,low,build_muscle,117,140,2513,167,316,64
female,79,182,47,low,lose_weight,52,169,1103,156,43,33
male,90,171,32,low,build_muscle,114,99,2504,152,293,79
male,79,153,22,high,lose_weight,66,143,2084,127,242,67
female,62,150,49,high,gain_weight,77,86,2217,127,314,49
female,67,160,32,high,lose_weight,44,53,1714,122,192,50
male,58,181,46,low,gain_weight,62,158,2143,120,298,51
male,92,169,19,high,lose_weight,69,172,2539,190,311,59
male,89,176,20,low,build_muscle,93,169,2599,155,303,84
female,95,182,28,low,gain_weight,98,51,2571,164,298,80
female,63,178,25,high,lose_weight,42,124,1821,104,242,48
male,76,180,28,moderate,lose_weight,52,167,1971,148,214,57
female,65,175,50,high,lose_weight,58,165,2067,121,282,50
male,67,164,22,moderate,gain_weight,84,32,2794,143,375,79
male,58,165,20,low,gain_weight,68,119,2181,104,285,68
female,62,155,41,high,lose_weight,49,74,1482,134,158,34
male,95,164,35,low,build_muscle,97,103,2513,193,260,77
male,86,168,28,moderate,gain_weight,95,172,3219,170,445,83
female,56,155,44,moderate,lose_weight,48,150,1375,105,167,31
male,65,161,27,moderate,gain_weight,81,40,2608,112,382,69
male,97,166,32,high,build_muscle,118,165,3567,174,480,105
female,52,189,48,high,build_muscle,58,30,2635,87,373,87
male,91,186,26,high,lose_weight,62,122,2600,170,330,66
female,99,182,40,moderate,build_muscle,104,40,3056,163,402,87
female,87,153,21,moderate,build_muscle,108,102,2747,178,340,74
male,72,155,45,high,lose_weight,49,146,1851,142,185,59
male,99,159,21,high,build_muscle,122,98,3489,166,501,90
female,91,158,32,high,build_muscle,113,128,3048,193,402,73
female,89,153,22,low,gain_weight,99,32,2191,155,233,70
female,78,166,33,high,gain_weight,88,124,2878,153,352,95
female,87,174,36,high,lose_weight,79,161,2491,162,293,74
female,82,177,42,high,gain_weight,88,160,3047,169,402,84
female,55,181,41,low,build_muscle,59,141,1934,103,261,52
female,52,178,21,low,build_muscle,64,131,1928,88,249,63
female,54,176,20,low,lose_weight,42,52,1028,100,103,23
female,98,161,48,high,gain_weight,113,133,3120,164,411,90
female,56,186,27,low,build_muscle,66,37,2006,92,264,64
male,99,166,29,low,lose_weight,79,77,1569,209,103,35
female,92,189,27,low,lose_weight,72,140,1563,181,106,45
female,65,182,18,moderate,build_muscle,69,94,2652,119,347,87
female,60,163,34,high,gain_weight,68,122,2605,109,357,81
female,89,170,48,high,build_muscle,109,125,2995,143,439,73
male,55,152,35,low,build_muscle,68,86,1964,95,254,62
female,64,163,24,low,lose_weight,52,64,910,132,34,26
female,59,171,34,high,lose_weight,35,163,1603,101,198,44
male,64,164,39,high,lose_weight,41,86,1897,131,202,62
female,80,170,46,low,build_muscle,97,167,2044,132,264,51
female,91,153,30,moderate,gain_weight,104,32,2784,166,357,76
male,64,179,34,moderate,build_muscle,72,68,2789,128,423,64
male,57,158,26,high,build_muscle,61,134,2815,97,428,78
male,71,152,25,moderate,gain_weight,77,63,2766,124,423,63
male,92,187,25,moderate,lose_weight,74,58,2258,148,267,65
male,94,174,38,low,build_muscle,119,169,2547,200,267,75
male,50,180,35,low,gain_weight,65,34,2074,94,305,52
female,73,185,49,moderate,gain_weight,82,97,2537,159,328,65
female,89,177,27,high,lose_weight,53,54,2328,153,305,54
female,79,168,37,moderate,gain_weight,100,57,2575,145,330,74
male,53,155,41,low,gain_weight,61,47,1848,92,269,44
male,52,157,42,low,build_muscle,54,73,2007,88,266,65
female,69,188,36,moderate,build_muscle,79,175,2551,132,353,67
male,79,158,44,high,build_muscle,101,129,3052,134,409,97
male,70,179,22,low,lose_weight,64,133,1760,123,213,46
male,69,164,37,moderate,lose_weight,44,155,1638,138,149,53
male,94,170,42,low,gain_weight,97,47,2421,168,300,60
male,67,174,35,high,gain_weight,81,67,3098,117,452,91
female,88,166,44,moderate,build_muscle,103,99,2681,171,314,81
male,68,177,24,high,lose_weight,53,95,2174,108,289,64
male,56,165,31,low,gain_weight,66,140,2125,117,306,47
female,96,172,45,moderate,lose_weight,59,140,1870,208,130,56
male,93,169,39,high,build_muscle,101,143,3302,161,496,74
male,50,170,34,moderate,lose_weight,40,55,1495,87,196,40
male,88,186,28,moderate,lose_weight,75,32,2177,173,229,62
male,69,155,20,high,lose_weight,47,62,1910,122,231,55
female,92,180,31,high,build_muscle,107,122,3293,183,406,103
female,61,171,48,low,build_muscle,66,49,1945,101,286,43
male,80,163,43,low,lose_weight,61,140,1260,165,71,34
male,53,153,23,low,gain_weight,65,35,1996,104,273,54
male,93,177,29,high,lose_weight,57,115,2624,174,304,78
female,67,170,46,low,build_muscle,77,119,1920,109,227,63
male,61,162,19,moderate,lose_weight,42,128,1743,102,224,48
female,75,172,34,low,build_muscle,78,154,2027,163,241,45
female,100,190,34,high,build_muscle,124,62,3577,207,494,85
female,74,187,20,high,build_muscle,82,103,3148,157,402,100
female,83,171,32,moderate,lose_weight,65,89,1834,162,202,41
male,59,189,35,high,lose_weight,48,72,2121,123,262,64
male,82,158,38,moderate,lose_weight,56,132,1881,154,188,56
female,57,177,28,high,lose_weight,42,38,1584,105,180,48
female,86,187,38,low,lose_weight,71,71,1311,141,94,40
male,58,190,32,moderate,gain_weight,61,84,2715,126,407,64
female,68,152,32,moderate,gain_weight,79,64,2281,133,281,68
male,70,155,28,moderate,lose_weight,57,123,1763,127,225,39
female,90,190,35,high,lose_weight,83,45,2295,164,258,67
male,83,181,46,moderate,build_muscle,100,38,3142,149,449,82
female,65,166,21,moderate,build_muscle,68,32,2521,137,353,61
female,87,150,38,low,lose_weight,60,177,1053,162,25,33
female,58,154,32,moderate,gain_weight,65,170,2319,123,312,63
female,72,172,29,moderate,build_muscle,75,148,2528,130,337,72
female,60,157,29,moderate,gain_weight,63,166,2269,101,306,70
female,94,157,43,high,gain_weight,116,120,3041,199,365,86
male,94,172,21,moderate,gain_weight,105,38,3381,191,451,89
female,63,184,41,high,gain_weight,65,180,2899,135,401,83
male,54,177,20,high,gain_weight,62,88,2989,101,493,68
female,92,177,31,high,lose_weight,79,124,2239,158,279,54
female,98,152,29,moderate,lose_weight,91,139,2165,203,179,70
male,88,155,43,moderate,gain_weight,94,107,2699,175,346,67
female,71,150,44,high,build_muscle,90,34,2571,143,314,82
female,57,151,31,low,lose_weight,38,122,786,117,32,20
female,83,172,48,moderate,gain_weight,88,65,2528,150,336,64
male,79,152,48,low,gain_weight,84,56,2049,160,245,47
male,55,173,40,high,gain_weight,67,144,2863,93,455,74
female,91,170,29,high,lose_weight,81,149,2270,176,228,72
male,86,155,31,low,lose_weight,61,75,1387,140,103,45
male,51,154,24,low,lose_weight,32,152,880,100,54,28
female,85,163,32,low,lose_weight,55,38,1176,184,34,33
female,77,170,20,moderate,lose_weight,59,138,1825,156,204,42
male,85,158,26,low,build_muscle,109,120,2314,146,266,73
female,69,185,19,moderate,build_muscle,72,33,2913,131,445,67
female,89,150,26,moderate,gain_weight,114,180,2683,188,335,65
female,74,180,44,moderate,gain_weight,81,99,2651,119,395,66
male,84,178,42,high,gain_weight,107,127,3327,139,459,103
female,96,179,40,low,lose_weight,77,77,1434,187,65,47
female,80,179,42,high,gain_weight,100,102,2917,170,376,80
female,100,169,49,high,gain_weight,105,34,3293,190,458,77
male,71,179,50,low,build_muscle,74,163,2140,147,239,65
female,75,185,29,moderate,lose_weight,57,117,1769,121,198,54
male,96,155,21,moderate,lose_weight,61,118,2153,205,196,60
female,85,165,35,low,gain_weight,109,89,2194,151,284,49
female,68,166,48,high,lose_weight,61,39,1589,118,173,47
male,70,155,44,low,build_muscle,82,53,2109,133,265,57
female,66,184,46,moderate,gain_weight,76,132,2545,113,387,60
male,69,164,49,moderate,lose_weight,43,172,1642,111,200,43
female,81,176,46,low,build_muscle,86,179,2104,142,256,56
male,69,172,29,high,build_muscle,73,87,2988,138,433,78
male,89,174,42,low,lose_weight,67,92,1365,143,100,43
male,54,152,48,low,gain_weight,59,164,1665,102,225,39
male,76,157,33,high,lose_weight,52,179,1932,149,216,51
male,87,173,40,moderate,lose_weight,67,153,2108,146,254,56
male,87,150,21,moderate,build_muscle,89,169,2930,154,361,96
male,75,165,42,low,build_muscle,88,173,2105,162,247,51
male,53,164,38,low,build_muscle,57,40,1977,99,290,46
female,54,171,30,high,build_muscle,56,178,2573,111,372,70
male,64,180,30,moderate,lose_weight,41,149,1858,137,216,48
male,55,183,48,high,build_muscle,71,67,2854,107,439,74
female,58,172,39,low,lose_weight,49,95,784,113,28,24
male,83,169,50,low,gain_weight,104,94,2208,164,225,72
female,60,153,33,low,build_muscle,68,104,1929,108,242,58
male,53,176,24,high,lose_weight,38,131,1997,115,250,59
female,57,173,19,low,gain_weight,64,61,2020,110,257,60
male,88,170,50,low,gain_weight,95,119,2465,183,297,59
male,99,183,48,high,lose_weight,62,69,2506,171,292,72
male,53,151,22,moderate,build_muscle,61,32,2353,105,342,62
male,68,162,22,moderate,lose_weight,50,76,1687,123,196,45
female,71,166,36,moderate,lose_weight,62,81,1429,152,109,42
male,83,188,32,low,lose_weight,52,142,1510,177,108,40
male,94,176,34,moderate,lose_weight,87,32,2216,168,271,50
male,96,165,22,moderate,gain_weight,112,39,3314,180,400,109
female,88,166,42,low,build_muscle,99,173,2255,189,220,68
female,50,189,24,moderate,build_muscle,62,89,2430,106,327,77
male,72,160,47,moderate,lose_weight,62,92,1527,153,141,38
female,74,153,22,low,lose_weight,52,59,972,141,34,29
female,62,185,36,low,lose_weight,47,73,976,102,85,24
male,57,189,32,low,build_muscle,67,178,2205,103,299,65
female,83,167,42,low,lose_weight,75,133,1254,176,46,40
female,92,151,28,moderate,lose_weight,67,168,1698,164,144,51
male,95,181,49,moderate,gain_weight,99,102,3200,162,434,90
male,83,163,32,moderate,gain_weight,86,39,2839,147,384,78
female,76,175,50,low,gain_weight,93,178,2164,137,270,59
female,72,166,48,low,build_muscle,80,52,1917,128,238,50
female,90,168,35,high,gain_weight,98,154,3058,168,429,73
female,54,152,38,low,lose_weight,43,94,651,117,-1,20
female,96,156,31,low,gain_weight,105,112,2267,196,235,59
male,59,175,23,moderate,build_muscle,71,51,2739,96,445,63
female,87,189,22,low,lose_weight,58,74,1498,141,133,43
male,84,165,46,low,gain_weight,102,140,2171,170,217,68
male,93,168,27,high,build_muscle,120,112,3610,203,435,117
female,54,172,49,low,lose_weight,37,49,790,92,54,22
female,73,162,31,high,lose_weight,51,141,1757,136,182,53
female,83,157,40,low,lose_weight,53,179,1035,161,37,26
male,89,150,35,low,build_muscle,114,39,2301,147,278,66
male,52,190,26,high,gain_weight,63,100,3035,98,485,77
female,88,188,26,moderate,build_muscle,105,50,2989,154,401,84
male,86,160,30,low,lose_weight,77,140,1520,161,133,37
female,69,168,22,high,lose_weight,48,130,1894,120,227,55
female,56,167,47,high,lose_weight,36,140,1455,100,184,35
female,72,176,49,moderate,lose_weight,53,37,1527,122,171,39
female,86,177,23,low,lose_weight,53,106,1322,171,86,32
male,89,164,41,moderate,lose_weight,81,50,1960,156,191,63
female,98,184,27,high,lose_weight,77,110,2465,169,298,66
male,86,150,27,low,build_muscle,95,174,2251,149,298,50
male,90,166,40,low,lose_weight,55,156,1435,193,60,46
male,69,154,34,moderate,build_muscle,73,78,2641,136,362,71
male,89,159,32,low,gain_weight,104,47,2428,190,280,60
female,53,155,44,high,lose_weight,35,115,1189,92,123,36
male,97,185,44,moderate,build_muscle,106,116,3267,178,465,76
female,65,166,20,low,gain_weight,76,77,2137,104,275,68
male,79,178,30,moderate,gain_weight,93,178,3071,127,458,80
male,51,184,40,low,lose_weight,42,174,1392,112,165,31
female,65,158,20,high,gain_weight,73,31,2654,123,355,81
male,90,171,33,moderate,gain_weight,108,147,3212,182,414,91
female,53,190,49,high,gain_weight,64,108,2669,95,428,64
male,71,179,30,moderate,gain_weight,81,66,2948,120,407,92
male,95,183,31,high,gain_weight,98,31,3718,184,466,123
male,65,167,34,low,build_muscle,80,168,2111,120,283,55
male,53,189,49,low,lose_weight,32,101,1061,96,99,30
male,71,164,22,low,build_muscle,84,84,2190,142,252,67
female,96,165,47,high,build_muscle,102,160,3091,199,361,94
male,50,185,31,moderate,build_muscle,52,157,2674,92,430,64
female,75,150,29,low,build_muscle,81,165,2057,149,252,50
female,53,174,41,high,build_muscle,62,44,2310,104,346,56
male,77,186,26,high,gain_weight,86,147,3467,166,496,90
male,86,163,28,low,gain_weight,106,159,2338,166,291,56
female,52,168,35,low,build_muscle,66,50,1813,113,229,49
male,95,156,50,moderate,gain_weight,105,177,2887,198,363,70
male,79,160,29,moderate,gain_weight,99,51,2869,157,362,87
female,79,182,42,high,gain_weight,87,122,3054,141,394,100
male,97,168,44,moderate,build_muscle,117,100,3119,188,381,93
male,90,172,39,moderate,lose_weight,55,160,2128,193,196,63
female,75,187,36,high,lose_weight,61,90,2033,131,235,62
male,99,179,38,high,lose_weight,93,111,2822,209,305,84
male,83,168,43,high,lose_weight,65,112,2261,157,254,68
female,76,153,24,high,gain_weight,79,172,2703,151,343,80
male,85,167,42,low,build_muscle,108,164,2374,165,304,54
female,90,160,20,moderate,gain_weight,117,121,2893,181,377,72
male,64,185,19,low,lose_weight,54,47,1376,119,142,36
male,55,175,46,high,build_muscle,71,164,2700,103,415,69
male,96,157,27,low,build_muscle,98,56,2462,195,285,59
male,97,177,47,high,gain_weight,99,161,3571,166,479,109
male,58,178,43,moderate,gain_weight,62,169,2612,124,351,78
male,90,157,41,moderate,gain_weight,93,166,2916,194,356,79
male,90,160,45,high,lose_weight,61,121,2216,169,246,61
female,92,171,46,high,gain_weight,102,80,3049,160,413,83
male,69,170,39,moderate,lose_weight,55,128,1807,116,242,41
female,67,172,20,low,lose_weight,51,125,1083,135,62,32
male,65,177,45,moderate,gain_weight,77,88,2624,120,383,67
female,80,161,44,high,gain_weight,84,158,2858,131,376,92
female,96,186,41,moderate,gain_weight,106,106,3020,187,383,81
female,82,175,41,high,lose_weight,50,51,1966,157,214,53
male,80,179,34,high,build_muscle,103,153,3290,166,447,92
female,92,187,30,high,lose_weight,68,113,2341,164,249,76
female,85,175,46,moderate,lose_weight,63,157,1799,170,184,42
male,54,165,33,low,build_muscle,58,130,1953,88,255,63
male,94,161,28,low,lose_weight,88,65,1518,175,111,40
male,71,174,24,high,build_muscle,80,56,3125,131,432,96
female,70,171,21,high,lose_weight,55,69,1895,130,211,58
male,60,158,24,low,lose_weight,54,38,977,100,89,24
female,60,175,32,moderate,lose_weight,41,100,1390,96,148,45
female,78,165,38,low,lose_weight,69,161,1405,144,121,38
female,92,157,21,low,lose_weight,69,106,1349,159,80,43
male,68,181,25,low,lose_weight,48,74,1394,132,135,35
female,52,172,32,low,lose_weight,35,133,784,114,30,22
female,96,155,18,low,build_muscle,124,124,2372,160,295,61
female,59,184,35,moderate,gain_weight,66,74,2508,114,356,69
male,96,154,25,low,build_muscle,121,127,2600,177,316,69
male,79,177,49,high,gain_weight,84,73,3340,146,485,90
female,97,178,20,low,build_muscle,101,156,2393,159,272,74
male,66,161,22,moderate,gain_weight,77,161,2812,112,397,85
male,89,168,36,low,lose_weight,76,159,1577,171,142,35
male,52,172,44,low,build_muscle,55,97,2032,110,266,58
male,63,163,28,low,build_muscle,74,98,2071,134,242,62
female,61,182,28,low,build_muscle,77,97,2055,130,263,53
male,62,187,18,high,gain_weight,67,70,3214,114,497,85
female,54,177,47,moderate,lose_weight,45,67,1147,118,86,36
male,81,181,29,low,build_muscle,88,161,2482,140,345,59
female,58,162,35,high,gain_weight,71,54,2534,119,361,67
female,78,183,33,low,build_muscle,87,161,2190,135,286,55
female,65,175,24,low,lose_weight,53,168,1242,131,90,39
male,79,182,25,low,build_muscle,83,54,2382,134,311,66
female,93,165,25,high,gain_weight,112,178,3248,154,461,87
female,66,160,18,high,build_muscle,79,164,2767,111,437,63
female,71,170,43,low,build_muscle,74,64,2052,153,249,49
female,51,167,31,high,gain_weight,61,66,2474,108,384,55
male,74,167,50,low,lose_weight,53,151,1108,154,66,24
female,94,180,40,high,gain_weight,101,67,3370,182,441,97
female,77,190,34,low,lose_weight,68,157,1586,156,158,36
female,61,174,33,low,lose_weight,47,37,912,128,44,24
male,58,180,22,moderate,lose_weight,37,121,1720,97,209,54
female,54,171,40,high,gain_weight,62,64,2421,99,384,53
female,56,189,40,low,lose_weight,39,133,1009,106,87,25
male,63,179,38,moderate,lose_weight,50,131,1733,103,213,51
male,51,168,29,moderate,gain_weight,57,39,2477,86,393,62
male,73,190,48,high,lose_weight,58,92,2294,151,253,74
female,52,190,38,low,build_muscle,60,79,1954,102,244,62
male,66,172,28,moderate,lose_weight,42,146,1860,126,229,48
male,69,167,29,high,build_muscle,79,39,3043,144,451,73
female,83,180,46,low,gain_weight,95,64,2211,134,279,61
male,65,167,24,moderate,lose_weight,45,41,1754,137,170,57
female,61,176,47,high,build_muscle,63,127,2659,103,420,62
female,60,163,25,low,lose_weight,47,77,984,110,71,28
female,62,176,42,low,lose_weight,41,63,955,113,64,27
male,70,175,22,high,lose_weight,46,152,2119,127,253,65
male,57,151,32,high,gain_weight,62,165,2661,93,413,70
male,87,162,23,moderate,gain_weight,95,179,3074,186,358,99
female,56,152,18,moderate,build_muscle,71,61,2281,123,307,62
male,77,189,31,low,gain_weight,94,65,2528,158,294,79
male,77,161,46,low,gain_weight,99,150,2172,136,249,69
male,73,151,28,moderate,lose_weight,51,83,1765,147,198,42
female,88,162,50,high,build_muscle,101,159,2889,192,342,83
female,68,164,41,high,gain_weight,87,137,2555,132,326,80
male,86,167,23,moderate,gain_weight,88,114,3096,158,430,82
female,81,152,38,low,gain_weight,90,133,1896,154,209,49
male,70,186,31,low,build_muscle,89,161,2254,126,282,68
male,82,181,20,low,lose_weight,77,102,1760,174,158,47
female,52,179,46,high,gain_weight,63,118,2602,96,417,60
male,98,174,33,moderate,build_muscle,120,117,3262,199,385,102
male,59,155,40,moderate,build_muscle,76,81,2490,127,344,66
male,98,178,49,high,build_muscle,127,74,3460,198,413,112
male,82,164,39,high,gain_weight,96,54,3191,170,391,104
male,58,158,49,moderate,gain_weight,61,88,2447,121,309,80
female,90,177,20,low,lose_weight,73,110,1388,184,70,40
female,52,155,47,high,lose_weight,41,158,1260,102,144,30
male,77,170,36,moderate,gain_weight,97,153,2971,139,389,94
female,99,180,45,high,build_muscle,108,103,3399,205,398,109
female,51,174,48,moderate,build_muscle,58,116,2173,106,314,54
female,96,169,26,high,gain_weight,111,113,3265,211,386,97
male,57,161,20,moderate,gain_weight,72,109,2725,109,376,86
male,60,187,38,low,gain_weight,74,123,2185,111,287,65
male,97,165,42,moderate,build_muscle,99,89,3096,201,393,79
female,57,187,29,high,build_muscle,62,169,2938,97,480,69
female,65,171,32,high,gain_weight,73,30,2749,122,407,70
female,56,181,32,moderate,gain_weight,60,84,2436,98,353,69
male,79,180,21,high,gain_weight,98,98,3372,142,458,107
male,70,181,23,low,lose_weight,51,138,1381,119,146,35
female,78,156,43,low,lose_weight,47,77,905,152,21,23
female,68,165,22,high,gain_weight,86,163,2737,149,369,73
male,67,189,24,high,gain_weight,70,55,3247,137,481,85
male,95,161,45,high,lose_weight,65,87,2210,174,246,58
female,80,155,47,low,build_muscle,84,68,1985,144,211,62
male,99,167,22,high,gain_weight,114,78,3648,208,466,105
female,86,183,21,high,lose_weight,78,86,2238,141,261,69
male,97,153,47,moderate,lose_weight,72,130,1976,195,187,49
female,64,150,23,low,lose_weight,48,144,847,138,14,26
male,58,184,30,low,lose_weight,38,58,1261,108,136,31
female,82,183,33,high,lose_weight,58,63,2192,175,233,61
female,50,156,45,low,gain_weight,59,149,1683,99,233,38
male,91,157,30,high,gain_weight,118,143,3381,146,463,104
female,67,190,26,high,lose_weight,60,120,2297,140,314,52
male,100,186,21,low,build_muscle,109,165,2885,195,345,79
male,74,161,37,low,lose_weight,64,101,1262,160,75,35
male,52,189,24,low,build_muscle,54,48,2123,98,319,50
female,62,161,20,low,lose_weight,51,79,987,129,46,31
male,54,184,28,moderate,gain_weight,57,130,2761,96,452,62
female,77,162,21,moderate,gain_weight,80,91,2688,140,361,75
female,62,170,40,low,lose_weight,47,160,968,117,72,22
male,89,174,30,low,lose_weight,83,91,1751,165,164,47
female,75,184,33,high,build_muscle,78,62,2934,122,399,93
female,63,152,27,low,build_muscle,69,84,1911,118,234,55
male,52,156,18,low,lose_weight,36,148,971,109,72,27
female,54,171,24,high,lose_weight,35,137,1645,112,188,49
male,65,152,33,moderate,build_muscle,71,125,2600,108,388,68
female,90,169,24,moderate,gain_weight,93,105,2799,151,378,75
female,100,187,48,low,build_muscle,114,102,2462,183,294,61
female,54,171,24,high,build_muscle,60,86,2526,117,326,83
female,64,179,46,low,lose_weight,54,31,915,106,64,25
male,54,168,19,moderate,lose_weight,38,107,1650,99,200,49
male,94,190,47,moderate,build_muscle,115,150,3343,157,464,95
female,98,167,40,moderate,build_muscle,121,157,2745,201,322,71
female,82,156,23,moderate,gain_weight,95,143,2699,153,350,75
male,89,156,42,high,gain_weight,103,41,3043,176,365,97
male,53,182,27,moderate,build_muscle,62,105,2843,113,445,67
male,58,184,47,high,lose_weight,38,130,1972,119,255,52
female,65,170,30,high,build_muscle,72,56,2746,128,403,68
male,85,181,43,low,build_muscle,98,73,2428,145,320,62
male,59,158,42,moderate,lose_weight,36,47,1520,107,164,48
female,69,187,35,moderate,build_muscle,80,97,2764,125,401,72
female,91,167,34,low,gain_weight,116,85,2333,161,297,55
male,97,156,28,moderate,build_muscle,105,109,3113,205,351,98
female,55,170,30,low,gain_weight,61,138,1933,91,281,48
male,84,179,36,high,lose_weight,53,124,2457,170,294,66
male,71,155,26,moderate,build_muscle,85,135,2774,148,346,87
male,53,173,50,high,gain_weight,67,156,2641,104,358,88
female,63,173,39,moderate,lose_weight,47,148,1428,117,148,40
male,77,160,18,low,lose_weight,47,105,1281,138,105,33
male,78,172,36,moderate,build_muscle,86,107,2897,151,398,77
male,67,180,36,moderate,gain_weight,70,109,2842,130,416,72
female,93,159,21,high,gain_weight,102,179,3229,203,419,81
female,99,159,25,low,build_muscle,125,144,2317,216,228,60
female,58,152,50,moderate,gain_weight,73,32,2028,94,300,49
female,100,180,19,low,gain_weight,109,154,2641,192,327,62
male,69,178,30,low,gain_weight,81,178,2382,145,320,57
female,84,187,29,high,lose_weight,52,47,2199,152,253,63
male,77,175,35,moderate,lose_weight,52,108,1859,148,188,56
female,64,170,49,high,lose_weight,43,43,1614,105,190,47
female,59,157,46,moderate,lose_weight,35,159,1118,111,96,31
female,75,160,37,high,build_muscle,87,102,2829,130,422,68
female,56,165,40,low,gain_weight,71,128,1875,106,233,57
male,83,183,36,low,build_muscle,104,101,2410,151,324,56
male,94,171,47,high,lose_weight,76,30,2380,191,246,69
male,98,184,18,high,gain_weight,116,135,3853,191,548,99
female,87,168,30,high,gain_weight,100,132,3085,141,399,102
male,58,183,43,low,gain_weight,70,166,2095,113,286,55
male,78,182,49,low,build_muscle,94,137,2438,132,316,71
male,57,157,33,low,build_muscle,69,118,2081,97,303,52
male,72,160,22,low,build_muscle,77,49,2400,157,292,66
male,54,171,20,moderate,lose_weight,38,52,1737,99,243,40
female,78,171,48,moderate,lose_weight,56,72,1601,169,119,49
male,79,185,26,high,lose_weight,57,141,2350,152,280,69
male,87,172,27,moderate,build_muscle,99,88,3220,168,395,107
female,61,170,21,low,lose_weight,52,140,1172,132,87,32
female,62,184,48,low,lose_weight,44,168,965,133,40,29
female,84,163,23,high,gain_weight,105,151,3030,170,423,72
male,50,151,23,high,build_muscle,56,157,2638,102,385,76
female,62,183,46,high,gain_weight,69,34,2714,122,411,64
male,73,161,28,low,gain_weight,94,130,2251,142,253,74
female,54,178,46,low,lose_weight,43,115,782,102,35,25
female,72,176,39,high,lose_weight,64,41,1881,148,182,61
male,55,183,50,high,gain_weight,65,163,2843,104,438,74
male,95,158,20,moderate,build_muscle,109,128,3307,193,437,87
male,70,150,38,high,gain_weight,75,45,2810,138,378,82
male,92,181,44,moderate,build_muscle,107,127,3220,153,442,92
female,55,152,20,moderate,lose_weight,41,146,1230,116,119,31
female,98,167,44,moderate,build_muscle,104,130,2919,191,379,70
female,99,159,26,moderate,gain_weight,118,115,2894,191,345,82
female,85,181,25,low,gain_weight,101,39,2310,139,293,64
male,61,184,41,high,build_muscle,64,46,3008,99,454,88
male,92,182,46,moderate,build_muscle,104,130,3313,189,450,83
male,69,184,38,moderate,build_muscle,80,143,2944,124,440,75
male,86,168,42,low,lose_weight,63,88,1261,151,88,33
female,83,178,30,moderate,build_muscle,97,32,2841,136,375,88
male,59,181,23,moderate,gain_weight,75,39,2668,115,352,88
male,90,171,46,moderate,gain_weight,101,51,3084,188,353,101
male,98,166,35,moderate,lose_weight,66,93,2115,174,218,60
male,69,190,43,high,gain_weight,89,72,3134,111,447,99
male,78,177,38,high,gain_weight,101,63,3190,169,444,81
male,99,175,32,high,lose_weight,62,176,2533,196,253,81
male,67,190,32,high,gain_weight,87,164,3265,109,467,106
female,71,151,36,low,lose_weight,59,112,817,154,4,20
female,96,150,31,moderate,build_muscle,123,106,2799,201,352,64
male,82,168,25,high,build_muscle,96,99,3392,144,498,91
female,59,170,33,moderate,gain_weight,62,58,2365,116,312,72
male,60,182,37,low,lose_weight,41,160,1221,122,114,30
male,51,162,33,low,lose_weight,38,68,1031,98,100,26
female,71,189,38,high,gain_weight,73,147,3092,114,495,72
male,78,164,35,moderate,gain_weight,100,71,2875,167,390,71
female,68,169,42,moderate,lose_weight,58,39,1444,115,155,39
male,78,167,37,moderate,build_muscle,90,84,2934,133,389,93
male,64,173,38,moderate,lose_weight,46,45,1733,130,183,53
female,97,171,30,high,gain_weight,110,54,3166,178,434,79
male,98,166,37,moderate,gain_weight,100,55,3080,211,357,89
female,62,158,45,moderate,gain_weight,78,142,2176,117,308,52
male,59,169,43,moderate,build_muscle,75,37,2635,106,378,77
female,87,153,26,high,build_muscle,102,130,2894,169,361,85
male,65,150,45,high,lose_weight,48,161,1742,122,202,49
male,50,186,24,high,build_muscle,52,162,3038,104,451,90
female,81,162,48,moderate,build_muscle,91,176,2485,152,338,57
female,52,187,36,high,build_muscle,54,162,2790,101,405,85
male,76,157,42,moderate,lose_weight,60,64,1739,152,165,51
female,85,169,48,low,gain_weight,104,70,1999,148,220,58
male,90,162,41,high,lose_weight,66,109,2164,189,198,68
female,91,189,42,low,gain_weight,113,86,2466,167,298,67
male,83,180,39,high,gain_weight,85,54,3404,173,441,105
female,55,182,45,low,build_muscle,65,63,1916,110,241,56
female,94,150,34,low,build_muscle,99,38,2189,185,232,57
male,58,159,32,high,lose_weight,43,75,1723,122,188,53
female,56,154,49,low,lose_weight,34,114,673,118,13,16
female,73,183,28,high,lose_weight,51,123,2108,130,286,48
male,70,171,29,high,build_muscle,79,40,3135,135,458,84
female,83,161,30,low,gain_weight,88,81,2180,146,271,56
female,53,189,35,moderate,lose_weight,48,65,1517,97,200,36
male,81,175,49,low,lose_weight,70,35,1319,175,77,34
female,95,175,21,low,build_muscle,115,153,2461,156,334,55
male,89,183,30,high,lose_weight,68,55,2475,186,282,66
female,52,189,44,moderate,lose_weight,40,69,1278,93,133,40
male,82,159,43,low,gain_weight,106,74,2183,146,266,58
female,81,155,29,high,lose_weight,57,156,1793,149,180,52
male,77,190,40,moderate,gain_weight,80,84,3026,156,387,94
male,63,181,40,low,build_muscle,70,32,2337,112,302,75
female,65,155,44,low,build_muscle,82,58,1907,127,211,61
female,95,170,32,high,lose_weight,88,107,2342,165,258,71
female,100,180,35,moderate,lose_weight,88,88,2037,216,179,50
male,93,189,34,moderate,gain_weight,113,153,3341,175,465,86
male,57,167,27,low,lose_weight,45,179,1352,120,140,34
male,51,158,24,moderate,build_muscle,56,86,2393,106,365,56
male,54,184,21,low,lose_weight,42,62,1304,93,161,31
female,69,174,26,high,gain_weight,71,165,2886,145,367,92
female,89,152,28,moderate,build_muscle,93,109,2755,149,352,83
female,70,152,45,low,build_muscle,76,95,1809,118,221,49
female,88,171,38,high,gain_weight,95,136,3180,162,443,84
female,67,166,37,low,build_muscle,77,168,1955,124,229,60
male,66,182,36,high,gain_weight,78,36,3054,140,458,73
male,84,150,21,moderate,build_muscle,91,174,3007,137,421,85
female,81,151,40,high,gain_weight,87,162,2687,130,340,89
male,84,188,42,high,build_muscle,89,141,3307,172,449,91
female,69,165,21,high,build_muscle,83,158,2734,134,399,66
female,66,183,28,low,gain_weight,83,155,2159,141,279,52
female,92,180,42,low,build_muscle,95,58,2424,197,250,70
female,99,175,23,moderate,build_muscle,123,161,3152,212,379,87
male,73,189,34,moderate,lose_weight,51,52,1917,117,257,46
female,54,181,44,moderate,lose_weight,45,138,1411,86,171,41
female,83,175,23,high,gain_weight,105,57,3012,174,383,86
female,80,168,26,low,gain_weight,94,48,2276,143,294,58
male,67,167,28,moderate,lose_weight,49,63,1734,121,224,39
female,91,165,47,low,lose_weight,85,68,1166,158,60,32
male,78,186,32,low,build_muscle,97,165,2374,125,290,78
male,66,176,29,moderate,lose_weight,42,160,1868,128,200,61
male,79,171,30,moderate,lose_weight,71,100,1963,153,207,57
female,88,153,48,high,build_muscle,113,177,2826,164,382,71
male,81,180,37,moderate,gain_weight,103,32,2944,131,398,91
female,85,175,34,low,gain_weight,90,138,2200,183,210,69
male,71,155,44,low,gain_weight,77,117,2118,127,294,47
male,61,156,21,moderate,gain_weight,67,47,2759,119,414,69
male,91,172,29,low,gain_weight,105,73,2485,156,279,82
female,58,161,38,low,build_muscle,61,94,1785,98,237,49
male,54,181,23,moderate,lose_weight,36,157,1711,90,213,55
male,73,184,42,high,gain_weight,75,114,3272,129,473,95
female,81,181,22,moderate,build_muscle,83,95,3045,175,376,93
female,50,175,43,moderate,lose_weight,41,169,1477,99,187,36
male,67,174,23,high,build_muscle,82,74,3154,111,511,73
male,56,186,34,low,gain_weight,70,108,2194,101,296,66
female,87,163,40,moderate,build_muscle,107,50,2748,139,397,66
female,87,168,24,moderate,build_muscle,105,172,2804,179,356,73
female,85,175,47,low,lose_weight,59,131,1204,153,67,35
female,98,173,45,low,lose_weight,72,163,1312,166,86,33
female,54,160,50,high,lose_weight,33,73,1180,112,114,30
male,61,157,27,low,gain_weight,79,152,2171,103,295,63
female,98,187,27,low,lose_weight,83,117,1467,203,55,47
female,69,170,28,moderate,build_muscle,88,170,2503,137,356,58
male,63,178,49,low,build_muscle,72,96,2063,101,285,57
female,82,158,23,high,gain_weight,106,149,2908,135,377,95
female,58,181,25,low,gain_weight,72,171,2001,125,265,48
male,99,168,46,moderate,lose_weight,76,159,2082,206,158,69
male,52,160,27,low,lose_weight,41,141,1075,91,114,27
male,78,160,36,moderate,lose_weight,61,163,1764,144,201,42
female,79,189,28,low,build_muscle,82,145,2398,157,283,70
male,70,185,40,moderate,build_muscle,83,161,2755,124,403,71
female,59,152,43,moderate,build_muscle,63,54,2226,112,316,56
male,70,160,26,low,gain_weight,83,137,2203,122,304,54
female,59,151,37,low,build_muscle,62,50,1707,126,205,42
female,90,168,34,moderate,lose_weight,71,82,1766,150,187,45
female,90,159,34,high,lose_weight,65,129,2001,189,205,47
female,63,155,24,high,lose_weight,51,159,1659,102,199,50
male,87,173,29,moderate,build_muscle,105,87,3041,144,423,85
female,61,156,40,low,lose_weight,42,39,761,98,36,24
female,86,151,45,low,build_muscle,92,135,2081,185,197,60
male,58,175,42,high,build_muscle,74,69,2906,101,442,81
female,78,168,35,high,build_muscle,97,158,2917,154,376,88
male,64,156,18,low,lose_weight,51,36,1104,131,78,29
male,100,180,28,high,build_muscle,105,162,3822,192,487,122
female,62,152,42,high,build_muscle,76,168,2476,134,338,64
male,67,179,21,high,lose_weight,45,93,2134,140,236,69
male,95,189,23,high,gain_weight,103,79,3734,178,499,113
female,79,167,39,moderate,gain_weight,82,118,2567,168,342,57
male,97,164,21,high,gain_weight,108,136,3599,169,536,85
female,68,190,23,high,build_muscle,71,55,3081,125,414,102
female,89,176,40,moderate,gain_weight,106,141,2878,172,339,92
male,67,165,45,moderate,build_muscle,86,40,2603,131,361,70
female,82,167,35,moderate,build_muscle,106,38,2581,172,339,59
female,86,176,31,moderate,lose_weight,70,75,1823,149,183,54
female,82,154,25,high,lose_weight,72,68,1859,163,164,60
female,64,168,20,moderate,gain_weight,67,118,2540,118,373,63
male,96,153,50,high,build_muscle,118,72,3120,156,404,97
male,68,176,42,low,build_muscle,83,31,2086,141,271,48
female,61,151,22,high,build_muscle,79,133,2406,126,329,65
male,62,165,28,low,gain_weight,70,91,2037,105,281,54
male,61,166,20,low,build_muscle,66,120,2147,128,278,57
female,74,188,26,moderate,gain_weight,85,30,2738,128,416,61
male,86,177,27,moderate,lose_weight,76,151,2397,139,338,53
male,89,150,25,high,gain_weight,107,160,3316,152,458,97
female,91,155,49,high,build_muscle,96,67,2888,178,385,70
male,89,188,21,moderate,lose_weight,79,138,2477,160,274,81
female,93,158,31,moderate,lose_weight,83,167,1934,150,203,57
male,96,189,27,high,gain_weight,113,75,3760,175,570,86
female,100,175,27,high,build_muscle,118,174,3520,187,428,117
female,63,155,34,high,gain_weight,71,146,2470,126,313,79
male,74,161,43,low,lose_weight,65,42,1140,144,55,37
female,90,171,28,moderate,build_muscle,93,32,2953,189,391,69
male,74,178,43,high,build_muscle,85,80,3191,134,436,100
female,71,171,24,low,build_muscle,75,54,2016,131,259,49
male,81,158,26,low,lose_weight,74,88,1305,175,63,38
male,63,184,47,high,build_muscle,66,105,2936,114,428,85
male,82,169,26,moderate,lose_weight,54,179,2108,144,255,56
female,81,151,30,low,lose_weight,48,73,1061,140,46,34
male,71,174,18,moderate,gain_weight,91,137,2996,127,422,88
male,75,174,48,low,build_muscle,95,51,2094,141,233,65
male,77,163,29,low,gain_weight,86,38,2351,143,314,58
female,79,175,44,moderate,gain_weight,86,76,2642,160,336,73
male,96,185,35,high,build_muscle,116,123,3677,163,487,119
male,81,181,19,high,gain_weight,98,73,3430,146,494,96
female,63,190,36,high,build_muscle,80,163,2973,104,433,91
male,57,158,29,high,build_muscle,69,175,2690,110,408,68
female,90,178,25,moderate,lose_weight,60,69,1934,154,197,58
female,67,152,28,moderate,gain_weight,78,168,2370,113,344,59
female,100,187,28,low,build_muscle,122,41,2668,181,344,62
female,85,186,28,low,lose_weight,65,66,1257,175,74,28
female,57,154,33,low,gain_weight,64,124,1617,99,216,39
male,77,186,22,low,lose_weight,55,120,1535,125,144,50
male,98,170,38,moderate,build_muscle,118,92,3130,157,447,78
male,67,160,34,high,build_muscle,80,65,2938,139,436,70
female,100,161,30,moderate,build_muscle,117,176,2891,218,338,73
female,73,153,39,high,lose_weight,57,174,1649,145,150,51
female,85,162,44,high,build_muscle,96,166,2911,160,406,71
female,89,155,23,high,lose_weight,62,166,2061,163,242,48
male,66,189,46,high,lose_weight,43,88,2167,143,288,48
female,57,180,47,moderate,lose_weight,48,123,1396,111,143,41
male,80,152,19,low,lose_weight,70,123,1458,164,104,42
male,68,178,20,low,lose_weight,63,117,1773,134,180,57
female,54,155,47,moderate,gain_weight,63,78,2010,95,303,46
male,61,156,20,high,build_muscle,77,64,2767,120,424,65
female,70,169,26,moderate,build_muscle,79,53,2606,121,385,64
female,82,160,24,moderate,gain_weight,91,93,2672,170,317,80
male,79,180,25,low,build_muscle,95,153,2422,133,341,58
male,75,163,32,low,lose_weight,68,80,1211,143,80,35
male,63,172,37,low,gain_weight,72,120,2137,115,308,49
male,50,188,49,moderate,lose_weight,35,160,1616,83,233,39
female,84,169,33,moderate,gain_weight,108,176,2766,136,379,77
female,92,178,24,moderate,lose_weight,64,61,2037,187,195,55
female,87,160,25,moderate,lose_weight,72,141,1681,181,132,46
female,71,175,18,high,gain_weight,78,105,3036,133,404,98
female,57,169,22,moderate,build_muscle,70,126,2390,102,348,65
female,93,155,27,high,build_muscle,107,77,3195,158,462,79
male,73,150,19,high,build_muscle,90,114,3031,160,383,95
female,70,165,24,high,gain_weight,90,152,2830,126,427,68
male,62,171,45,moderate,gain_weight,75,160,2652,113,355,86
female,84,186,21,high,gain_weight,105,83,3211,183,431,83
male,53,170,24,high,build_muscle,56,96,2755,94,401,85
male,89,182,33,high,build_muscle,105,180,3576,164,501,101
female,90,168,34,high,build_muscle,103,71,3195,167,438,85
male,52,151,19,low,lose_weight,33,52,890,83,72,29
male,62,156,43,moderate,lose_weight,49,93,1369,114,152,33
female,58,171,18,high,build_muscle,62,153,2829,95,455,69
male,84,187,30,moderate,build_muscle,97,67,3112,184,396,87
female,57,166,43,moderate,lose_weight,39,108,1248,104,130,34
male,77,174,37,high,build_muscle,81,119,3234,140,464,90
male,88,162,43,high,gain_weight,106,170,3191,149,470,79
female,65,171,27,high,lose_weight,47,79,1713,121,190,51
female,72,175,49,low,build_muscle,92,103,1860,128,229,47
male,87,185,49,low,build_muscle,105,112,2587,140,322,81
male,59,182,48,low,lose_weight,36,74,1004,106,76,30
male,82,184,25,high,build_muscle,104,75,3566,146,525,97
female,91,185,29,high,gain_weight,96,153,3294,200,450,76
male,83,160,38,high,build_muscle,91,85,3184,138,451,91
female,90,154,29,high,lose_weight,77,106,1892,168,187,52
female,98,159,34,low,lose_weight,64,178,1199,213,5,36
female,77,173,20,high,gain_weight,91,168,2958,164,407,74
male,68,154,49,high,build_muscle,81,36,2643,134,370,69
male,71,172,22,low,lose_weight,64,106,1457,146,144,32
female,66,160,24,low,lose_weight,55,63,910,122,44,27
male,83,182,47,high,build_muscle,87,66,3329,167,483,80
male,62,169,25,low,build_muscle,69,71,2217,135,306,49
female,65,182,43,high,build_muscle,81,104,2700,129,343,89
male,86,172,22,moderate,build_muscle,110,116,3073,176,435,69
male,73,184,47,high,gain_weight,81,129,3206,131,460,93
male,51,183,41,low,gain_weight,64,38,2213,91,320,62
female,59,176,50,low,lose_weight,37,134,915,116,60,23
female,82,155,47,high,lose_weight,50,85,1604,140,159,44
female,100,166,35,low,lose_weight,72,178,1409,183,65,46
female,97,189,20,moderate,build_muscle,117,124,3100,169,388,96
female,52,178,42,moderate,build_muscle,56,166,2214,86,305,72
male,61,150,49,low,build_muscle,66,63,1908,115,241,53
female,66,155,30,low,build_muscle,82,107,1869,123,205,61
male,83,150,47,moderate,build_muscle,106,102,2671,148,367,67
female,58,159,32,high,lose_weight,34,89,1501,124,153,43
female,83,175,48,high,gain_weight,92,113,2957,134,414,84
female,53,151,47,low,lose_weight,40,37,676,89,37,18
female,57,159,25,high,gain_weight,63,60,2610,117,380,68
male,58,187,31,low,gain_weight,62,169,2246,98,338,55
male,93,179,38,low,build_muscle,104,87,2456,165,283,73
male,71,189,19,moderate,gain_weight,84,109,3102,148,413,95
female,82,157,36,moderate,build_muscle,98,109,2652,155,339,74
male,50,183,23,low,lose_weight,37,86,1160,109,109,31
male,57,175,50,high,build_muscle,72,59,2707,100,419,69
female,50,151,20,high,build_muscle,61,49,2422,108,362,59
female,98,190,31,low,gain_weight,103,111,2466,158,304,68
male,60,187,39,low,build_muscle,71,82,2172,106,309,56
female,99,155,18,high,gain_weight,114,146,3357,204,402,103
female,84,170,38,moderate,build_muscle,89,124,2848,182,320,92
female,68,151,49,low,lose_weight,60,50,689,132,4,15
male,58,184,50,low,build_muscle,63,119,2043,101,288,53
male,80,187,45,moderate,lose_weight,64,177,1929,142,209,58
male,83,163,31,moderate,lose_weight,77,55,1925,145,207,57
female,56,171,38,low,build_muscle,70,142,1960,91,283,51
female,96,158,28,moderate,gain_weight,112,151,2857,157,407,66
female,87,183,49,low,build_muscle,91,78,2252,151,288,54
male,70,155,23,low,gain_weight,89,167,2302,115,292,74
male,76,165,47,low,lose_weight,56,133,1097,145,58,31
female,55,163,45,moderate,lose_weight,34,52,1214,94,145,28
female,64,163,41,high,lose_weight,54,88,1567,118,166,47
male,84,166,41,low,lose_weight,57,96,1372,170,101,31
male,76,152,21,high,lose_weight,60,81,1996,144,244,48
female,99,173,26,low,lose_weight,88,110,1382,187,74,37
male,95,187,46,low,lose_weight,61,102,1665,166,141,47
male,57,166,48,high,lose_weight,42,73,1675,103,202,49
male,72,156,33,moderate,gain_weight,85,88,2792,148,361,83
female,60,173,28,low,lose_weight,49,146,1158,125,91,32
male,50,164,26,high,build_muscle,56,75,2837,89,460,70
male,78,183,34,high,build_muscle,98,114,3354,131,488,96
female,100,182,47,high,gain_weight,102,84,3305,199,394,103
male,61,168,19,high,build_muscle,77,146,2975,116,407,97
male,50,155,29,moderate,build_muscle,63,82,2236,86,351,53
male,92,173,30,moderate,gain_weight,101,59,3116,200,380,88
female,58,182,18,low,lose_weight,36,60,1017,113,88,23
female,92,154,45,moderate,build_muscle,98,123,2668,150,339,78
male,65,177,49,moderate,lose_weight,52,96,1558,129,153,47
male,78,150,37,low,lose_weight,63,105,1210,161,74,29
female,93,180,31,high,lose_weight,60,67,2275,190,244,59
male,82,153,27,moderate,lose_weight,55,133,1789,144,206,43
male,62,178,32,low,lose_weight,45,42,1238,115,111,36
female,51,179,26,high,lose_weight,31,132,1514,100,182,42
male,67,180,40,moderate,gain_weight,71,135,2746,109,373,90
male,63,150,42,moderate,lose_weight,56,171,1865,136,226,45
female,68,152,25,moderate,lose_weight,51,139,1477,125,169,32
male,92,175,42,high,gain_weight,96,142,3520,186,495,88
female,66,165,44,moderate,build_muscle,69,127,2454,142,333,61
female,62,186,28,high,build_muscle,78,41,2952,127,417,85
female,84,177,40,moderate,gain_weight,101,98,2732,134,351,87
male,70,190,20,moderate,gain_weight,83,104,3172,150,441,89
female,76,159,38,high,gain_weight,92,142,2738,134,363,82
male,86,155,45,high,build_muscle,98,119,3112,183,406,83
male,64,165,45,moderate,lose_weight,39,109,1539,127,147,48
female,91,167,43,low,lose_weight,70,141,1107,172,29,33
male,89,166,44,high,lose_weight,77,31,2204,165,233,67
male,71,163,27,moderate,gain_weight,73,94,2664,114,361,84
female,86,183,33,low,gain_weight,95,77,2336,141,314,56
male,91,160,40,high,lose_weight,79,71,2310,156,293,56
male,94,183,23,high,gain_weight,119,39,3672,161,483,121
male,66,167,30,moderate,build_muscle,85,102,2779,134,362,87
male,50,153,38,high,build_muscle,65,40,2626,87,396,76
male,72,180,36,low,gain_weight,91,90,2359,136,323,57
male,99,185,28,high,build_muscle,106,113,3850,164,586,93
male,76,166,21,moderate,build_muscle,95,37,3048,133,465,72
male,56,156,48,high,gain_weight,71,73,2563,121,372,65
female,54,187,25,high,lose_weight,44,128,1821,113,248,41
male,72,171,24,low,build_muscle,80,176,2315,137,314,56
male,74,165,39,high,gain_weight,79,78,3079,136,423,92
female,79,178,24,high,gain_weight,87,130,3164,144,455,84
male,95,151,23,low,lose_weight,70,155,1432,176,103,34
female,52,150,29,moderate,build_muscle,56,50,2120,93,290,65
male,97,153,23,low,gain_weight,113,53,2468,199,290,56
male,85,177,32,low,build_muscle,102,83,2646,144,336,80
male,78,152,36,high,lose_weight,57,42,2079,135,241,63
female,85,187,49,low,lose_weight,72,134,1139,174,31,34
female,77,159,25,moderate,lose_weight,51,124,1677,126,195,42
male,85,184,37,high,lose_weight,54,122,2403,167,271,72
female,74,159,34,high,gain_weight,88,91,2716,133,358,83
female,91,173,32,moderate,gain_weight,110,63,2830,188,342,78
male,82,174,18,low,lose_weight,74,48,1561,155,126,48
male,68,150,38,low,gain_weight,83,163,2188,127,260,70
male,91,172,20,moderate,gain_weight,111,149,3231,188,443,77
female,59,184,29,low,lose_weight,44,98,972,113,71,25
male,82,178,25,high,lose_weight,62,163,2425,136,303,73
male,59,183,28,high,build_muscle,75,32,3020,122,417,95
male,100,174,26,low,gain_weight,103,64,2636,162,299,87
female,93,188,47,moderate,gain_weight,100,43,2865,182,370,72
female,50,162,50,high,build_muscle,52,73,2306,81,355,61
male,83,151,37,high,lose_weight,51,152,2033,146,219,63
male,82,152,39,high,gain_weight,98,85,3029,131,416,92
female,84,154,25,low,gain_weight,86,99,2138,182,230,54
female,91,186,19,high,build_muscle,107,93,3441,180,472,92
male,56,176,42,moderate,lose_weight,39,123,1517,92,202,37
male,67,159,22,low,lose_weight,59,102,1181,117,114,28
female,93,163,48,moderate,gain_weight,111,116,2752,183,339,73
female,69,163,29,high,lose_weight,52,74,1750,119,211,47
female,66,169,26,low,build_muscle,83,166,1999,121,277,44
female,50,160,25,low,gain_weight,58,58,1716,91,226,49
female,57,150,33,moderate,build_muscle,64,104,2233,106,314,61
male,73,162,21,moderate,lose_weight,64,141,2137,139,273,54
female,90,170,49,moderate,gain_weight,94,54,2781,184,314,87
male,72,177,19,moderate,gain_weight,87,89,3144,124,478,81
female,73,188,29,low,gain_weight,88,36,2195,157,263,57
female,74,175,28,low,gain_weight,92,114,2159,138,269,58
female,73,179,44,moderate,gain_weight,94,145,2677,148,385,60
female,95,161,32,low,lose_weight,60,169,1232,163,75,30
male,65,165,35,low,build_muscle,76,99,2134,108,317,48
male,97,177,32,moderate,gain_weight,100,47,3390,180,482,82
female,90,162,18,high,lose_weight,83,132,2411,184,252,74
female,99,161,45,moderate,lose_weight,94,177,2263,160,245,70
female,73,156,21,moderate,lose_weight,68,114,1881,159,173,60
male,81,154,50,low,gain_weight,87,73,2046,165,223,54
female,59,186,19,high,build_muscle,71,118,2822,95,419,84
female,88,187,45,high,lose_weight,71,127,2107,181,220,55
female,82,165,40,low,gain_weight,92,96,2121,169,216,64
female,65,156,44,high,build_muscle,80,94,2444,116,355,61
male,65,176,39,low,lose_weight,41,52,1251,105,138,30
male,74,182,47,moderate,lose_weight,64,97,1877,154,190,55
male,78,167,18,high,build_muscle,100,32,3385,147,475,99
female,64,182,25,moderate,gain_weight,82,126,2769,111,373,92
female,86,160,46,moderate,lose_weight,63,83,1577,138,168,38
female,75,188,24,moderate,lose_weight,68,128,2183,157,277,49
male,63,187,34,high,gain_weight,73,76,3152,134,437,95
male,89,167,39,moderate,build_muscle,92,75,2987,142,402,89
male,50,157,26,low,build_muscle,59,135,1966,83,272,60
female,64,176,41,moderate,build_muscle,72,137,2468,131,336,66
male,84,176,44,moderate,build_muscle,95,123,3065,144,460,71
male,91,166,22,high,lose_weight,57,44,2382,171,299,55
male,63,158,40,low,lose_weight,46,90,1030,136,47,32
female,93,159,36,low,gain_weight,119,37,2258,191,243,57
male,77,174,37,low,lose_weight,61,130,1275,155,96,29
male,85,161,47,high,build_muscle,106,35,3036,156,429,77
female,76,160,28,high,gain_weight,89,59,2857,163,342,92
male,63,159,47,moderate,gain_weight,68,73,2401,135,284,79
male,83,177,47,moderate,gain_weight,103,166,2991,133,450,72
female,58,178,37,moderate,build_muscle,71,74,2417,115,312,78
female,84,172,25,moderate,lose_weight,57,85,1842,163,175,54
male,57,169,20,high,gain_weight,72,118,2898,109,464,66
male,83,171,31,high,build_muscle,89,130,3316,175,460,85
male,84,169,32,moderate,lose_weight,74,158,2256,162,243,70
male,99,184,32,moderate,build_muscle,121,180,3362,162,436,107
female,60,158,42,low,build_muscle,67,177,1634,116,189,45
female,90,158,22,low,lose_weight,82,55,1223,155,72,34
female,88,151,40,low,build_muscle,94,131,2063,159,201,68
female,93,170,49,high,lose_weight,56,36,2074,173,227,52
male,57,177,18,low,gain_weight,71,163,2324,105,343,58
female,54,165,45,moderate,lose_weight,36,45,1182,114,118,28
male,74,165,19,high,gain_weight,91,72,3168,119,502,75
female,77,177,27,moderate,build_muscle,79,104,2869,126,381,92
female,80,173,41,moderate,lose_weight,54,98,1696,141,186,42
female,88,160,28,high,lose_weight,77,83,2102,165,247,50
male,62,151,43,low,gain_weight,74,171,1805,116,234,44
female,68,183,45,moderate,gain_weight,83,114,2444,127,351,59
female,98,178,40,moderate,build_muscle,122,53,3037,192,391,77
male,97,168,45,moderate,lose_weight,77,162,2062,209,195,49
male,87,151,37,high,lose_weight,54,40,2077,144,230,64
male,71,158,30,moderate,gain_weight,78,118,2904,141,391,85
male,72,157,23,high,lose_weight,67,132,2505,138,344,63
male,91,180,18,low,build_muscle,118,168,2659,174,306,81
male,61,167,41,high,lose_weight,52,51,1857,112,214,60
male,64,168,28,high,lose_weight,42,128,2055,113,262,61
female,65,152,19,moderate,gain_weight,76,71,2339,126,313,64
female,81,181,35,high,gain_weight,83,71,2951,134,415,83
male,62,166,43,high,lose_weight,56,120,2100,117,289,52
female,60,190,28,high,lose_weight,48,134,1860,109,232,55
female,83,167,44,moderate,build_muscle,94,31,2636,159,362,60
female,72,164,38,high,gain_weight,76,103,2656,154,318,84
female,82,174,19,low,lose_weight,69,143,1360,159,105,33
female,55,173,19,moderate,gain_weight,59,56,2303,90,347,61
female,84,186,38,moderate,build_muscle,103,32,2873,151,399,74
male,62,159,38,low,gain_weight,78,40,2022,103,263,61
female,96,166,30,high,gain_weight,100,111,3336,177,478,78
female,87,187,32,low,gain_weight,96,144,2429,144,285,78
female,57,157,27,moderate,gain_weight,66,154,2304,96,346,59
male,78,183,41,low,build_muscle,85,98,2262,151,290,54
female,74,165,27,high,lose_weight,54,92,1791,151,194,45
male,82,187,48,moderate,gain_weight,85,65,3005,159,404,82
male,84,187,39,moderate,build_muscle,98,177,3093,168,392,94
female,72,181,45,moderate,lose_weight,53,46,1591,145,140,49
female,70,160,20,low,build_muscle,91,179,1979,141,212,62
male,76,160,30,low,build_muscle,81,42,2239,158,285,51
male,89,181,28,high,build_muscle,108,147,3587,166,519,93
female,100,162,33,low,gain_weight,105,132,2265,164,257,64
male,84,188,25,moderate,build_muscle,88,124,3374,161,511,75
male,79,182,24,low,build_muscle,92,67,2410,145,314,63
female,63,171,50,low,lose_weight,50,173,876,129,39,21
male,79,179,47,high,build_muscle,94,81,3274,170,439,92
female,81,163,41,low,lose_weight,49,68,966,131,51,26
female,89,167,39,high,gain_weight,113,157,3110,193,389,86
male,55,155,37,high,build_muscle,64,122,2735,118,396,75
male,53,161,44,low,gain_weight,63,59,1873,91,278,43
female,57,176,31,moderate,build_muscle,65,81,2415,112,314,78
male,96,163,23,high,gain_weight,99,51,3466,187,470,92
male,73,154,32,low,gain_weight,93,156,2110,133,288,47
male,73,158,28,moderate,build_muscle,85,122,2816,158,353,85
female,97,153,33,high,build_muscle,104,47,3200,179,441,79
female,50,178,26,moderate,lose_weight,41,73,1320,95,147,38
female,95,164,23,moderate,build_muscle,118,155,2992,197,350,88
female,57,162,28,high,gain_weight,72,115,2549,94,393,66
female,89,170,39,low,lose_weight,61,120,1299,173,75,33
male,84,179,28,moderate,gain_weight,100,101,3096,169,392,94
male,98,162,43,high,gain_weight,110,101,3370,204,425,94
female,73,175,41,low,gain_weight,93,167,2031,154,229,54
female,69,160,42,moderate,lose_weight,48,123,1254,139,97,33
male,69,155,41,high,lose_weight,64,103,2047,135,268,47
male,80,184,33,moderate,lose_weight,53,69,2164,152,237,66
male,79,181,49,high,build_muscle,83,51,3174,128,494,75
male,83,154,46,high,build_muscle,101,165,2960,136,446,70
male,73,187,42,moderate,gain_weight,92,105,3015,136,411,91
female,70,168,27,moderate,gain_weight,74,119,2616,143,339,76
female,64,188,40,low,build_muscle,83,75,2076,117,260,62
female,84,161,42,moderate,lose_weight,77,33,1620,146,159,44
female,60,151,22,high,lose_weight,37,98,1525,130,161,39
male,81,187,45,low,build_muscle,90,160,2463,153,278,81
male,78,154,36,high,build_muscle,83,158,2947,171,373,85
male,96,176,48,low,build_muscle,114,110,2511,191,269,74
male,87,167,23,high,build_muscle,93,85,3404,145,492,94
female,72,177,26,low,lose_weight,54,126,1096,131,60,36
male,51,163,22,moderate,build_muscle,56,60,2527,105,388,61
male,54,170,25,moderate,gain_weight,59,82,2676,99,383,82
male,93,168,27,moderate,gain_weight,116,139,3170,149,451,85
female,54,187,26,high,lose_weight,42,46,1828,115,247,41
male,59,172,46,high,build_muscle,76,63,2689,128,343,88
male,89,161,36,high,build_muscle,92,96,3249,142,473,87
male,82,182,26,low,build_muscle,102,97,2636,139,352,74
female,60,159,34,moderate,lose_weight,43,126,1186,110,105,36
male,94,152,42,low,build_muscle,114,63,2325,162,295,54
female,51,161,35,low,build_muscle,53,52,1792,95,233,53
male,60,151,27,high,build_muscle,62,102,2790,97,457,63
female,60,187,33,low,gain_weight,62,132,2203,100,296,68
male,92,188,44,high,build_muscle,107,40,3473,164,449,113
female,85,181,30,moderate,lose_weight,79,180,2339,148,314,54
male,81,159,43,moderate,build_muscle,87,111,2816,167,368,74
female,96,181,46,low,lose_weight,59,128,1321,197,34,43
male,57,167,21,high,gain_weight,66,54,2902,115,425,81
male,55,160,49,high,build_muscle,63,168,2577,109,360,77
male,55,186,29,moderate,lose_weight,34,135,1814,91,269,41
male,69,171,18,high,lose_weight,49,37,2179,123,311,48
male,75,176,24,low,gain_weight,80,44,2401,155,290,68
male,73,162,42,high,lose_weight,49,90,1905,146,219,49
male,63,172,44,moderate,build_muscle,72,63,2561,115,356,74
male,65,156,39,moderate,lose_weight,57,40,1583,113,186,42
male,79,159,24,low,build_muscle,96,88,2338,158,266,71
female,87,178,34,high,build_muscle,100,115,3240,157,489,72
male,99,158,27,low,gain_weight,126,114,2532,180,300,67
male,93,164,18,moderate,build_muscle,114,89,3337,162,491,80
female,86,161,30,low,build_muscle,92,172,2221,162,255,60
female,72,167,45,high,gain_weight,89,153,2710,146,383,65
female,100,168,28,high,gain_weight,116,39,3300,211,415,87
male,50,171,44,low,lose_weight,35,159,986,83,103,26
female,69,164,34,high,gain_weight,85,160,2686,143,353,77
female,59,152,35,high,lose_weight,54,131,1793,129,193,55
male,78,163,45,high,gain_weight,91,178,3031,153,399,91
male,52,163,29,moderate,build_muscle,65,101,2629,94,429,59
male,66,154,44,low,gain_weight,83,97,1933,141,221,53
female,53,157,27,high,gain_weight,57,106,2452,95,340,78
male,69,169,36,moderate,build_muscle,72,40,2767,150,336,90
male,80,156,27,moderate,lose_weight,68,168,1987,170,189,60
female,69,175,32,high,lose_weight,60,138,1990,119,270,47
male,52,177,47,high,build_muscle,67,81,2787,108,386,89
female,59,156,24,moderate,lose_weight,43,44,1345,102,165,30
female,85,171,38,moderate,build_muscle,103,109,2717,172,321,82
male,76,159,25,low,gain_weight,80,111,2294,154,263,69
female,62,178,35,low,build_muscle,76,63,2025,106,285,51
female,92,173,34,high,build_muscle,106,32,3133,167,452,72
male,80,190,32,low,lose_weight,66,127,1486,156,133,36
female,80,180,22,moderate,lose_weight,74,87,2094,143,253,56
male,100,180,20,moderate,lose_weight,94,116,2681,195,317,70
female,87,182,27,high,gain_weight,100,80,3343,178,447,93
female,54,158,27,moderate,gain_weight,70,33,2148,94,290,67
male,84,161,23,low,build_muscle,88,72,2550,182,305,66
female,100,183,23,high,build_muscle,110,169,3598,211,422,118
female,69,178,43,high,lose_weight,61,171,2132,130,247,68
male,70,188,48,moderate,build_muscle,77,176,2738,153,376,68
male,82,159,23,moderate,gain_weight,106,100,2873,155,375,83
female,81,160,36,moderate,gain_weight,92,78,2675,176,327,73
male,74,150,18,low,build_muscle,95,179,2273,150,281,60
female,90,173,27,low,build_muscle,101,129,2265,155,286,55
female,100,166,18,moderate,build_muscle,106,156,3099,182,409,80
female,53,171,32,high,gain_weight,58,109,2605,85,429,60
male,51,153,40,low,build_muscle,55,60,1829,102,232,54
male,67,154,42,high,build_muscle,77,147,2676,108,374,82
male,56,151,33,high,lose_weight,35,56,1646,118,177,51
female,86,180,33,high,build_muscle,89,118,3207,176,406,96
male,51,153,24,low,build_muscle,64,130,2046,108,282,53
male,67,167,21,moderate,build_muscle,80,135,2813,147,387,74
male,89,176,18,low,build_muscle,101,175,2684,162,368,62
male,74,177,49,high,lose_weight,56,123,2118,146,258,55
female,85,150,20,moderate,build_muscle,96,172,2741,182,355,65
female,80,169,18,high,gain_weight,103,38,3062,129,409,100
female,90,186,46,moderate,build_muscle,111,176,2912,184,363,80
male,97,177,31,low,build_muscle,115,91,2552,179,282,78
female,84,162,18,low,lose_weight,72,156,1259,139,87,39
male,60,162,25,high,lose_weight,39,99,1779,127,189,57
male,66,170,45,high,lose_weight,46,144,1804,107,244,43
female,66,154,18,low,build_muscle,71,86,2040,118,258,59
male,97,167,32,high,build_muscle,119,104,3492,202,418,112
female,73,169,48,moderate,gain_weight,88,165,2534,140,319,76
female,55,160,34,high,gain_weight,66,152,2468,94,398,55
female,58,177,23,high,build_muscle,60,95,2812,111,416,77
female,59,168,33,high,gain_weight,76,143,2746,113,389,81
male,86,178,32,moderate,build_muscle,105,41,3102,166,397,93
female,63,158,27,moderate,build_muscle,66,104,2426,105,334,74
male,78,179,36,high,lose_weight,67,127,2334,141,303,61
male,59,157,37,high,gain_weight,65,171,2719,129,382,74
female,72,163,21,low,build_muscle,86,128,2076,122,291,46
female,52,156,48,moderate,build_muscle,54,167,2025,89,276,62
male,82,182,30,low,build_muscle,89,106,2357,175,287,55
female,50,170,19,low,gain_weight,58,74,1841,93,258,48
female,66,184,41,high,lose_weight,61,99,2122,132,267,58
female,91,181,47,moderate,lose_weight,67,141,1760,145,162,58
female,80,151,23,low,build_muscle,102,38,1994,152,205,62
male,70,180,40,high,build_muscle,76,155,3130,123,456,89
female,59,152,20,low,gain_weight,73,76,1912,127,232,52
male,84,150,31,high,build_muscle,108,154,3066,183,394,84
female,52,190,36,high,build_muscle,62,129,2721,97,386,87
male,94,175,26,low,gain_weight,103,172,2537,170,282,80
male,54,189,21,high,gain_weight,67,116,3139,116,504,72
male,100,157,37,moderate,gain_weight,120,137,3173,177,426,84
male,50,160,37,low,gain_weight,54,41,1841,85,252,54
male,66,167,33,low,build_muscle,80,57,2196,140,272,60
female,96,154,18,high,lose_weight,70,140,2228,196,201,70
male,94,157,28,high,lose_weight,82,139,2430,168,273,73
female,94,167,25,high,lose_weight,85,119,2336,204,228,66
female,88,177,29,high,lose_weight,61,147,2209,149,257,64
female,51,156,38,high,gain_weight,61,160,2224,82,353,53
male,58,177,26,high,lose_weight,49,97,2082,107,307,46
male,53,174,41,moderate,build_muscle,55,117,2390,109,315,76
male,62,190,21,high,lose_weight,47,165,2217,136,287,58
female,63,190,22,low,build_muscle,66,53,2038,130,270,48
male,64,186,43,high,build_muscle,81,89,3055,135,408,97
female,89,166,37,high,build_muscle,98,94,2891,189,326,91
male,57,187,39,high,lose_weight,34,155,1925,93,276,49
male,54,160,47,moderate,build_muscle,65,93,2314,87,366,55
male,76,183,32,moderate,lose_weight,63,51,1983,141,233,54
female,60,150,49,low,lose_weight,54,165,1072,126,74,30
male,91,170,30,high,gain_weight,118,146,3576,167,528,88
male,93,161,32,high,build_muscle,101,92,3452,186,486,84
male,88,157,36,moderate,lose_weight,59,68,1988,160,204,58
male,96,187,30,high,build_muscle,123,60,3672,205,468,108
female,65,158,44,low,lose_weight,39,53,770,141,3,21
male,80,185,43,moderate,gain_weight,90,139,3182,136,493,73
female,94,150,24,high,build_muscle,107,112,3209,204,377,97
male,69,166,27,low,gain_weight,74,126,2347,122,341,54
female,91,190,32,moderate,build_muscle,99,75,3064,160,400,91
female,95,184,33,low,lose_weight,78,154,1458,178,86,44
female,75,153,42,moderate,lose_weight,56,137,1349,135,116,37
male,85,178,46,high,gain_weight,92,56,3303,138,486,89
female,68,172,31,low,build_muscle,81,176,2075,133,232,68
female,83,185,42,low,gain_weight,87,65,2397,143,294,71
female,69,187,48,low,gain_weight,79,110,2208,137,270,63
male,82,173,47,moderate,lose_weight,61,94,1894,131,220,54
female,90,170,23,low,gain_weight,94,63,2255,183,234,64
female,98,170,47,high,lose_weight,65,156,2111,190,230,47
male,75,187,41,moderate,lose_weight,53,137,1869,121,239,47
male,66,184,25,moderate,gain_weight,71,131,3030,144,425,83
male,59,168,31,high,lose_weight,40,78,1805,127,215,48
male,57,180,22,high,lose_weight,43,126,2127,98,292,62
male,77,150,37,high,lose_weight,50,75,1914,163,213,45
female,90,182,23,high,gain_weight,108,142,3239,153,461,86
male,88,173,45,moderate,build_muscle,104,64,3156,167,446,78
male,99,182,24,moderate,gain_weight,108,62,3396,161,461,100
female,88,164,49,low,gain_weight,104,39,2181,165,269,49
male,89,162,34,low,gain_weight,99,121,2400,167,273,70
female,65,153,41,low,build_muscle,69,81,1925,105,277,43
female,62,170,27,low,build_muscle,73,165,1849,110,231,53
male,81,183,26,high,build_muscle,99,94,3475,154,462,111
female,80,181,23,low,gain_weight,89,46,2189,143,280,54
male,97,150,38,low,gain_weight,113,175,2357,188,261,61
male,61,160,34,low,lose_weight,51,107,1072,108,100,26
female,79,158,28,low,build_muscle,81,60,1988,167,197,58
female,79,187,28,low,build_muscle,89,122,2379,130,317,65
female,67,150,23,high,gain_weight,75,89,2683,116,369,82
male,85,172,37,high,gain_weight,91,120,3345,145,458,103
male,64,168,39,high,build_muscle,70,61,2805,123,387,84
female,66,165,23,moderate,gain_weight,77,76,2574,115,378,66
female,57,152,47,low,lose_weight,45,148,694,124,6,18
male,84,159,32,moderate,lose_weight,58,166,1936,179,206,43
male,72,176,46,moderate,lose_weight,60,130,1672,141,158,52
female,99,151,31,moderate,gain_weight,116,71,2941,184,363,83
female,56,190,21,moderate,build_muscle,67,59,2596,105,353,84
male,90,170,42,moderate,lose_weight,65,94,1988,186,207,46
female,82,155,35,moderate,gain_weight,101,40,2604,152,359,61
female,69,185,46,high,lose_weight,57,85,1808,118,238,42
male,97,174,21,moderate,lose_weight,79,69,2304,184,262,57
female,72,183,29,high,gain_weight,84,175,3118,154,443,80
female,92,159,18,low,lose_weight,74,95,1263,161,84,30
male,52,169,21,high,lose_weight,36,61,1807,111,210,57
female,50,181,29,moderate,build_muscle,57,81,2415,95,346,71
male,75,156,38,low,lose_weight,69,42,1101,135,63,34
female,67,177,27,moderate,build_muscle,82,152,2591,129,369,66
male,82,188,45,moderate,gain_weight,92,30,3143,151,408,100
female,54,170,28,moderate,lose_weight,45,85,1303,111,127,38
female,71,158,37,moderate,lose_weight,64,162,1802,135,200,50
male,59,152,41,low,build_muscle,73,99,1970,96,280,51
female,56,186,18,low,build_muscle,59,101,2069,112,284,53
female,85,159,19,high,lose_weight,78,151,2347,139,306,62
female,94,174,42,low,gain_weight,99,83,2326,153,268,71
male,89,155,19,moderate,gain_weight,105,161,3171,172,451,75
male,75,158,27,low,build_muscle,95,34,2361,156,266,74
male,89,160,34,low,lose_weight,69,155,1410,172,97,36
female,68,160,36,moderate,lose_weight,46,153,1403,143,117,40
male,92,184,46,moderate,lose_weight,66,78,2183,147,287,49
male,63,166,37,high,gain_weight,78,82,2833,111,435,71
female,76,172,32,low,build_muscle,84,123,2294,160,283,57
male,90,171,19,low,gain_weight,112,108,2705,163,372,62
male,69,173,32,low,lose_weight,62,128,1534,112,173,43
female,62,187,41,low,build_muscle,65,160,2031,103,261,63
male,96,187,37,moderate,gain_weight,123,172,3196,178,451,75
male,58,170,47,low,lose_weight,53,136,1446,111,162,39
male,56,163,30,moderate,gain_weight,61,131,2524,109,381,62
female,91,167,41,moderate,lose_weight,63,30,1795,153,173,54
male,54,170,50,moderate,build_muscle,66,43,2336,103,352,56
male,98,164,20,high,gain_weight,101,43,3606,203,516,81
female,58,187,18,low,lose_weight,35,150,1192,108,104,37
male,88,190,38,high,lose_weight,67,38,2560,186,323,57
male,61,161,46,moderate,lose_weight,36,64,1528,103,196,36
male,84,170,24,moderate,lose_weight,57,96,2130,155,218,70
male,80,155,49,moderate,gain_weight,94,31,2639,156,324,79
female,99,162,46,high,lose_weight,66,108,2172,208,211,54
female,88,184,30,moderate,build_muscle,110,105,2987,167,421,70
male,77,187,35,low,gain_weight,84,107,2409,140,330,58
female,95,171,34,high,gain_weight,102,98,3124,198,421,71
male,60,180,48,low,build_muscle,64,135,2080,115,278,55
female,71,169,35,low,gain_weight,87,173,1957,152,231,47
male,70,173,23,low,build_muscle,90,52,2229,117,275,73
female,82,183,22,low,lose_weight,74,79,1277,138,102,34
female,78,171,26,moderate,build_muscle,92,133,2668,157,366,63
male,87,180,41,moderate,gain_weight,90,119,3206,161,445,86
female,93,170,48,moderate,lose_weight,66,56,1853,167,191,46
male,86,155,32,high,gain_weight,104,65,3128,149,456,78
female,75,163,24,low,gain_weight,86,168,2242,122,309,57
female,71,168,28,moderate,build_muscle,75,106,2673,115,414,61
male,77,172,40,moderate,build_muscle,94,175,2896,141,416,73
male,76,186,33,moderate,build_muscle,84,80,3098,141,462,75
male,80,173,34,moderate,lose_weight,57,39,1875,148,213,47
female,88,184,39,low,build_muscle,105,86,2251,175,266,53
male,60,178,31,high,gain_weight,64,161,2878,113,428,78
female,78,183,41,high,build_muscle,83,118,3042,153,434,76
male,97,186,34,moderate,lose_weight,60,34,2304,183,268,55
male,61,166,45,moderate,build_muscle,74,168,2559,117,359,72
male,53,171,29,high,gain_weight,58,78,2847,107,403,89
female,51,166,30,low,gain_weight,64,88,1770,99,241,44
female,88,157,49,moderate,build_muscle,95,60,2447,178,272,71
female,70,186,42,low,gain_weight,76,145,2018,116,268,53
male,99,165,29,moderate,gain_weight,105,134,3130,167,385,102
female,87,153,28,high,build_muscle,100,63,2923,159,370,89
female,87,176,24,high,gain_weight,100,92,3264,180,406,101
female,90,183,43,moderate,build_muscle,107,158,2912,196,349,80
female,78,180,49,high,gain_weight,82,61,2893,161,365,87
male,74,166,35,high,lose_weight,54,152,2167,151,247,63
female,85,190,42,low,gain_weight,96,35,2383,147,309,61
female,74,171,23,high,lose_weight,57,141,1917,161,195,54
male,58,172,33,high,lose_weight,52,154,2346,121,319,64
female,76,174,22,low,build_muscle,93,156,2247,127,312,54
male,100,175,48,low,gain_weight,106,82,2597,186,303,70
male,84,157,32,moderate,gain_weight,91,116,2844,142,422,65
female,69,162,46,high,gain_weight,72,164,2437,120,351,61
female,89,185,34,low,lose_weight,68,141,1313,145,107,33
male,80,158,25,low,lose_weight,61,148,1263,161,89,28
male,53,163,47,high,build_muscle,63,163,2650,94,378,84
female,85,159,46,low,build_muscle,110,49,2163,150,233,69
male,78,189,34,moderate,build_muscle,91,59,3009,147,427,78
female,98,151,35,moderate,build_muscle,101,153,2766,178,324,83
male,74,163,32,high,build_muscle,76,95,3064,158,429,79
female,96,153,29,low,gain_weight,122,53,2226,195,216,64
male,53,164,22,low,gain_weight,59,53,2210,99,291,71
female,75,166,41,high,lose_weight,57,117,1681,149,160,48
male,58,176,30,low,gain_weight,73,33,2237,117,298,63
male,72,150,25,high,gain_weight,92,126,2844,157,402,67
female,51,182,49,low,lose_weight,45,99,1109,103,102,31
male,84,170,40,high,gain_weight,107,105,3341,173,421,106
female,66,178,32,low,lose_weight,44,152,1130,140,67,33
female,56,169,28,high,lose_weight,45,175,1860,91,258,51
female,91,159,18,moderate,gain_weight,95,61,2792,151,362,82
male,97,171,21,low,build_muscle,102,158,2569,178,285,79
male,65,161,39,high,lose_weight,45,84,1898,128,212,59
female,75,174,48,moderate,lose_weight,69,98,1778,149,172,54
male,98,190,41,moderate,lose_weight,88,176,2596,184,317,65
male,73,175,34,moderate,build_muscle,77,62,2910,156,398,76
female,97,158,18,low,lose_weight,78,141,1439,183,80,42
female,67,160,36,moderate,build_muscle,74,148,2391,115,326,69
male,72,166,47,high,build_muscle,82,152,2991,152,438,69
female,59,160,22,high,build_muscle,68,135,2517,128,356,64
female,74,190,34,low,gain_weight,80,37,2151,157,268,49
male,91,176,29,high,lose_weight,59,158,2545,172,286,78
male,88,173,47,moderate,lose_weight,78,55,1941,155,188,62
female,79,150,36,moderate,gain_weight,99,136,2453,157,299,69
male,98,165,26,low,gain_weight,101,116,2605,203,266,80
male,55,188,23,moderate,gain_weight,65,87,2920,111,428,84
female,74,174,45,moderate,build_muscle,84,90,2525,141,351,61
male,77,167,30,high,lose_weight,62,86,2097,123,248,67
male,78,153,41,moderate,build_muscle,86,103,2683,133,341,87
male,75,152,30,low,build_muscle,89,137,2248,131,285,64
female,97,154,44,moderate,gain_weight,125,54,2748,176,363,65
female,96,189,44,low,lose_weight,58,48,1508,195,95,37
female,96,158,34,high,lose_weight,68,152,2057,192,197,55
male,59,158,18,low,lose_weight,51,106,1279,100,155,28
male,83,187,50,high,build_muscle,97,114,3304,171,483,75
male,93,157,47,high,gain_weight,96,79,3260,157,458,88
male,75,152,28,low,gain_weight,93,140,2150,154,242,62
male,73,164,19,moderate,lose_weight,50,117,1929,150,196,60
male,94,154,24,high,gain_weight,99,95,3324,156,505,75
female,85,158,22,low,build_muscle,88,54,2085,178,234,48
female,54,183,45,moderate,gain_weight,57,171,2219,106,294,67
male,58,185,38,moderate,lose_weight,41,36,1727,115,196,53
female,99,162,49,low,build_muscle,113,63,2255,175,250,61
female,64,167,41,high,build_muscle,69,49,2704,139,381,68
male,66,179,33,low,gain_weight,78,151,2248,132,271,70
female,53,176,33,high,lose_weight,44,132,1765,104,209,56
male,55,160,27,high,gain_weight,69,158,2794,107,412,79
male,80,153,27,moderate,gain_weight,83,139,2869,172,377,74
female,55,181,19,low,build_muscle,64,41,2163,96,302,62
female,72,159,38,high,gain_weight,89,159,2715,148,359,75
male,95,168,46,moderate,build_muscle,113,131,3106,166,409,89
female,96,164,41,high,lose_weight,72,114,2095,207,209,47
female,88,165,50,moderate,lose_weight,80,76,1719,186,122,53
male,87,163,35,high,gain_weight,110,85,3331,173,475,81
female,59,155,48,low,gain_weight,62,120,1664,107,205,45
female,62,181,34,low,build_muscle,69,142,2079,130,236,67
female,67,158,32,low,gain_weight,73,138,1972,124,252,51
female,75,153,43,low,gain_weight,92,45,2037,123,251,59
female,59,187,47,moderate,gain_weight,61,144,2412,96,344,72
female,69,163,24,low,lose_weight,41,175,986,135,60,22
male,51,170,46,high,gain_weight,62,57,2678,99,425,64
male,83,183,40,low,lose_weight,55,91,1482,178,83,48
male,68,160,50,moderate,build_muscle,81,144,2546,128,317,84
female,77,165,48,low,build_muscle,96,106,2062,164,217,59
male,99,169,34,moderate,gain_weight,111,140,3193,189,427,80
female,87,175,21,moderate,gain_weight,102,159,2872,181,387,66
female,78,169,49,moderate,gain_weight,82,122,2621,132,373,66
male,86,178,47,moderate,gain_weight,97,176,3074,178,422,74
male,54,170,47,low,gain_weight,57,128,2073,112,258,65
female,61,166,19,low,gain_weight,78,133,1947,112,237,60
female,99,186,23,moderate,gain_weight,110,125,3259,200,390,99
male,66,182,44,high,build_muscle,85,99,3028,136,456,73
female,100,174,19,moderate,build_muscle,124,31,3172,212,379,89
male,76,173,46,high,build_muscle,83,50,2994,127,418,89
male,90,178,26,low,build_muscle,103,91,2656,160,314,84
female,78,162,50,high,lose_weight,50,36,1606,168,151,36
male,79,150,37,moderate,gain_weight,94,65,2793,171,325,89
male,55,183,28,low,lose_weight,47,110,1346,108,159,30
male,68,179,32,low,gain_weight,88,93,2192,135,266,64
female,97,178,36,low,build_muscle,123,60,2455,157,304,67
male,92,171,38,low,lose_weight,56,93,1494,199,92,36
male,56,177,24,high,lose_weight,40,118,2001,115,245,62
female,58,173,43,low,gain_weight,63,66,1960,108,272,48
female,86,168,21,high,build_muscle,104,99,3307,165,432,101
male,59,186,38,low,lose_weight,39,93,1231,108,116,36
male,64,166,35,high,gain_weight,81,66,2920,104,448,78
male,74,175,42,high,build_muscle,96,53,3127,126,469,82
male,74,167,41,high,lose_weight,66,34,2013,122,255,55
male,68,190,42,moderate,gain_weight,85,155,2911,140,419,74
male,93,184,20,moderate,lose_weight,73,95,2316,192,260,56
male,76,166,29,low,build_muscle,86,107,2410,164,296,62
male,65,188,19,high,gain_weight,74,53,3218,106,503,86
male,99,153,27,high,gain_weight,103,116,3594,193,500,90
female,64,171,30,high,gain_weight,68,114,2680,122,362,82
male,74,160,29,high,gain_weight,95,82,3113,132,419,100
male,68,178,20,high,gain_weight,84,173,3204,126,451,99
male,66,151,35,moderate,lose_weight,54,106,1475,138,135,41
male,99,157,27,moderate,lose_weight,85,180,2316,167,281,57
female,94,187,29,high,build_muscle,104,58,3345,200,428,92
male,81,179,35,moderate,gain_weight,85,128,3191,132,449,95
female,61,190,50,moderate,gain_weight,70,149,2499,101,344,79
female,99,162,44,low,gain_weight,102,161,2208,203,224,55
female,76,178,44,low,gain_weight,87,37,2137,164,216,68
female,54,161,41,high,build_muscle,64,178,2336,96,327,71
male,94,158,19,moderate,lose_weight,82,70,2228,154,288,50
female,79,176,41,low,lose_weight,47,109,1092,143,53,33
male,56,166,36,high,gain_weight,71,101,2768,108,376,92
male,70,164,44,high,gain_weight,76,118,3029,134,426,87
female,70,174,40,high,build_muscle,74,68,2858,121,410,81
male,92,154,43,moderate,build_muscle,98,172,2888,154,375,85
female,71,181,50,low,gain_weight,80,39,1931,121,227,59
male,77,168,23,high,lose_weight,62,76,2241,125,298,60
male,98,178,19,moderate,gain_weight,113,146,3324,211,421,88
male,86,157,27,high,lose_weight,64,82,2159,172,225,63
male,50,172,35,high,build_muscle,63,108,2641,95,410,68
male,71,161,27,low,gain_weight,81,96,2122,137,282,49
female,83,151,40,high,lose_weight,50,36,1788,148,166,58
male,81,169,47,low,lose_weight,68,103,1290,156,73,41
female,80,172,43,high,build_muscle,103,107,2850,151,373,83
female,62,171,36,high,lose_weight,43,164,1679,106,207,47
female,59,187,34,low,lose_weight,51,52,1022,125,65,28
male,83,176,20,moderate,gain_weight,93,115,3177,177,395,98
male,56,175,39,low,build_muscle,69,137,2138,118,271,64
male,57,186,41,low,gain_weight,59,136,2129,94,324,50
male,92,172,36,moderate,build_muscle,109,120,3168,192,410,83
male,76,166,25,low,gain_weight,96,174,2375,133,339,53
male,94,182,21,low,gain_weight,105,41,2605,171,337,63
female,88,160,48,moderate,gain_weight,104,178,2689,182,325,72
female,88,161,41,low,lose_weight,63,51,1049,167,31,28
female,86,165,38,low,build_muscle,102,31,2126,141,262,56
female,82,182,35,low,gain_weight,102,136,2295,171,256,64
female,57,168,50,low,gain_weight,62,30,1680,92,243,37
female,100,164,29,moderate,build_muscle,119,94,2875,187,338,85
female,92,179,24,low,lose_weight,82,90,1415,180,100,32
female,74,187,26,low,gain_weight,91,87,2389,159,296,62
male,76,162,49,moderate,gain_weight,80,129,2644,129,375,69
female,89,151,21,low,gain_weight,112,113,2268,170,277,53
female,58,189,22,high,lose_weight,38,66,1913,121,226,58
male,81,182,26,high,build_muscle,103,140,3383,139,482,99
male,56,154,20,low,build_muscle,69,85,2073,107,273,61
male,65,172,18,low,build_muscle,68,172,2266,141,273,67
male,78,175,30,high,build_muscle,94,156,3348,168,469,88
female,65,177,43,high,build_muscle,67,122,2771,123,401,74
female,75,155,19,high,gain_weight,88,179,2918,152,411,73
male,68,161,27,high,lose_weight,47,153,2077,148,222,66
female,56,176,28,moderate,gain_weight,70,100,2346,89,379,52
female,53,178,28,low,build_muscle,65,106,2051,84,281,65
female,75,186,38,moderate,gain_weight,92,140,2693,162,324,82
female,62,157,38,high,gain_weight,70,83,2404,108,361,58
female,87,178,28,high,lose_weight,64,108,2240,157,246,69
male,60,178,35,low,gain_weight,75,124,2113,104,306,52
male,76,174,39,high,gain_weight,90,158,3105,146,449,80
male,98,178,18,moderate,gain_weight,103,146,3435,167,443,110
male,75,182,29,high,lose_weight,47,171,2305,124,286,73
male,75,174,36,low,lose_weight,52,60,1254,134,87,40
female,87,153,40,moderate,lose_weight,79,67,1634,160,159,39
male,81,185,37,high,lose_weight,59,116,2311,168,261,65
male,100,159,27,low,lose_weight,81,61,1613,160,133,48
female,57,171,38,high,gain_weight,70,171,2560,124,323,85
male,94,163,25,low,build_muscle,121,128,2530,193,261,78
male,54,156,28,high,gain_weight,64,100,2544,114,391,57
female,91,179,32,low,gain_weight,116,101,2337,191,246,65
male,56,162,40,moderate,lose_weight,43,152,1497,101,173,44
female,81,172,26,high,build_muscle,105,72,3092,173,431,74
male,60,165,20,moderate,build_muscle,78,131,2707,111,378,82
male,82,184,33,high,lose_weight,71,57,2451,179,259,77
female,85,182,50,high,gain_weight,98,135,3039,170,367,98
female,91,174,39,high,gain_weight,113,110,3239,156,475,78
male,77,189,25,moderate,lose_weight,63,115,2044,137,228,64
female,50,168,30,low,lose_weight,31,94,846,108,42,27
male,94,188,50,low,build_muscle,111,79,2500,189,261,77
female,95,162,29,low,gain_weight,117,45,2302,165,273,60
female,82,170,36,moderate,gain_weight,93,34,2671,142,376,66
male,94,162,48,moderate,build_muscle,96,173,3028,202,383,76
female,62,176,27,high,build_muscle,79,153,2676,101,425,63
female,50,152,33,high,gain_weight,60,64,2129,106,267,70
male,72,156,38,high,build_muscle,74,85,3033,146,420,85
male,87,185,19,moderate,build_muscle,92,141,3432,141,516,88
male,92,190,32,high,lose_weight,73,178,2656,184,306,76
female,55,190,35,moderate,gain_weight,65,70,2410,96,371,59
female,86,176,21,high,build_muscle,88,33,3300,145,500,79
female,79,169,20,low,gain_weight,81,76,2100,163,220,62
female,78,182,41,moderate,build_muscle,94,179,2812,151,352,88
male,94,184,37,high,build_muscle,100,89,3671,152,553,94
female,52,172,49,low,build_muscle,56,67,1751,94,239,45
male,51,182,36,low,lose_weight,30,48,977,85,85,32
female,85,156,42,high,build_muscle,101,76,2714,163,333,80
female,64,160,36,moderate,gain_weight,83,74,2336,130,280,76
male,54,185,41,moderate,lose_weight,48,145,2032,91,287,57
female,76,177,33,moderate,gain_weight,84,129,2699,163,362,66
female,74,152,44,moderate,gain_weight,78,114,2274,132,290,64
male,76,152,23,moderate,lose_weight,51,46,1732,132,184,51
female,71,175,34,moderate,gain_weight,90,96,2741,135,344,91
female,84,177,19,high,gain_weight,108,60,3213,157,473,76
female,80,153,45,low,gain_weight,91,112,1968,132,226,59
male,53,178,24,low,lose_weight,36,141,1035,96,100,27
male,91,160,32,moderate,gain_weight,107,95,2980,192,331,98
female,73,190,34,low,build_muscle,91,179,2200,118,270,71
male,70,157,40,moderate,lose_weight,43,145,1616,126,185,41
female,64,153,23,high,gain_weight,77,70,2516,126,348,68
male,55,174,41,moderate,build_muscle,65,82,2646,99,413,66
female,91,156,39,low,gain_weight,100,121,2170,186,229,56
female,95,174,19,low,gain_weight,107,40,2356,190,266,59
female,82,184,28,high,gain_weight,103,76,3269,175,463,79
female,93,186,43,high,gain_weight,118,134,3219,186,383,104
male,79,181,33,low,gain_weight,91,158,2470,155,301,71
male,73,175,24,low,gain_weight,78,36,2400,124,307,74
male,80,174,42,moderate,build_muscle,95,85,2943,171,371,85
male,94,157,27,high,lose_weight,81,149,2389,155,289,67
female,88,158,27,moderate,build_muscle,95,41,2704,169,309,87
male,76,173,36,low,build_muscle,79,85,2253,153,282,56
male,50,156,30,low,build_muscle,56,165,1984,102,263,57
female,62,156,31,low,lose_weight,56,149,1172,133,90,30
male,75,157,49,high,lose_weight,60,76,1814,162,176,50
male,56,187,23,low,gain_weight,64,41,2299,112,296,73
male,71,161,37,high,lose_weight,54,101,1976,153,219,53
female,70,158,44,low,lose_weight,54,145,793,145,0,23
female,72,185,45,low,lose_weight,67,170,1598,124,176,44
female,96,175,50,moderate,lose_weight,69,88,1881,157,208,46
male,78,185,50,high,gain_weight,93,49,3199,148,436,95
male,88,153,35,low,lose_weight,77,76,1316,174,77,34
male,82,161,49,high,build_muscle,97,100,3062,157,428,79
female,65,186,35,low,build_muscle,82,30,2182,140,242,72
male,73,183,45,high,lose_weight,56,97,2116,151,243,59
male,86,185,30,high,build_muscle,107,51,3487,143,486,107
male,86,173,21,high,build_muscle,108,172,3462,148,505,93
male,91,190,47,moderate,lose_weight,63,124,2146,168,233,59
male,88,184,47,high,build_muscle,112,142,3359,190,426,98
male,60,185,43,moderate,build_muscle,66,100,2689,121,359,85
male,77,173,31,moderate,lose_weight,53,53,1899,149,206,53
male,58,170,50,high,build_muscle,72,131,2785,118,380,87
female,51,162,36,high,gain_weight,60,144,2293,98,358,51
female,51,155,37,high,lose_weight,31,76,1348,83,162,40
female,55,164,25,moderate,gain_weight,64,149,2211,98,341,50
female,59,187,18,high,lose_weight,36,112,1934,108,249,56
male,78,157,45,high,build_muscle,82,140,3063,145,390,102
male,53,156,50,high,lose_weight,41,90,1560,112,161,51
male,66,177,44,low,build_muscle,78,100,2222,132,290,58
female,60,156,23,moderate,lose_weight,52,128,1486,105,170,42
male,65,179,42,moderate,lose_weight,47,94,1651,124,187,44
male,61,150,47,low,build_muscle,65,149,1833,121,233,45
male,96,152,34,moderate,lose_weight,85,35,2008,181,186,59
female,97,183,36,high,build_muscle,107,179,3385,204,447,86
male,53,185,46,high,build_muscle,61,131,2876,99,420,88
male,88,189,50,moderate,build_muscle,104,56,3126,156,433,85
male,51,177,31,moderate,lose_weight,31,91,1493,92,186,41
female,51,170,43,moderate,gain_weight,63,148,2087,95,307,52
female,62,184,21,high,gain_weight,67,159,2897,130,389,90
female,51,174,50,low,build_muscle,59,51,1638,98,209,44
male,95,170,24,high,gain_weight,108,54,3584,167,493,104
male,100,153,18,low,lose_weight,91,137,1688,187,123,49
male,80,163,32,high,gain_weight,89,30,3211,157,479,73
female,60,164,50,low,lose_weight,46,118,767,111,41,17
male,83,162,26,moderate,gain_weight,93,173,3025,167,433,68
female,98,174,43,high,lose_weight,79,47,2143,194,200,62
male,91,172,23,high,gain_weight,108,75,3566,176,466,110
male,73,178,42,high,lose_weight,66,89,2192,143,268,60
male,92,159,28,low,lose_weight,58,132,1501,182,89,46
male,75,153,33,moderate,lose_weight,62,103,1665,130,162,54
male,84,181,37,moderate,build_muscle,88,94,3092,181,423,74
male,91,155,49,high,lose_weight,77,174,2143,157,240,61
male,55,154,32,low,gain_weight,67,121,1933,105,252,55
male,80,175,32,high,gain_weight,94,67,3390,162,508,78
female,52,158,37,high,lose_weight,35,150,1214,93,120,39
male,64,158,22,moderate,gain_weight,81,137,2669,131,385,66
female,90,150,37,moderate,gain_weight,109,46,2639,157,317,82
female,86,170,30,moderate,lose_weight,73,50,1873,182,180,47
male,71,180,38,low,gain_weight,73,115,2204,128,272,66
female,95,161,21,low,lose_weight,87,180,1652,183,136,41
female,68,178,29,low,gain_weight,88,102,2055,139,250,55
male,55,161,27,low,build_muscle,57,53,2017,110,264,57
male,81,183,48,moderate,gain_weight,86,52,3085,166,448,69
female,87,169,28,high,build_muscle,93,51,3042,160,389,93
female,52,184,27,moderate,gain_weight,58,127,2468,102,335,79
male,72,166,50,low,lose_weight,61,48,1145,148,79,25
male,70,178,18,low,build_muscle,86,126,2403,113,313,77
male,76,156,44,low,build_muscle,94,105,2079,138,246,59
female,73,156,21,moderate,lose_weight,52,149,1523,144,159,34
female,76,180,20,low,build_muscle,87,86,2266,151,292,54
female,74,175,46,high,build_muscle,82,74,2884,127,449,64
male,75,173,26,moderate,build_muscle,80,124,3029,140,462,68
female,91,164,41,moderate,build_muscle,109,137,2645,196,288,78
male,69,157,24,high,gain_weight,89,143,3041,117,484,70
female,94,186,49,moderate,build_muscle,98,81,3115,196,351,102
male,84,173,20,moderate,build_muscle,90,75,3086,169,386,96
female,61,189,33,low,gain_weight,64,82,2005,129,240,58
male,82,155,24,high,gain_weight,89,95,3079,171,424,77
female,85,152,36,high,lose_weight,69,61,1863,177,187,44
male,98,186,36,high,lose_weight,86,125,2597,188,329,58
female,70,187,48,low,lose_weight,63,50,1132,143,59,35
male,84,188,49,low,build_muscle,96,59,2485,137,299,81
female,56,189,26,low,gain_weight,64,114,1989,99,265,58
male,68,164,19,low,lose_weight,40,171,1219,127,93,37
male,87,157,22,low,build_muscle,104,72,2344,150,286,66
male,79,152,45,low,build_muscle,86,101,2136,173,208,67
female,77,159,39,moderate,build_muscle,97,41,2344,153,284,65
female,82,156,33,high,lose_weight,77,145,2259,179,215,75
male,68,165,43,moderate,gain_weight,80,38,2592,146,315,82
female,60,175,43,moderate,gain_weight,69,165,2375,102,365,56
female,100,172,38,low,build_muscle,121,123,2350,197,231,70
female,82,159,38,moderate,build_muscle,86,83,2607,138,328,82
female,95,177,49,low,lose_weight,82,81,1292,204,25,41
male,62,186,36,low,lose_weight,53,166,1484,120,172,34
female,100,176,25,moderate,build_muscle,110,97,2983,202,344,88
male,56,169,44,moderate,lose_weight,35,149,1424,104,168,37
female,84,173,40,high,build_muscle,102,83,3057,154,404,91
male,56,190,50,moderate,build_muscle,65,151,2743,111,415,70
female,55,175,28,low,gain_weight,66,114,1976,94,280,52
male,52,162,18,low,gain_weight,67,63,1989,93,297,47
male,62,156,28,high,build_muscle,78,39,2789,103,434,70
male,78,174,29,low,build_muscle,82,54,2506,146,353,56
male,50,150,32,high,build_muscle,55,58,2460,87,403,54
female,78,175,23,high,lose_weight,58,121,1964,169,207,50
male,96,180,33,moderate,lose_weight,89,64,2290,196,212,72
female,89,153,50,low,gain_weight,114,94,1976,193,154,64
female,87,154,42,moderate,lose_weight,71,121,1617,190,127,38
male,53,168,39,low,build_muscle,57,136,1925,85,257,61
male,62,158,25,high,gain_weight,67,169,2911,111,414,89
male,94,162,40,low,lose_weight,59,35,1464,195,77,41
female,93,176,28,high,lose_weight,80,47,2363,198,250,63
male,63,186,28,low,build_muscle,72,45,2359,134,284,76
female,97,158,28,moderate,gain_weight,99,36,2933,158,409,73
male,94,179,40,high,gain_weight,101,114,3487,206,474,84
male,91,161,26,low,build_muscle,108,132,2330,145,262,77
male,87,162,24,low,lose_weight,56,82,1471,178,100,39
female,94,184,39,moderate,gain_weight,101,76,3121,192,374,94
male,91,159,43,high,gain_weight,104,163,3265,152,444,97
male,79,189,39,high,build_muscle,85,147,3291,171,416,104
female,64,179,41,moderate,lose_weight,40,72,1362,132,124,37
male,58,162,38,high,lose_weight,49,90,1650,118,200,41
male,90,165,32,moderate,lose_weight,69,119,2045,166,227,52
male,94,190,42,high,lose_weight,69,100,2542,196,290,66
male,65,168,34,high,build_muscle,67,47,2938,124,428,80
female,72,184,26,high,lose_weight,57,66,1949,142,238,47
female,51,170,49,high,build_muscle,61,118,2221,107,333,50
male,64,169,25,high,build_muscle,79,173,2996,112,464,76
female,67,176,50,low,lose_weight,42,96,977,138,47,25
female,55,157,21,low,gain_weight,71,175,1864,112,217,60
male,82,170,42,low,lose_weight,51,180,1389,131,119,42
male,99,190,43,high,lose_weight,59,109,2716,183,315,79
female,54,184,36,low,build_muscle,64,157,1947,89,266,57
male,62,161,50,moderate,gain_weight,75,173,2352,123,335,57
male,90,157,24,low,lose_weight,70,103,1411,144,118,39
female,91,161,49,high,build_muscle,111,45,2891,195,315,94
female,68,186,42,high,lose_weight,47,122,1749,132,215,39
female,92,171,36,moderate,gain_weight,110,94,2831,188,352,74
female,67,179,47,low,build_muscle,73,164,2058,121,266,56
male,91,174,44,moderate,lose_weight,60,109,1993,181,176,62
male,55,173,32,low,build_muscle,63,97,2055,104,257,67
female,61,180,23,high,gain_weight,67,160,2862,105,431,79
male,87,171,34,low,gain_weight,109,104,2599,148,319,81
male,94,164,18,low,gain_weight,107,44,2629,169,347,62
male,53,151,31,moderate,lose_weight,46,61,1356,109,145,37
female,64,177,24,moderate,lose_weight,49,155,1548,136,160,39
male,95,169,36,low,build_muscle,98,171,2554,155,293,84
female,65,170,26,low,gain_weight,72,118,2031,115,257,60
male,100,155,25,moderate,gain_weight,129,114,3190,200,383,95
male,73,188,30,low,lose_weight,44,102,1431,139,125,40
female,88,186,43,moderate,lose_weight,61,104,1926,159,185,60
male,69,151,41,moderate,gain_weight,85,174,2434,140,330,61
female,83,177,18,moderate,lose_weight,60,45,1838,137,184,60
male,56,178,35,moderate,build_muscle,71,75,2778,94,398,89
female,67,168,20,high,build_muscle,85,155,2896,117,448,70
male,72,184,28,moderate,lose_weight,51,36,2017,130,256,51
female,80,179,45,high,gain_weight,84,160,3067,140,456,75
male,78,157,24,high,lose_weight,46,31,2154,139,278,53
female,94,163,39,low,build_muscle,107,93,2292,170,235,74
male,97,174,27,low,lose_weight,84,62,1578,199,111,37
female,75,176,33,low,gain_weight,95,87,2010,132,231,61
male,50,171,50,high,build_muscle,53,66,2597,86,427,60
male,99,184,27,moderate,gain_weight,124,85,3515,180,475,98
female,80,187,48,high,lose_weight,70,61,2097,159,235,57
female,64,164,24,moderate,lose_weight,49,131,1505,115,167,41
female,86,166,34,high,gain_weight,110,166,2996,168,393,82
male,75,173,19,high,build_muscle,89,41,3346,151,512,76
female,74,157,33,low,build_muscle,89,168,2034,135,260,49
male,98,183,24,low,gain_weight,125,110,2738,197,331,69
male,71,157,42,high,build_muscle,92,161,2839,151,386,76
male,89,152,19,low,gain_weight,109,127,2490,163,332,55
female,99,187,43,high,gain_weight,125,79,3442,168,478,94
male,92,163,33,high,lose_weight,61,70,2333,157,307,52
male,86,156,40,high,gain_weight,105,106,3254,180,438,86
female,89,168,44,high,gain_weight,99,145,3033,162,427,74
female,54,188,35,low,lose_weight,34,128,945,112,71,23
female,64,165,48,high,lose_weight,48,41,1492,111,162,43
female,66,185,48,high,gain_weight,70,36,2812,108,451,63
male,60,171,19,low,gain_weight,69,48,2272,117,304,64
female,94,178,40,moderate,gain_weight,116,73,2819,157,349,87
male,82,180,27,low,lose_weight,54,140,1437,155,96,47
female,52,168,28,moderate,lose_weight,44,72,1328,101,143,38
female,98,168,39,low,lose_weight,76,69,1321,213,36,35
male,63,163,32,high,gain_weight,65,123,2867,134,375,91
female,51,181,25,low,gain_weight,54,70,1932,105,269,48
male,62,160,31,moderate,build_muscle,65,31,2600,117,351,80
female,56,160,39,low,build_muscle,71,173,1922,106,266,47
female,90,186,47,moderate,gain_weight,97,108,2743,193,348,63
female,96,171,29,moderate,gain_weight,117,79,3080,183,406,80
female,87,173,30,low,build_muscle,90,81,2208,148,258,64
female,79,162,22,moderate,build_muscle,97,98,2632,140,325,85
male,71,168,21,moderate,build_muscle,84,109,2794,131,377,84
male,86,169,39,moderate,gain_weight,109,47,2948,169,381,83
male,85,167,21,moderate,gain_weight,103,62,3165,160,450,80
male,84,187,35,high,build_muscle,107,35,3477,183,443,108
male,98,190,47,high,lose_weight,67,71,2662,211,282,76
female,61,188,42,moderate,build_muscle,65,174,2622,116,404,60
male,71,183,50,moderate,build_muscle,78,127,2963,131,416,85
female,78,187,29,moderate,build_muscle,92,132,2881,126,399,86
male,82,163,33,low,lose_weight,62,110,1312,177,62,39
female,55,174,26,moderate,lose_weight,42,68,1332,96,144,41
male,82,185,49,moderate,build_muscle,103,175,2942,169,398,74
male,92,187,39,moderate,build_muscle,117,133,3271,172,429,96
female,59,153,21,moderate,gain_weight,76,66,2332,112,350,53
female,77,167,26,high,lose_weight,54,100,1891,164,203,46
female,70,165,50,high,gain_weight,86,94,2666,135,384,65
female,60,163,37,high,lose_weight,38,73,1414,102,152,43
female,74,180,46,low,lose_weight,49,117,1021,136,51,29
male,67,182,20,low,lose_weight,47,115,1344,122,121,40
male,57,172,49,moderate,lose_weight,43,43,1428,99,166,40
male,69,186,41,low,build_muscle,84,118,2406,121,326,68
male,52,157,38,high,gain_weight,66,45,2626,106,364,82
male,52,170,46,high,gain_weight,54,72,2624,84,385,82
female,52,181,40,high,lose_weight,39,150,1604,84,207,48
male,57,172,23,low,build_muscle,65,117,2314,109,295,77
male,53,168,24,moderate,lose_weight,45,38,1585,97,205,41
female,85,176,46,low,build_muscle,90,72,2149,139,287,49
male,57,185,41,moderate,build_muscle,62,134,2691,100,425,65
male,99,155,28,moderate,build_muscle,108,132,3195,171,429,88
male,60,156,32,low,lose_weight,36,33,1077,117,95,25
male,75,160,36,moderate,lose_weight,46,164,1741,163,157,50
male,97,165,35,low,lose_weight,81,86,1589,179,129,39
male,95,160,45,high,lose_weight,70,138,2197,179,223,65
male,62,171,38,moderate,build_muscle,66,135,2528,119,377,60
female,60,157,37,low,gain_weight,66,41,1889,126,214,58
male,66,160,30,moderate,build_muscle,75,106,2655,140,387,60
female,71,185,34,low,build_muscle,80,151,2177,155,267,53
male,92,159,33,high,lose_weight,83,111,2485,154,323,63
female,92,151,42,low,build_muscle,111,124,2167,199,198,64
female,63,165,37,low,gain_weight,72,90,1865,124,232,48
female,58,153,25,moderate,build_muscle,60,103,2262,106,343,51
female,78,167,46,high,build_muscle,85,82,2718,146,370,71
female,58,153,31,high,gain_weight,65,148,2402,125,335,62
female,72,185,43,high,build_muscle,82,125,2916,150,364,95
male,74,174,50,moderate,gain_weight,77,46,2673,139,392,61
female,93,152,35,low,lose_weight,56,172,1126,193,6,36
female,89,174,28,high,build_muscle,94,101,3326,163,438,102
female,50,181,42,low,gain_weight,59,84,1776,98,235,48
male,76,190,29,moderate,lose_weight,62,150,2060,162,206,65
female,65,175,46,low,build_muscle,71,104,1907,121,227,57
female,100,182,48,low,build_muscle,121,170,2378,171,285,61
female,85,179,43,high,build_muscle,91,94,2997,136,461,66
female,68,185,47,high,lose_weight,54,66,1717,125,209,41
male,51,176,42,low,lose_weight,35,174,1039,86,110,27
female,61,183,23,high,build_muscle,76,74,2882,98,463,70
female,59,151,37,high,gain_weight,76,115,2468,99,393,55
male,59,182,25,moderate,gain_weight,66,55,2923,121,430,79
male,82,150,25,high,gain_weight,92,51,3153,151,466,75
female,88,167,28,high,gain_weight,103,150,3072,177,365,99
female,74,168,39,low,lose_weight,44,84,961,124,65,22
female,93,150,30,moderate,build_muscle,103,110,2633,181,285,85
female,71,171,34,low,build_muscle,86,42,2102,142,249,59
female,100,179,46,high,gain_weight,106,69,3191,219,340,105
male,82,154,28,high,build_muscle,105,32,3177,152,452,84
male,67,176,22,high,gain_weight,70,70,3028,109,439,92
female,96,185,18,low,gain_weight,105,169,2622,208,301,64
female,81,167,36,low,lose_weight,70,60,1029,144,48,28
male,95,187,21,high,gain_weight,99,59,3804,164,527,115
male,67,177,33,low,gain_weight,81,41,2187,109,276,71
male,97,189,20,high,build_muscle,102,87,3931,174,541,118
male,54,178,28,low,build_muscle,56,176,2093,87,325,49
female,98,150,33,high,lose_weight,93,44,1991,166,194,61
female,96,170,25,high,gain_weight,111,174,3254,182,414,96
female,100,173,29,high,gain_weight,123,72,3336,186,455,85
female,53,150,38,moderate,build_muscle,61,43,2001,97,258,64
female,76,167,49,high,build_muscle,98,92,2834,164,361,80
male,70,166,47,high,gain_weight,74,122,3022,124,406,99
male,79,171,37,high,lose_weight,68,140,2330,131,291,71
male,72,179,23,moderate,gain_weight,77,106,3019,156,391,92
female,97,152,36,moderate,gain_weight,108,85,2825,211,297,88
female,58,177,30,moderate,build_muscle,63,72,2541,126,347,71
male,80,152,25,high,build_muscle,104,119,3141,132,459,86
female,52,186,42,moderate,build_muscle,54,51,2271,98,348,53
male,81,190,21,low,gain_weight,88,73,2592,160,322,73
female,90,167,50,moderate,build_muscle,100,161,2708,188,311,78
female,70,182,29,moderate,lose_weight,48,79,1717,126,180,54
female,54,166,46,moderate,lose_weight,36,31,1198,105,107,38
female,94,189,50,moderate,gain_weight,116,90,2932,180,372,80
female,73,159,49,high,build_muscle,89,150,2661,122,369,76
female,65,160,33,low,gain_weight,68,91,1952,116,257,50
female,95,176,35,high,lose_weight,84,134,2343,181,281,54
male,77,163,42,low,build_muscle,93,87,2092,141,270,49
male,83,165,46,high,build_muscle,94,87,3183,137,478,79
male,70,183,22,low,lose_weight,52,112,1359,129,122,38
male,72,155,18,moderate,build_muscle,82,92,2792,143,385,75
male,58,155,21,high,build_muscle,62,90,2702,116,376,81
female,63,181,48,moderate,build_muscle,65,115,2440,137,294,79
female,71,170,36,low,build_muscle,91,48,1991,131,263,45
female,50,176,32,low,build_muscle,54,98,1857,107,242,50
male,79,179,38,low,gain_weight,95,150,2476,134,359,55
female,54,183,25,high,build_muscle,57,95,2661,91,435,61
female,72,164,31,high,gain_weight,82,174,2725,122,401,69
female,73,167,48,high,lose_weight,59,153,1617,130,152,53
male,82,163,34,low,build_muscle,104,90,2231,168,239,66
male,59,163,22,moderate,build_muscle,62,138,2688,128,347,87
male,67,173,32,moderate,gain_weight,87,163,2817,140,414,66
male,80,181,34,moderate,lose_weight,53,125,2090,143,248,58
female,77,150,40,moderate,gain_weight,92,106,2377,140,308,64
male,72,159,32,moderate,lose_weight,67,178,2151,138,266,59
male,98,190,20,low,build_muscle,127,154,2850,199,349,72
female,68,151,19,high,gain_weight,77,180,2675,138,373,69
male,92,165,28,high,build_muscle,97,83,3412,160,486,91
male,65,177,32,low,lose_weight,39,65,1315,141,97,40
female,64,176,43,low,gain_weight,83,91,2084,110,301,48
female,80,164,42,high,lose_weight,54,65,1855,149,177,60
female,52,159,27,low,gain_weight,57,154,1623,112,182,49
male,69,155,24,high,lose_weight,53,88,1900,141,226,47
male,52,158,47,low,build_muscle,61,125,1778,107,208,56
male,78,152,34,low,gain_weight,82,160,2305,152,273,66
male,80,185,44,moderate,lose_weight,61,47,2000,135,247,52
female,83,168,30,high,build_muscle,91,120,3126,164,382,104
female,52,177,28,low,build_muscle,66,69,1784,109,214,54
female,93,168,34,low,lose_weight,75,78,1358,179,80,35
female,57,154,44,moderate,lose_weight,41,161,1125,107,98,33
male,59,165,44,low,gain_weight,75,58,1978,127,249,52
male,63,170,42,moderate,gain_weight,69,106,2607,102,394,68
female,54,167,27,moderate,lose_weight,47,81,1353,86,180,31
male,81,166,30,moderate,gain_weight,84,108,2898,171,375,78
male,85,180,45,low,build_muscle,94,45,2477,166,306,65
male,69,170,19,low,lose_weight,53,32,1350,137,125,33
female,71,182,47,high,lose_weight,66,164,2364,148,309,58
male,79,183,40,moderate,gain_weight,86,117,3140,168,393,99
male,71,184,21,moderate,gain_weight,82,109,3027,131,457,74
female,62,159,42,low,gain_weight,70,153,1809,104,215,58
male,62,167,19,low,lose_weight,54,37,1106,112,96,30
male,100,181,25,low,gain_weight,103,138,2760,185,319,82
male,95,172,19,moderate,build_muscle,119,137,3475,200,470,87
female,65,178,39,high,gain_weight,83,123,2838,119,417,76
male,85,174,49,low,build_muscle,89,122,2353,138,281,74
female,81,152,49,moderate,lose_weight,55,32,1442,176,85,43
male,70,159,31,moderate,lose_weight,48,151,1667,137,184,42
male,87,187,32,high,build_muscle,111,140,3644,164,535,93
female,54,157,49,high,lose_weight,47,43,1247,93,144,32
male,95,176,41,high,lose_weight,79,93,2567,170,327,64
male,51,163,43,low,lose_weight,43,69,913,92,71,28
male,56,182,31,moderate,lose_weight,48,160,1924,92,272,51
male,53,173,34,low,gain_weight,68,88,2033,95,263,66
male,59,182,49,high,build_muscle,68,110,2856,119,418,78
female,62,183,44,high,lose_weight,43,42,1769,134,178,57
male,74,186,34,low,lose_weight,65,151,1663,122,209,37
male,52,182,19,moderate,build_muscle,64,56,2827,97,460,66
female,90,183,28,low,lose_weight,54,128,1464,191,100,32
female,89,169,23,moderate,lose_weight,54,137,1920,145,226,47
male,70,151,18,high,build_muscle,88,86,3036,112,444,89
male,100,154,19,low,lose_weight,61,157,1559,185,97,47
female,80,181,38,low,gain_weight,93,104,2240,168,224,74
female,100,167,33,low,gain_weight,123,158,2415,170,311,53
female,65,180,25,low,lose_weight,57,139,1390,123,146,34
male,99,176,20,high,gain_weight,127,34,3825,160,537,114
female,81,164,37,moderate,gain_weight,104,119,2526,139,308,81
female,74,188,29,moderate,gain_weight,84,74,2707,156,336,81
female,51,170,46,high,lose_weight,46,66,1448,87,184,40
male,69,187,25,low,lose_weight,45,40,1305,141,114,31
female,74,153,48,moderate,build_muscle,80,130,2366,131,311,66
male,97,164,50,moderate,build_muscle,110,87,2913,210,367,67
female,50,166,33,high,gain_weight,54,91,2504,103,361,71
male,99,166,48,moderate,build_muscle,122,62,3077,175,428,73
male,98,184,35,moderate,build_muscle,104,179,3429,161,510,82
male,59,170,46,high,build_muscle,62,36,2912,109,414,90
female,86,173,21,high,lose_weight,69,118,2257,181,254,56
female,53,187,28,moderate,lose_weight,31,180,1458,90,167,47
male,66,164,22,moderate,gain_weight,83,172,2890,136,379,91
male,69,154,38,high,build_muscle,73,142,2820,125,400,79
male,77,166,35,moderate,lose_weight,56,45,1827,169,195,40
female,85,185,48,moderate,gain_weight,90,141,2850,173,326,94
female,56,178,25,low,lose_weight,34,95,1058,96,113,24
male,60,170,45,moderate,lose_weight,46,38,1619,116,175,50
female,62,154,36,moderate,build_muscle,69,126,2203,100,316,59
female,98,169,39,high,build_muscle,102,141,3143,194,384,91
male,91,177,43,high,gain_weight,112,145,3418,164,501,83
male,62,179,27,moderate,lose_weight,40,130,1826,108,252,42
female,55,168,50,high,build_muscle,64,170,2339,102,332,66
male,91,165,50,high,build_muscle,98,142,3248,147,430,103
male,64,167,50,moderate,gain_weight,67,139,2685,125,380,73
male,79,182,30,high,build_muscle,90,82,3310,149,471,91
female,100,158,31,low,gain_weight,103,91,2223,208,188,70
female,57,189,42,low,build_muscle,62,56,1855,101,262,44
female,53,167,46,moderate,lose_weight,31,100,1074,92,100,33
female,71,163,24,low,build_muscle,82,113,1999,129,258,49
male,86,189,28,low,gain_weight,89,51,2581,142,356,65
male,71,150,28,high,gain_weight,91,179,2990,147,437,72
male,88,190,44,high,gain_weight,92,135,3597,192,436,119
male,91,176,40,high,lose_weight,74,105,2493,185,276,71
male,50,173,27,moderate,build_muscle,63,85,2619,106,412,60
male,65,182,28,moderate,lose_weight,57,33,1865,123,245,43
female,95,169,20,moderate,lose_weight,85,99,2019,160,231,50
male,77,154,34,high,build_muscle,89,87,3171,165,428,88
male,74,150,24,low,gain_weight,94,89,2163,161,249,57
female,94,172,23,high,build_muscle,98,42,3280,186,467,73
female,51,162,22,moderate,lose_weight,31,156,1202,103,111,37
female,52,182,21,moderate,build_muscle,64,134,2474,85,368,73
male,79,179,46,moderate,lose_weight,66,80,1824,173,146,60
female,84,160,18,moderate,lose_weight,77,151,2097,176,225,54
male,85,190,22,high,lose_weight,76,112,2622,180,304,76
male,58,152,24,moderate,gain_weight,62,55,2530,102,393,60
female,60,177,36,high,build_muscle,78,53,2721,115,363,89
female,64,178,31,moderate,build_muscle,77,89,2640,137,333,84
female,73,177,22,moderate,gain_weight,80,109,2853,158,394,71
male,61,174,30,low,gain_weight,67,174,2282,118,310,62
female,82,189,40,moderate,lose_weight,53,79,1921,179,199,45
male,59,173,27,low,build_muscle,63,63,2348,98,360,56
male,93,171,30,low,gain_weight,107,175,2568,158,337,64
female,58,156,34,high,build_muscle,72,71,2318,125,295,70
male,73,175,43,low,build_muscle,94,52,2218,118,311,55
female,71,175,39,low,gain_weight,90,42,1930,129,218,60
female,63,185,49,moderate,build_muscle,71,52,2517,118,380,58
male,56,154,18,low,build_muscle,71,92,1975,113,260,53
female,64,156,25,low,gain_weight,70,122,1882,107,231,58
male,54,182,22,high,lose_weight,33,103,2034,112,280,51
female,78,181,20,high,build_muscle,100,158,3213,133,462,92
female,68,161,29,moderate,lose_weight,52,114,1389,147,118,36
female,80,186,41,high,build_muscle,94,60,3084,131,482,70
male,63,173,23,high,build_muscle,67,59,3236,120,506,80
female,91,166,33,high,build_muscle,104,105,3023,174,423,70
male,80,171,42,low,gain_weight,85,96,2385,153,318,55
male,64,152,42,high,gain_weight,71,146,2736,104,386,86
female,52,152,32,high,build_muscle,61,86,2335,107,323,67
male,84,155,26,low,lose_weight,67,166,1242,159,65,38
female,67,169,43,low,lose_weight,42,148,909,136,37,24
male,61,181,20,moderate,build_muscle,77,133,2882,105,433,80
female,93,164,36,moderate,gain_weight,106,89,2807,185,369,65
male,99,169,49,low,build_muscle,107,121,2499,215,281,56
male,65,155,48,moderate,gain_weight,79,117,2517,121,325,81
female,95,158,46,moderate,gain_weight,101,45,2700,171,308,86
male,82,172,30,moderate,build_muscle,88,88,3066,138,399,101
male,79,160,20,high,build_muscle,87,114,3286,155,455,93
male,63,181,30,high,lose_weight,40,43,2134,120,273,62
female,58,168,46,high,lose_weight,35,105,1531,102,166,50
female,95,187,23,high,gain_weight,115,117,3628,194,448,117
female,93,188,25,moderate,lose_weight,60,48,2117,149,224,69
female,62,153,26,moderate,lose_weight,52,62,1392,122,145,35
female,81,171,18,high,gain_weight,90,151,3140,154,467,72
male,76,187,22,moderate,gain_weight,80,144,3114,166,389,99
male,93,159,46,high,build_muscle,103,157,3203,170,440,84
male,58,187,32,moderate,gain_weight,70,130,2833,93,404,93
male,84,169,22,moderate,build_muscle,99,167,3183,171,440,81
male,79,165,41,low,build_muscle,95,109,2372,134,325,59
male,62,152,24,low,build_muscle,70,157,1902,100,279,42
female,73,150,39,moderate,gain_weight,92,133,2334,144,274,73
female,93,161,34,high,lose_weight,83,65,1987,176,181,61
male,60,174,28,moderate,build_muscle,64,119,2713,108,378,85
male,84,189,41,moderate,gain_weight,94,109,3255,136,444,103
male,53,162,43,low,lose_weight,48,66,1003,108,89,23
male,55,151,46,high,build_muscle,59,155,2418,103,346,68
male,71,161,26,high,gain_weight,92,151,2909,132,407,83
male,66,168,28,moderate,lose_weight,44,52,1816,132,226,42
male,55,171,22,high,gain_weight,68,31,2956,95,452,85
male,70,178,49,high,gain_weight,84,118,3131,122,459,89
female,98,179,29,low,gain_weight,111,163,2367,177,239,77
male,81,175,28,high,gain_weight,97,154,3251,176,422,94
male,100,156,26,high,lose_weight,82,43,2572,183,309,67
female,50,178,18,high,lose_weight,38,124,1584,103,176,51
female,80,158,19,moderate,build_muscle,97,135,2790,149,388,71
female,89,164,32,moderate,gain_weight,109,58,2858,158,345,93
female,95,159,27,high,lose_weight,68,180,2185,152,259,59
male,67,169,29,moderate,gain_weight,76,89,2687,118,360,86
male,76,167,50,low,gain_weight,88,160,2227,151,245,71
male,73,160,40,high,build_muscle,77,44,2996,138,410,89
male,82,172,38,low,build_muscle,87,148,2380,136,315,63
female,92,189,23,moderate,gain_weight,112,136,3200,197,431,75
male,68,162,24,high,build_muscle,70,89,2906,131,387,92
male,90,163,41,low,gain_weight,103,100,2426,164,260,80
female,77,178,41,low,build_muscle,87,157,2077,166,240,49
female,77,161,41,low,gain_weight,95,102,1957,157,186,64
male,58,160,49,moderate,build_muscle,65,138,2367,94,326,75
male,61,150,27,low,gain_weight,69,148,1979,132,216,64
female,95,187,22,low,gain_weight,111,34,2499,197,240,82
male,54,177,20,moderate,lose_weight,32,132,1758,88,233,52
female,64,187,18,moderate,gain_weight,82,165,2652,124,350,83
male,69,170,48,high,build_muscle,84,146,2895,142,395,82
female,67,162,47,moderate,gain_weight,83,62,2226,129,287,61
female,55,180,40,moderate,gain_weight,68,100,2513,98,402,56
male,92,185,49,high,build_muscle,100,43,3611,173,510,97
female,82,162,21,low,build_muscle,106,92,2309,157,292,56
female,85,188,31,moderate,gain_weight,102,51,2968,160,368,94
female,82,156,44,high,build_muscle,91,163,2858,148,396,75
female,56,171,36,low,build_muscle,68,154,1841,112,248,44
male,85,154,32,moderate,build_muscle,103,82,2907,164,349,94
male,98,176,50,moderate,build_muscle,107,57,3186,200,362,103
female,58,164,27,low,gain_weight,72,172,1927,125,243,50
female,98,182,36,low,gain_weight,101,72,2405,172,295,59
male,73,153,41,low,gain_weight,77,120,2139,138,274,54
male,95,175,36,moderate,build_muscle,110,101,3232,165,455,83
female,57,159,34,low,gain_weight,70,57,1749,111,231,41
female,82,173,24,high,gain_weight,92,157,3157,134,475,79
female,55,180,37,high,build_muscle,61,144,2649,100,386,78
male,61,186,26,high,build_muscle,78,139,3251,125,512,78
male,52,172,27,high,gain_weight,56,147,2859,90,478,64
female,100,163,46,low,build_muscle,110,145,2162,204,217,52
female,83,183,35,low,gain_weight,86,53,2132,166,211,68
female,79,167,49,low,gain_weight,84,75,2009,154,206,63
female,68,189,24,low,gain_weight,72,169,2234,136,282,62
male,81,161,44,moderate,gain_weight,93,142,2750,138,353,86
male,68,154,25,moderate,gain_weight,78,130,2807,138,398,73
female,89,158,37,moderate,lose_weight,54,179,1748,183,140,50
female,76,150,40,low,build_muscle,85,149,1923,136,213,57
male,76,150,49,high,build_muscle,97,174,2794,148,402,65
male,96,181,32,moderate,gain_weight,98,97,3203,193,386,98
female,52,188,48,high,gain_weight,66,102,2536,114,356,72
female,77,170,39,high,gain_weight,96,109,2852,146,409,69
female,57,189,32,low,lose_weight,35,138,1106,112,85,34
male,61,182,38,low,build_muscle,75,158,2226,132,277,65
female,57,151,30,high,gain_weight,72,99,2406,101,360,61
female,78,172,23,moderate,build_muscle,95,94,2789,159,387,66
male,82,169,42,moderate,lose_weight,62,174,1927,158,209,50
female,93,187,25,low,gain_weight,119,106,2486,158,311,67
female,87,163,22,moderate,build_muscle,93,90,2739,159,376,66
female,92,155,49,low,lose_weight,59,134,1122,199,23,25
female,98,153,32,low,gain_weight,122,132,2200,169,247,59
male,66,182,25,moderate,gain_weight,72,126,2855,139,370,90
male,81,176,29,low,build_muscle,99,35,2516,151,292,81
male,50,183,34,moderate,build_muscle,62,129,2546,83,425,56
male,50,190,40,moderate,lose_weight,36,112,1712,106,211,48
female,51,159,34,high,gain_weight,57,161,2475,103,335,80
male,64,178,44,moderate,lose_weight,38,122,1758,115,228,42
female,57,185,41,low,build_muscle,70,36,2026,109,267,57
male,100,185,34,low,lose_weight,72,73,1748,215,120,44
male,85,173,41,high,gain_weight,106,99,3325,161,488,80
male,75,187,37,moderate,gain_weight,79,78,3002,137,409,90
male,56,160,46,low,gain_weight,61,39,1895,104,257,49
male,56,161,27,low,gain_weight,62,102,1923,104,268,47
male,73,190,41,high,gain_weight,93,78,3429,138,529,84
female,57,159,47,moderate,build_muscle,67,127,2133,92,303,60
female,73,167,25,moderate,gain_weight,84,83,2654,135,381,64
male,53,182,39,moderate,build_muscle,67,145,2613,86,384,81
female,94,163,34,high,build_muscle,122,125,3071,192,418,69
female,64,169,43,low,gain_weight,68,68,1795,109,234,46
female,57,153,18,high,lose_weight,41,141,1466,106,162,43
female,67,175,27,low,build_muscle,81,47,2105,146,228,67
male,74,176,34,moderate,gain_weight,77,81,2839,139,359,93
male,89,151,45,high,build_muscle,109,164,3196,183,449,73
male,90,169,28,moderate,build_muscle,99,147,3065,195,355,95
male,54,175,43,moderate,gain_weight,62,81,2627,103,421,58
male,88,179,31,low,lose_weight,79,95,1542,175,121,39
male,90,183,37,moderate,gain_weight,115,65,3220,197,402,90
female,82,169,48,moderate,gain_weight,92,52,2590,145,333,74
female,91,185,43,moderate,lose_weight,54,56,1855,173,154,60
male,84,150,46,high,lose_weight,51,97,1888,138,205,56
female,57,179,23,moderate,gain_weight,62,38,2442,103,374,58
male,53,158,26,low,lose_weight,38,141,959,109,70,26
female,65,183,23,moderate,build_muscle,74,120,2706,125,411,62
male,87,181,35,moderate,gain_weight,106,145,3052,172,412,79
male,73,190,26,moderate,gain_weight,84,49,2957,135,394,93
male,52,187,48,high,build_muscle,59,42,2890,92,474,69
male,89,182,19,moderate,build_muscle,105,125,3423,148,470,105
male,66,151,43,low,gain_weight,77,61,2093,111,262,66
female,52,155,22,moderate,lose_weight,35,45,1151,91,137,26
female,90,171,35,high,gain_weight,92,180,2994,185,349,95
male,91,173,47,moderate,lose_weight,56,165,2054,161,208,63
male,78,153,25,low,lose_weight,64,116,1223,146,71,39
male,94,158,45,high,build_muscle,107,116,3276,160,432,100
male,58,173,27,low,lose_weight,45,124,1114,101,108,30
female,82,155,45,low,gain_weight,85,180,1972,171,175,65
female,74,154,27,low,lose_weight,54,76,888,127,27,29
female,93,178,21,moderate,gain_weight,112,117,3138,164,411,92
female,83,162,48,moderate,build_muscle,95,51,2593,145,338,73
female,68,182,35,moderate,lose_weight,63,109,1985,127,225,63
male,51,159,41,low,build_muscle,62,173,1850,95,235,58
female,73,178,18,high,build_muscle,85,84,3062,126,469,75
female,83,165,39,high,lose_weight,66,156,1859,174,163,56
female,97,171,19,low,gain_weight,109,164,2429,207,217,80
male,61,177,45,low,gain_weight,68,168,1967,128,256,47
female,75,153,28,high,build_muscle,78,125,2792,163,373,71
male,67,166,22,moderate,lose_weight,45,73,1739,117,198,52
female,95,184,35,moderate,gain_weight,99,71,3187,167,445,81
female,85,153,19,low,gain_weight,95,74,2128,156,260,51
male,93,168,32,low,lose_weight,84,173,1852,154,205,45
male,59,185,24,high,gain_weight,63,177,3133,125,456,89
female,64,156,34,high,gain_weight,75,86,2610,106,353,85
female,98,150,46,low,gain_weight,123,38,2266,211,191,72
female,55,189,46,low,build_muscle,62,128,1844,118,232,49
male,55,186,48,high,gain_weight,58,99,2832,98,412,87
female,68,190,48,low,build_muscle,87,74,2053,126,274,50
female,54,159,40,high,lose_weight,47,90,1435,100,161,43
female,52,173,34,high,gain_weight,61,177,2564,105,373,72
male,98,168,24,moderate,lose_weight,75,180,2341,214,225,64
male,60,159,32,moderate,build_muscle,76,91,2701,114,414,65
male,80,189,38,moderate,build_muscle,86,81,3095,163,381,101
female,74,170,46,high,gain_weight,93,141,2803,157,343,88
male,63,168,23,moderate,build_muscle,71,135,2731,135,373,77
male,92,155,38,low,lose_weight,84,111,1542,176,101,47
female,75,179,39,low,gain_weight,85,104,2132,131,249,67
male,79,170,28,low,build_muscle,101,91,2342,173,251,71
female,61,158,39,moderate,gain_weight,75,162,2206,107,293,66
female,72,190,18,moderate,lose_weight,62,115,1948,141,211,59
male,75,159,29,high,lose_weight,69,86,2240,127,294,61
male,66,175,38,high,build_muscle,72,134,3014,105,458,83
male,77,184,26,high,gain_weight,92,122,3436,153,457,109
male,66,167,37,moderate,gain_weight,69,150,2782,125,418,67
male,53,167,31,high,lose_weight,42,111,1803,88,270,40
female,92,184,34,high,build_muscle,114,61,3356,156,474,92
male,59,184,19,moderate,build_muscle,61,143,3003,109,486,68
female,56,160,46,low,gain_weight,70,91,1730,93,240,44
female,81,163,49,moderate,build_muscle,85,94,2500,143,303,79
female,57,178,46,moderate,lose_weight,47,82,1254,114,136,28
male,60,175,39,high,build_muscle,65,78,2920,129,420,80
male,59,179,19,moderate,lose_weight,44,159,1855,115,251,43
male,62,176,45,moderate,lose_weight,37,40,1694,109,225,39
male,68,151,29,high,build_muscle,74,44,3018,144,438,76
female,67,151,43,moderate,lose_weight,61,54,1233,125,99,37
female,70,181,33,moderate,gain_weight,75,132,2654,140,386,60
female,58,171,50,low,build_muscle,61,161,1751,115,197,55
male,95,188,41,moderate,gain_weight,116,178,3261,184,424,91
female,79,160,40,moderate,lose_weight,69,40,1433,172,84,45
male,74,154,39,moderate,lose_weight,61,175,1717,136,207,38
female,97,186,29,high,gain_weight,104,66,3546,202,477,91
male,69,189,29,high,build_muscle,76,122,3349,142,478,95
female,67,168,44,high,build_muscle,75,112,2700,127,362,82
male,87,163,42,low,lose_weight,78,85,1248,167,76,30
female,69,160,21,high,build_muscle,88,65,2807,117,437,65
female,90,184,21,high,gain_weight,96,106,3424,166,490,88
male,55,169,18,moderate,gain_weight,63,70,2789,101,411,82
female,98,171,37,moderate,lose_weight,84,143,1937,172,182,57
male,72,189,33,high,lose_weight,55,134,2376,133,338,54
female,55,183,27,moderate,build_muscle,64,46,2557,110,360,74
male,53,183,33,low,lose_weight,42,156,1233,97,121,39
male,93,166,35,high,lose_weight,59,105,2463,204,258,67
male,51,176,20,high,build_muscle,55,105,2875,102,440,78
male,93,160,33,high,build_muscle,100,57,3458,194,414,113
male,96,158,38,moderate,build_muscle,104,129,2999,157,376,95
female,74,157,36,low,build_muscle,89,76,1952,135,218,59
female,100,187,47,moderate,gain_weight,118,109,3134,167,443,76
male,65,178,33,moderate,build_muscle,72,156,2790,108,393,87
male,99,158,32,high,lose_weight,93,170,2930,173,364,86
female,50,188,44,moderate,build_muscle,55,32,2352,105,364,52
female,83,171,50,low,build_muscle,102,168,2079,138,243,61
female,83,172,21,high,lose_weight,71,115,2200,170,258,53
female,74,158,39,moderate,build_muscle,82,129,2438,120,331,70
female,64,157,44,low,build_muscle,79,179,1722,132,200,43
male,71,175,41,moderate,gain_weight,75,30,2819,142,400,71
male,80,182,23,high,build_muscle,82,71,3605,145,544,93
male,70,159,32,low,build_muscle,88,154,2311,123,311,63
male,88,188,22,moderate,lose_weight,70,133,2351,172,261,68
female,65,162,43,low,gain_weight,77,47,1837,105,242,49
female,56,179,50,low,lose_weight,51,61,904,98,80,20
male,52,165,47,moderate,lose_weight,31,43,1412,113,163,34
male,86,150,25,high,gain_weight,94,153,3240,147,429,103
female,84,187,46,low,gain_weight,87,123,2364,149,290,67
female,54,188,48,moderate,lose_weight,41,132,1250,116,109,38
female,71,177,19,low,build_muscle,80,137,2212,121,300,58
female,90,164,49,moderate,build_muscle,114,99,2621,184,319,67
female,95,188,40,low,lose_weight,67,37,1431,162,111,37
female,54,175,19,high,gain_weight,58,173,2735,96,400,82
female,58,185,26,moderate,lose_weight,52,98,1739,117,204,50
female,56,151,47,moderate,lose_weight,42,65,1043,103,84,32
male,58,183,32,moderate,build_muscle,73,160,2728,102,407,76
female,98,183,45,high,build_muscle,114,140,3355,167,477,86
male,59,179,44,high,lose_weight,54,108,2317,103,325,66
female,56,174,28,low,lose_weight,39,144,881,92,73,23
male,64,187,24,low,build_muscle,80,169,2354,128,292,74
male,91,176,29,moderate,build_muscle,110,43,3248,193,411,92
female,95,176,28,high,gain_weight,97,160,3372,199,435,92
male,94,189,25,moderate,gain_weight,101,169,3412,169,495,83
female,55,184,25,high,lose_weight,35,115,1689,104,225,41
female,72,165,44,high,gain_weight,78,154,2525,133,315,81
female,66,154,49,high,lose_weight,46,143,1306,120,113,40
female,70,156,22,high,build_muscle,91,60,2713,142,382,68
male,66,161,27,moderate,gain_weight,85,143,2835,124,399,82
female,61,170,38,moderate,build_muscle,67,92,2397,110,368,53
female,97,169,39,low,gain_weight,109,93,2397,158,266,77
male,66,162,32,low,build_muscle,75,30,2134,133,290,48
female,94,163,48,moderate,lose_weight,70,32,1627,156,150,44
female,68,188,47,high,build_muscle,88,51,2871,115,440,72
male,93,152,29,moderate,build_muscle,104,131,3066,180,391,86
male,80,162,49,moderate,gain_weight,82,78,2647,130,397,59
male,54,177,44,moderate,gain_weight,57,112,2453,115,363,59
female,78,172,38,low,build_muscle,89,60,2137,129,246,70
female,84,151,43,low,build_muscle,105,112,2055,144,230,61
male,97,174,20,low,gain_weight,116,102,2711,190,310,78
female,56,153,38,high,gain_weight,63,157,2243,122,278,71
male,88,158,26,moderate,build_muscle,93,169,2981,186,361,87
female,67,158,38,low,build_muscle,83,146,1783,136,198,49
male,75,169,39,moderate,lose_weight,70,33,1853,147,196,52
female,77,180,42,moderate,lose_weight,61,41,1623,165,128,49
male,95,168,32,moderate,gain_weight,103,114,3143,188,404,85
male,72,187,30,high,gain_weight,90,33,3311,156,446,99
female,71,190,48,moderate,lose_weight,58,65,1529,135,167,35
male,63,165,47,moderate,lose_weight,57,131,1783,130,193,53
female,63,188,18,high,build_muscle,77,154,2985,126,415,90
male,62,160,39,high,lose_weight,46,127,1792,101,221,55
male,52,181,40,high,build_muscle,56,90,2865,102,418,86
male,84,173,42,high,lose_weight,66,59,2205,147,261,63
female,90,175,27,low,lose_weight,58,71,1332,179,76,34
male,55,180,42,high,lose_weight,44,103,1928,94,247,62
female,76,175,28,moderate,lose_weight,48,93,1738,149,157,56
male,53,178,37,high,gain_weight,57,138,2872,94,430,85
female,95,190,30,low,gain_weight,114,152,2615,154,318,80
female,74,152,30,moderate,build_muscle,94,178,2407,137,313,67
male,66,178,18,moderate,gain_weight,81,175,3051,113,478,75
female,72,171,40,high,build_muscle,78,91,2661,120,397,65
male,82,160,35,moderate,gain_weight,97,77,2870,138,435,63
male,80,165,28,moderate,lose_weight,66,125,1975,142,235,51
female,57,172,27,high,build_muscle,73,171,2676,104,395,75
male,56,189,28,high,build_muscle,63,114,2949,104,418,95
female,90,187,47,high,build_muscle,114,104,3201,165,460,77
female,66,158,19,moderate,build_muscle,68,41,2358,142,304,63
male,85,176,30,high,build_muscle,87,169,3494,174,445,112
male,94,184,21,low,build_muscle,100,145,2722,155,378,65
female,55,154,19,high,build_muscle,70,82,2530,101,345,82
female,53,167,43,moderate,gain_weight,64,170,2250,90,311,71
female,61,178,25,low,build_muscle,74,127,2030,128,229,66
male,97,163,42,moderate,gain_weight,103,68,3007,209,360,80
male,81,179,49,low,lose_weight,60,127,1314,148,113,29
female,90,155,49,moderate,gain_weight,93,126,2639,166,359,59
male,60,173,46,high,gain_weight,69,36,2841,122,443,64
female,87,184,24,moderate,lose_weight,79,119,2159,160,237,63
female,61,174,38,high,build_muscle,73,141,2527,99,385,65
male,58,164,48,moderate,build_muscle,73,46,2511,113,364,66
female,53,171,36,low,gain_weight,55,119,1812,88,255,48
male,60,152,42,high,build_muscle,73,52,2679,118,367,81
male,97,152,46,moderate,gain_weight,109,156,3032,193,375,83
female,86,156,43,low,gain_weight,90,123,2049,145,261,46
male,91,182,46,low,gain_weight,113,105,2495,171,285,74
male,60,184,47,low,lose_weight,44,107,1133,125,86,31
female,62,181,27,low,lose_weight,37,81,967,104,75,27
male,88,170,47,high,build_muscle,93,123,3383,151,494,88
female,94,168,39,high,lose_weight,62,116,2211,188,224,62
female,86,186,49,low,lose_weight,54,100,1334,180,60,41
female,59,151,35,low,gain_weight,67,74,1712,109,222,43
female,54,158,33,moderate,lose_weight,48,70,1175,86,125,36
female,62,172,34,moderate,gain_weight,69,109,2509,101,369,69
female,99,179,27,moderate,lose_weight,92,90,2170,196,225,53
female,52,184,30,moderate,lose_weight,35,149,1444,99,172,39
male,71,179,35,high,build_muscle,86,166,3325,155,464,93
female,74,189,40,low,lose_weight,65,108,1138,134,91,26
female,89,154,19,high,gain_weight,93,41,2973,169,387,82
male,55,159,35,moderate,build_muscle,70,137,2412,110,347,64
female,62,168,19,moderate,build_muscle,65,72,2540,114,363,69
female,52,186,41,high,gain_weight,66,100,2556,83,373,80
female,97,190,19,high,gain_weight,113,111,3611,175,466,115
female,55,186,46,high,lose_weight,36,118,1674,119,181,52
male,60,152,31,moderate,gain_weight,71,128,2498,107,339,79
male,92,190,41,low,gain_weight,94,87,2641,190,334,60
female,55,158,39,moderate,build_muscle,71,163,2013,92,298,49
male,93,171,36,low,build_muscle,102,125,2596,161,312,77
male,75,163,44,low,gain_weight,89,104,2089,122,267,58
female,63,163,35,low,build_muscle,65,43,1836,106,225,56
female,59,164,25,high,build_muscle,72,171,2650,121,386,68
female,87,182,50,high,lose_weight,82,30,2090,148,250,54
female,99,189,44,moderate,gain_weight,109,145,3149,193,413,80
female,51,163,37,high,gain_weight,65,137,2324,108,328,64
female,71,151,20,high,gain_weight,85,122,2688,127,371,76
female,67,161,19,low,lose_weight,57,153,1280,126,122,31
male,53,151,45,high,gain_weight,59,167,2380,88,381,55
female,68,156,37,low,build_muscle,84,119,1841,118,227,50
female,67,171,26,high,lose_weight,48,102,1707,109,202,51
male,54,187,33,moderate,lose_weight,40,145,1762,87,253,44
male,51,187,32,high,build_muscle,65,100,2979,98,449,87
male,85,173,42,moderate,build_muscle,93,64,2987,141,420,82
female,61,169,33,low,build_muscle,63,145,1888,111,231,57
female,65,168,50,high,gain_weight,84,34,2518,136,305,83
male,73,176,30,high,lose_weight,68,161,2678,152,324,85
male,82,159,47,high,build_muscle,93,131,3086,146,439,82
male,84,168,32,moderate,build_muscle,87,111,3047,139,453,74
male,93,173,46,low,build_muscle,95,74,2511,171,290,73
male,90,158,27,moderate,build_muscle,115,110,3180,195,374,100
female,89,156,28,moderate,lose_weight,65,56,1727,163,180,39
female,78,161,38,high,lose_weight,55,142,1857,154,192,51
female,82,178,42,low,build_muscle,84,78,2185,131,297,52
female,59,158,31,moderate,build_muscle,66,120,2297,127,276,75
female,83,157,35,high,build_muscle,99,111,3009,164,380,92
female,77,176,32,moderate,build_muscle,100,177,2782,132,380,81
female,88,173,34,high,lose_weight,57,97,2055,188,214,49
male,50,182,46,moderate,build_muscle,57,94,2450,95,343,77
male,98,186,29,moderate,build_muscle,105,141,3412,187,421,108
female,66,188,23,high,gain_weight,74,82,3067,140,430,86
female,100,181,39,moderate,lose_weight,66,92,2132,198,186,66
male,81,150,27,moderate,gain_weight,102,127,2768,144,345,89
female,88,169,23,moderate,build_muscle,95,83,2829,148,382,78
female,98,178,50,high,gain_weight,123,117,3198,186,423,84
female,82,169,26,high,build_muscle,87,45,2993,155,436,69
male,91,162,40,low,gain_weight,109,112,2407,159,305,60
male,59,173,48,low,build_muscle,64,65,2137,96,330,47
female,58,166,22,low,build_muscle,69,131,2017,126,237,62
female,65,174,35,high,gain_weight,67,77,2623,131,358,73
female,65,168,35,low,gain_weight,78,69,2024,119,247,61
female,76,173,19,high,gain_weight,94,94,2988,163,402,80
female,65,190,44,low,build_muscle,84,83,2200,112,274,72
female,57,181,28,high,build_muscle,71,176,2841,93,409,92
female,65,158,41,low,gain_weight,76,87,1802,110,230,49
female,71,186,33,moderate,lose_weight,52,44,1663,151,166,43
female,77,163,24,low,build_muscle,85,37,2082,137,275,47
female,90,158,45,low,gain_weight,105,64,2142,154,222,70
male,94,182,27,high,lose_weight,61,66,2623,195,290,75
male,69,177,18,low,build_muscle,74,168,2252,128,271,72
female,60,169,46,moderate,lose_weight,50,49,1176,109,113,31
female,92,161,36,moderate,build_muscle,107,176,2679,149,340,79
female,51,184,20,high,build_muscle,54,69,2803,84,415,89
female,50,158,29,moderate,gain_weight,57,180,2201,88,350,49
female,66,185,34,low,lose_weight,42,160,1122,130,68,36
female,62,187,34,low,lose_weight,43,177,1091,104,89,35
female,52,173,22,low,lose_weight,35,81,940,91,81,27
female,100,185,44,moderate,build_muscle,106,127,3065,210,333,98
female,66,185,25,moderate,build_muscle,79,129,2845,110,429,76
male,80,183,26,low,gain_weight,84,170,2409,159,293,66
female,57,176,29,high,build_muscle,63,122,2760,117,426,64
male,97,168,29,moderate,gain_weight,126,119,3234,182,392,103
female,61,165,30,low,gain_weight,68,139,1972,123,237,59
female,74,155,42,low,gain_weight,81,108,1941,127,243,50
female,69,163,39,low,build_muscle,86,170,2083,118,287,51
male,78,189,25,high,build_muscle,92,42,3547,151,495,106
male,52,150,25,moderate,lose_weight,36,161,1302,113,118,41
male,86,156,22,low,gain_weight,95,162,2271,142,275,66
female,92,160,50,high,lose_weight,60,83,1858,187,177,44
female,78,163,41,low,lose_weight,49,143,922,144,27,25
female,65,189,44,high,gain_weight,76,39,2782,127,408,70
female,88,159,18,high,lose_weight,66,88,2058,142,223,66
male,67,171,18,high,lose_weight,49,134,2160,107,287,64
male,70,169,44,high,lose_weight,61,152,2278,122,282,72
male,56,190,30,high,gain_weight,70,180,3029,116,443,87
male,92,168,29,high,lose_weight,67,143,2403,159,293,65
male,96,164,23,low,gain_weight,124,175,2574,175,316,67
male,88,169,30,moderate,gain_weight,93,103,3222,177,419,92
female,97,163,37,high,build_muscle,124,80,3166,193,419,79
female,81,186,48,moderate,build_muscle,85,56,2842,172,363,77
female,75,161,39,high,gain_weight,84,127,2860,147,361,91
female,87,181,20,moderate,gain_weight,111,88,3154,148,474,73
female,70,163,48,high,gain_weight,91,95,2649,145,368,65
female,58,183,25,low,lose_weight,51,33,929,116,65,22
male,75,172,21,low,lose_weight,69,106,1686,126,182,49
female,62,175,23,moderate,build_muscle,70,107,2470,126,330,71
female,66,153,48,high,lose_weight,56,40,1359,131,108,44
male,67,169,20,high,gain_weight,78,53,3116,122,429,100
female,91,178,44,high,build_muscle,105,160,3242,175,451,81
male,87,180,21,low,build_muscle,96,128,2666,186,344,60
female,93,172,21,high,gain_weight,105,40,3328,156,434,107
female,86,168,40,high,lose_weight,64,173,2013,155,217,58
male,65,160,32,high,gain_weight,67,32,2876,125,431,72
female,81,165,36,low,gain_weight,102,34,2057,176,192,64
female,98,157,46,high,gain_weight,127,66,3117,190,371,96
male,59,166,43,moderate,gain_weight,65,128,2525,107,349,77
male,54,184,22,high,gain_weight,68,47,3178,110,466,96
female,89,151,41,moderate,build_muscle,100,30,2669,144,375,65
female,94,178,44,moderate,build_muscle,120,160,2821,204,330,75
male,52,152,32,high,lose_weight,39,31,1596,88,221,39
male,72,179,48,high,build_muscle,84,112,3049,154,426,80
male,71,171,26,moderate,build_muscle,86,134,2957,144,421,77
male,76,186,43,low,gain_weight,79,163,2398,136,331,58
female,63,153,21,high,build_muscle,70,139,2576,116,368,70
female,95,164,20,moderate,lose_weight,79,61,1885,204,168,43
male,73,162,24,high,gain_weight,83,118,3136,118,507,70
female,90,165,19,moderate,gain_weight,112,111,3025,196,385,77
female,80,158,22,high,gain_weight,82,180,2889,162,359,89
male,100,180,27,moderate,lose_weight,74,45,2447,200,234,78
male,92,159,27,moderate,lose_weight,75,176,1983,157,233,47
female,93,151,34,high,lose_weight,60,144,1881,183,149,60
male,72,154,37,low,lose_weight,56,138,1118,121,77,35
male,66,183,40,low,build_muscle,69,105,2111,127,266,59
male,58,152,39,high,build_muscle,60,132,2754,100,404,81
male,63,175,46,low,build_muscle,73,180,2188,125,292,57
female,85,173,27,moderate,build_muscle,107,178,2957,186,404,65
female,82,150,26,high,lose_weight,72,121,1845,166,164,58
female,70,160,32,high,build_muscle,76,124,2566,124,381,60
male,63,170,30,low,gain_weight,66,51,2159,126,260,67
female,87,172,31,moderate,build_muscle,109,38,2772,168,364,71
male,98,153,34,low,lose_weight,72,107,1374,206,50,38
female,82,152,39,high,lose_weight,53,48,1666,139,190,38
male,74,169,50,moderate,lose_weight,54,55,1647,128,178,46
female,98,160,44,low,build_muscle,111,144,2223,181,246,56
male,66,190,37,moderate,gain_weight,79,68,2947,132,413,84
female,60,166,42,low,lose_weight,49,51,734,100,34,21
female,53,160,45,moderate,lose_weight,46,96,1304,114,139,32
male,94,154,40,high,gain_weight,103,116,3225,184,396,99
female,83,154,27,moderate,lose_weight,62,173,1593,149,134,50
male,59,185,36,high,lose_weight,44,72,1954,98,262,56
male,87,164,23,moderate,build_muscle,91,57,3080,157,441,76
male,82,181,46,low,build_muscle,86,92,2308,179,279,52
male,85,177,39,high,build_muscle,98,46,3367,168,501,76
female,72,181,48,moderate,gain_weight,90,151,2715,152,334,84
male,54,153,18,low,gain_weight,57,125,2096,98,283,63
female,68,185,26,moderate,lose_weight,49,78,1670,133,173,49
male,95,150,44,high,lose_weight,86,117,2391,205,257,60
male,97,172,22,high,gain_weight,106,176,3662,194,491,102
male,89,163,43,moderate,build_muscle,111,167,3011,170,425,69
male,52,150,32,high,gain_weight,61,66,2587,109,406,58
male,64,171,23,moderate,lose_weight,48,39,1724,109,194,56
male,56,163,45,low,gain_weight,63,67,1971,95,292,46
male,100,183,18,high,gain_weight,117,76,3903,195,525,113
male,56,179,30,low,lose_weight,50,119,1487,110,164,43
male,72,168,36,moderate,lose_weight,46,63,1830,145,213,43
female,97,167,35,high,build_muscle,121,161,3151,163,429,86
male,69,154,24,moderate,gain_weight,81,126,2576,126,326,84
female,53,169,34,high,gain_weight,60,84,2475,100,374,64
male,97,187,37,low,build_muscle,121,79,2620,210,299,64
female,71,181,24,moderate,lose_weight,61,155,1871,123,208,60
male,97,175,41,low,lose_weight,65,36,1635,160,129,52
male,83,176,37,low,lose_weight,64,63,1388,170,78,43
female,71,175,30,high,build_muscle,89,178,2981,152,392,89
male,74,153,19,high,lose_weight,67,132,2364,148,290,67
male,52,180,22,high,build_muscle,62,35,2961,84,478,78
male,94,164,27,high,gain_weight,100,40,3442,156,468,104
male,80,169,41,high,lose_weight,52,53,2236,138,261,70
male,69,183,41,high,build_muscle,84,110,3130,113,469,88
female,66,169,20,low,build_muscle,85,105,2176,114,275,68
female,91,175,41,high,gain_weight,116,38,3025,158,400,87
male,53,181,43,low,lose_weight,48,146,1534,88,217,34
female,69,165,23,high,gain_weight,72,151,2827,147,378,79
female,53,174,34,low,build_muscle,65,87,1804,93,227,57
female,96,167,39,moderate,build_muscle,108,172,2775,196,337,71
female,87,164,23,moderate,gain_weight,94,112,2989,189,366,85
female,87,165,45,moderate,lose_weight,56,87,1599,143,157,43
male,91,189,36,moderate,gain_weight,100,33,3288,180,439,89
male,56,184,31,low,build_muscle,67,36,2146,101,313,53
female,87,157,43,high,lose_weight,68,98,1761,187,136,51
male,83,156,29,high,build_muscle,93,136,3201,162,431,91
male,79,186,27,high,build_muscle,84,112,3473,162,511,86
male,75,162,18,high,build_muscle,90,135,3293,121,498,90
male,83,174,48,moderate,build_muscle,92,69,2929,162,374,86
male,59,150,45,moderate,gain_weight,66,95,2339,109,330,64
male,85,160,41,high,lose_weight,52,79,2050,183,181,65
male,50,166,32,low,lose_weight,34,157,951,93,88,24
female,86,158,38,high,gain_weight,109,113,2922,168,383,79
female,80,174,21,low,lose_weight,70,128,1347,145,91,44
male,53,152,47,moderate,build_muscle,64,99,2265,95,354,51
female,59,184,31,high,lose_weight,40,38,1690,110,224,38
female,98,168,39,high,gain_weight,119,45,3094,183,388,89
male,89,161,27,low,build_muscle,94,46,2590,191,267,83
male,92,159,44,low,build_muscle,97,106,2392,194,249,68
male,73,158,21,moderate,build_muscle,90,128,2789,143,352,89
female,53,154,43,moderate,lose_weight,35,113,1070,107,90,30
female,95,161,50,high,build_muscle,107,50,3142,171,385,101
female,73,185,40,moderate,gain_weight,84,178,2775,131,354,92
female,66,163,46,low,build_muscle,83,168,1920,124,221,59
male,55,184,45,high,gain_weight,60,91,2910,104,463,70
female,100,168,33,high,lose_weight,61,121,2216,181,235,60
male,97,190,38,moderate,lose_weight,63,34,2300,173,267,59
female,79,172,46,moderate,gain_weight,100,178,2741,130,353,89
female,95,150,39,high,build_muscle,102,34,2999,188,356,91
female,96,168,32,low,lose_weight,83,156,1467,155,129,36
female,56,174,43,moderate,lose_weight,43,123,1360,119,137,36
female,78,156,37,low,build_muscle,98,40,1864,153,181,58
female,83,173,48,high,gain_weight,88,66,2960,145,402,85
female,66,159,46,low,gain_weight,71,57,1732,137,166,57
female,92,173,21,high,gain_weight,99,108,3343,186,414,104
female,54,174,25,high,build_muscle,70,50,2758,102,384,89
female,68,175,43,moderate,gain_weight,72,67,2496,134,350,61
female,93,178,38,moderate,build_muscle,104,62,3062,177,362,100
male,73,186,43,moderate,gain_weight,89,159,3004,152,394,90
female,56,179,43,moderate,gain_weight,71,60,2252,106,319,60
female,91,183,33,moderate,gain_weight,95,54,3120,147,399,103
male,82,175,20,high,gain_weight,87,98,3437,156,520,80
male,67,190,29,moderate,build_muscle,85,56,3093,126,454,85
female,70,190,39,high,gain_weight,81,102,2994,128,454,73
male,63,152,35,low,gain_weight,68,76,1958,117,258,50
male,59,157,48,high,build_muscle,75,117,2682,103,382,82
female,91,170,46,high,lose_weight,73,86,1976,162,216,51
female,80,160,18,moderate,lose_weight,60,45,1680,144,161,50
female,75,153,31,low,lose_weight,53,125,941,131,53,22
male,78,178,19,moderate,gain_weight,89,122,3199,170,466,72
male,50,171,20,low,build_muscle,52,179,2143,106,314,50
female,84,175,27,high,build_muscle,86,146,3018,149,445,70
male,87,189,40,high,build_muscle,93,39,3555,176,508,90
female,83,174,33,low,gain_weight,105,83,2267,153,259,68
male,86,151,40,low,gain_weight,101,32,2274,177,273,52
male,60,162,28,moderate,lose_weight,45,90,1604,98,200,45
male,70,161,42,low,build_muscle,83,145,2154,120,257,71
female,65,167,46,moderate,gain_weight,80,73,2454,110,328,77
female,55,171,19,high,lose_weight,36,78,1647,89,229,41
male,51,181,37,high,build_muscle,61,167,2849,98,426,83
male,99,155,31,high,build_muscle,118,142,3560,183,469,105
male,51,161,40,low,build_muscle,55,118,2002,84,316,44
female,87,169,43,low,gain_weight,101,95,2172,156,251,59
female,69,170,46,moderate,build_muscle,82,92,2442,124,358,56
male,71,175,47,high,gain_weight,77,154,3046,149,389,99
female,60,170,47,high,build_muscle,77,174,2535,130,314,83
female,94,163,18,high,build_muscle,106,49,3335,179,432,98
female,55,159,24,moderate,build_muscle,61,174,2209,94,303,68
female,100,170,48,high,lose_weight,71,121,2125,218,188,55
female,82,158,19,low,build_muscle,102,110,2118,172,215,63
male,81,156,35,moderate,gain_weight,86,85,2743,133,409,63
male,99,180,38,moderate,lose_weight,85,64,2307,206,200,75
male,78,156,38,low,gain_weight,95,93,2201,157,268,55
female,82,187,19,low,build_muscle,102,170,2278,152,275,63
female,72,169,25,moderate,gain_weight,83,62,2559,148,308,81
male,66,157,42,high,build_muscle,69,142,2933,118,407,92
female,85,167,31,low,build_muscle,103,93,2062,136,260,52
female,66,162,28,moderate,build_muscle,82,32,2451,119,354,61
female,87,189,31,low,build_muscle,90,132,2319,144,280,68
male,79,161,22,low,gain_weight,100,113,2288,128,307,60
male,80,168,25,high,lose_weight,54,68,2384,146,283,74
female,58,187,34,moderate,lose_weight,50,38,1451,126,147,39
male,57,161,24,moderate,build_muscle,67,172,2674,93,385,84
female,88,167,42,moderate,build_muscle,90,154,2608,150,328,77
female,77,153,37,low,gain_weight,98,174,1904,129,236,48
female,100,150,44,low,lose_weight,80,131,1097,165,41,30
male,53,187,30,high,gain_weight,55,69,3025,107,457,85
female,56,176,28,moderate,lose_weight,38,159,1401,115,130,46
male,99,189,23,low,gain_weight,128,60,2839,193,351,73
female,94,184,41,low,build_muscle,120,57,2394,190,275,59
male,75,162,20,low,gain_weight,89,113,2202,131,305,50
male,79,190,49,moderate,lose_weight,65,85,1895,163,196,50
male,99,156,20,moderate,lose_weight,73,139,2119,169,230,57
male,75,185,36,moderate,gain_weight,80,124,3173,143,486,72
male,60,184,35,moderate,gain_weight,76,83,2755,109,399,79
female,74,190,22,high,build_muscle,89,126,3214,154,422,101
female,92,151,32,moderate,lose_weight,59,121,1667,182,136,43
male,79,163,40,moderate,lose_weight,66,37,1701,164,136,55
female,89,183,38,moderate,build_muscle,91,117,3006,183,373,86
female,69,177,46,low,gain_weight,89,39,1860,141,200,54
female,86,180,39,low,build_muscle,88,179,2269,169,242,69
male,87,183,23,high,gain_weight,103,115,3605,175,537,83
male,82,171,25,moderate,lose_weight,61,38,2023,173,221,49
male,52,184,47,high,gain_weight,58,105,2711,90,390,87
male,57,177,39,high,build_muscle,65,70,2895,124,454,64
female,54,165,43,moderate,gain_weight,61,81,2250,100,338,55
female,86,181,19,moderate,gain_weight,102,65,2946,140,436,71
male,55,173,44,moderate,build_muscle,62,122,2529,117,347,74
male,94,154,38,high,gain_weight,103,153,3376,181,412,110
female,89,166,32,moderate,build_muscle,102,82,2879,165,351,90
male,82,184,50,high,lose_weight,64,180,2211,174,234,63
male,97,186,46,moderate,build_muscle,124,165,3216,180,444,79
female,66,171,27,low,gain_weight,80,146,2028,141,247,52
male,63,189,20,low,gain_weight,81,104,2471,130,361,55
female,56,176,46,high,lose_weight,44,35,1528,120,174,38
male,89,157,19,high,build_muscle,93,177,3380,160,460,99
female,98,162,46,moderate,build_muscle,124,109,2670,162,328,78
female,79,171,18,low,build_muscle,83,162,2163,136,285,52
female,97,188,20,high,gain_weight,105,157,3622,169,506,101
female,100,172,28,high,gain_weight,102,71,3433,203,435,97
female,78,188,24,low,gain_weight,100,126,2340,144,272,74
female,63,180,39,low,gain_weight,81,93,2000,123,271,46
female,60,188,49,moderate,gain_weight,70,165,2300,101,332,62
female,77,159,28,high,gain_weight,90,159,2816,127,424,67
male,72,155,19,high,gain_weight,78,180,2966,142,426,77
female,83,190,31,moderate,build_muscle,89,62,2925,144,410,78
female,83,189,50,moderate,gain_weight,104,58,2862,168,346,89
female,74,179,23,high,build_muscle,87,32,2882,140,410,75
female,70,190,31,high,gain_weight,76,48,3000,150,438,71
male,88,167,20,high,lose_weight,83,155,2876,192,331,86
female,69,153,44,moderate,lose_weight,47,118,1180,123,84,38
male,76,184,39,moderate,build_muscle,82,128,2898,155,389,79
male,90,155,26,moderate,build_muscle,98,33,2990,177,362,92
female,67,155,43,high,build_muscle,87,49,2424,134,318,67
female,56,150,19,high,gain_weight,72,37,2397,108,360,58
male,52,170,36,high,lose_weight,31,169,1689,91,244,38
female,86,153,41,moderate,lose_weight,61,59,1553,153,155,35
male,66,151,48,high,build_muscle,84,148,2802,142,347,93
male,67,152,32,high,build_muscle,84,113,2931,145,435,67
female,96,178,43,high,lose_weight,84,83,2127,210,204,52
female,95,168,30,low,build_muscle,119,172,2418,192,252,70
female,59,169,33,high,lose_weight,41,153,1544,123,167,42
female,78,184,45,low,lose_weight,64,176,1171,135,78,34
male,92,171,21,moderate,lose_weight,81,152,2447,167,314,57
female,58,187,44,low,build_muscle,69,165,1998,114,251,59
male,77,175,21,high,build_muscle,91,176,3334,165,432,104
female,83,158,33,low,build_muscle,100,59,2140,155,245,59
female,57,173,19,moderate,gain_weight,60,147,2393,113,339,64
male,84,176,45,high,build_muscle,103,127,3151,183,382,98
female,59,161,45,high,build_muscle,68,31,2468,100,357,70
female,59,171,23,moderate,lose_weight,36,41,1530,101,197,37
female,56,181,49,high,build_muscle,70,158,2570,104,351,82
male,66,171,26,low,build_muscle,78,92,2270,128,299,62
male,80,187,40,high,build_muscle,85,63,3377,129,479,104
female,66,150,41,low,gain_weight,85,132,1894,143,196,59
male,86,165,27,low,gain_weight,107,49,2424,140,332,58
female,76,187,20,high,lose_weight,70,84,2329,156,284,62
female,70,185,33,high,gain_weight,73,173,2998,132,445,76
male,72,162,34,low,gain_weight,75,72,2135,141,243,65
female,54,175,18,low,gain_weight,57,35,2013,113,263,56
male,87,164,21,high,lose_weight,62,172,2408,149,323,57
male,72,171,33,low,build_muscle,78,105,2261,137,296,58
male,71,184,27,moderate,lose_weight,65,72,1982,135,237,54
male,65,157,45,moderate,build_muscle,76,140,2537,104,396,59
female,81,170,22,high,gain_weight,104,155,3162,176,453,71
female,74,178,24,high,lose_weight,63,46,2103,132,275,52
male,59,154,21,moderate,build_muscle,72,137,2601,126,393,57
male,76,160,26,high,lose_weight,49,154,2131,148,237,65
female,57,180,28,low,gain_weight,61,64,2048,122,252,60
female,54,188,24,low,build_muscle,59,180,1994,116,264,52
female,68,172,20,high,lose_weight,41,69,1818,126,203,55
male,68,162,44,moderate,build_muscle,79,164,2718,129,362,83
male,50,181,45,moderate,build_muscle,52,37,2500,92,350,80
female,61,182,19,moderate,lose_weight,46,126,1662,102,202,49
male,98,190,21,moderate,gain_weight,112,141,3459,185,427,111
male,95,170,43,high,build_muscle,98,46,3537,203,436,108
female,80,167,43,moderate,build_muscle,91,123,2571,148,304,84
female,65,164,21,low,gain_weight,74,94,1907,124,241,49
male,81,175,38,high,gain_weight,86,149,3326,161,423,109
male,94,177,36,high,gain_weight,108,48,3507,182,511,81
female,74,158,33,moderate,gain_weight,95,135,2639,145,369,64
male,50,183,47,high,build_muscle,56,91,2902,99,458,74
male,58,163,21,moderate,lose_weight,45,141,1579,121,188,37
female,99,166,24,high,lose_weight,83,31,2252,210,192,71
male,65,188,34,low,build_muscle,83,103,2283,114,337,52
female,92,150,29,moderate,gain_weight,106,98,2768,193,356,63
female,55,182,35,low,lose_weight,45,75,833,94,58,24
male,56,171,46,low,lose_weight,41,144,971,99,88,24
female,67,160,47,high,gain_weight,85,116,2488,137,356,56
female,51,151,26,moderate,gain_weight,61,68,2084,91,296,58
female,67,154,35,high,build_muscle,70,175,2450,136,303,76
male,77,168,44,low,build_muscle,98,148,2319,140,313,56
male,52,176,30,moderate,gain_weight,59,55,2551,92,366,79
male,51,188,18,low,lose_weight,31,76,1274,104,129,37
female,72,169,38,low,gain_weight,79,161,1987,152,219,55
male,79,169,38,moderate,build_muscle,91,119,2746,138,405,63
female,55,157,33,low,gain_weight,60,96,1811,99,240,50
female,70,185,46,moderate,gain_weight,91,48,2619,124,339,84
male,63,162,33,moderate,gain_weight,69,93,2765,134,380,78
male,55,170,39,high,build_muscle,66,63,2766,107,434,66
female,68,184,32,moderate,gain_weight,78,74,2667,139,365,71
female,83,188,24,moderate,lose_weight,56,71,1979,154,238,45
male,72,156,37,moderate,build_muscle,77,49,2745,155,326,90
female,88,166,34,low,lose_weight,66,36,1150,187,25,33
male,71,174,48,low,build_muscle,91,107,2125,118,285,56
female,60,187,45,moderate,build_muscle,73,70,2583,106,383,68
male,97,165,49,high,build_muscle,119,127,3247,176,410,99
female,86,164,42,high,gain_weight,94,135,2886,145,417,70
female,62,168,28,moderate,build_muscle,65,135,2466,116,316,81
female,99,183,33,moderate,build_muscle,106,88,3043,174,360,100
male,88,154,26,high,lose_weight,58,66,2233,152,259,65
male,85,188,18,high,lose_weight,55,43,2586,155,310,80
female,65,184,46,low,lose_weight,52,34,977,112,70,27
female,61,190,31,low,gain_weight,69,167,2165,108,274,70
female,100,156,39,moderate,gain_weight,122,173,2907,186,395,64
female,64,156,33,moderate,build_muscle,82,159,2237,106,313,62
female,97,154,35,high,lose_weight,65,68,2101,212,187,55
female,88,157,38,low,lose_weight,68,103,1103,176,25,33
female,50,176,29,moderate,gain_weight,63,68,2246,82,347,58
female,91,178,43,high,gain_weight,114,125,3219,169,432,90
female,94,180,46,low,gain_weight,103,138,2385,203,249,63
male,62,156,23,moderate,build_muscle,74,114,2651,102,371,84
male,75,162,49,moderate,lose_weight,53,31,1634,143,160,46
female,70,163,35,moderate,gain_weight,91,138,2448,129,299,81
female,65,165,47,low,lose_weight,41,93,759,104,41,19
male,99,150,43,high,gain_weight,121,39,3232,183,404,97
female,82,159,36,low,lose_weight,64,119,1066,140,49,34
female,56,154,35,moderate,gain_weight,67,82,2143,106,270,70
male,89,179,25,high,gain_weight,103,165,3545,164,528,86
female,73,175,47,low,lose_weight,63,110,1002,145,48,25
male,100,174,22,moderate,gain_weight,111,68,3413,209,428,95
male,82,151,45,low,build_muscle,86,142,2182,136,271,61
male,62,152,46,low,build_muscle,70,129,1910,108,245,54
female,57,185,48,moderate,build_muscle,72,38,2436,98,360,66
male,82,180,37,high,build_muscle,92,93,3460,132,474,114
male,69,181,43,low,build_muscle,87,127,2248,139,267,68
female,96,183,21,low,gain_weight,98,52,2526,190,281,70
female,78,164,44,low,gain_weight,91,86,2011,139,217,64
female,88,159,27,low,gain_weight,98,73,2102,180,195,66
female,100,150,27,moderate,gain_weight,118,121,2832,198,349,70
male,99,169,44,low,gain_weight,113,122,2593,211,295,62
male,78,169,34,moderate,build_muscle,83,91,2872,161,412,64
female,77,175,40,high,lose_weight,72,154,2323,156,305,52
female,86,171,24,high,lose_weight,76,147,2357,153,286,66
female,95,169,27,low,lose_weight,69,39,1261,164,58,40
female,89,174,45,high,build_muscle,93,147,3129,181,418,80
female,88,153,31,moderate,lose_weight,65,61,1632,164,123,53
male,76,171,44,high,build_muscle,80,72,3022,137,405,94
female,74,189,19,low,gain_weight,80,145,2332,120,326,60
male,94,176,28,moderate,build_muscle,104,94,3358,190,461,83
female,74,155,25,high,lose_weight,61,81,1711,156,158,50
male,53,150,34,low,build_muscle,65,163,1783,105,222,52
male,86,155,26,high,lose_weight,73,35,2300,148,278,66
female,58,163,47,high,lose_weight,46,32,1356,111,148,35
male,53,190,28,low,lose_weight,46,149,1514,97,192,39
female,75,176,19,low,build_muscle,83,138,2182,154,269,54
female,89,183,47,high,lose_weight,66,89,2196,176,252,53
male,89,152,19,high,gain_weight,111,36,3271,165,426,100
male,100,189,50,high,build_muscle,120,52,3721,167,518,108
male,92,175,32,high,gain_weight,107,113,3596,198,462,105
male,80,190,49,high,lose_weight,51,42,2316,140,304,59
female,81,165,42,low,lose_weight,74,108,1283,144,103,32
male,96,151,42,moderate,build_muscle,103,116,2860,200,336,79
female,98,159,50,high,gain_weight,107,60,3048,157,444,71
male,96,178,33,low,lose_weight,83,172,1624,206,87,49
female,87,174,45,moderate,gain_weight,100,84,2724,142,354,81
female,59,182,32,high,build_muscle,76,147,2838,118,444,65
female,51,155,48,moderate,gain_weight,60,97,2008,99,297,46
female,59,186,45,moderate,build_muscle,76,125,2422,126,332,65
male,52,151,24,low,build_muscle,59,153,1974,85,300,47
male,88,157,26,high,gain_weight,100,107,3328,177,482,76
female,89,167,25,low,build_muscle,101,93,2267,180,223,72
male,74,186,26,low,lose_weight,69,69,1561,153,137,44
male,57,168,50,moderate,build_muscle,74,177,2566,114,352,77
female,78,162,50,low,build_muscle,95,34,1959,169,176,63
male,82,182,37,low,lose_weight,55,38,1505,160,129,38
female,96,150,32,low,lose_weight,75,35,1254,202,40,31
male,81,189,47,moderate,build_muscle,91,143,3024,159,391,91
female,50,180,29,low,lose_weight,38,108,853,85,76,22
male,54,172,34,high,gain_weight,56,98,2898,92,441,84
female,92,170,35,low,lose_weight,81,82,1363,148,103,39
male,74,166,19,low,lose_weight,69,107,1684,155,160,46
female,100,154,47,high,lose_weight,88,112,1997,191,163,64
male,87,156,49,high,build_muscle,113,99,3116,172,404,89
female,71,159,45,high,gain_weight,83,112,2589,118,372,69
male,70,190,39,high,gain_weight,77,117,3321,118,491,97
female,87,190,37,low,gain_weight,100,59,2505,152,290,81
male,57,165,43,low,gain_weight,64,142,2154,123,274,62
female,87,177,39,low,lose_weight,59,172,1146,186,26,32
female,50,157,23,moderate,build_muscle,52,141,2198,97,303,65
male,51,170,31,high,build_muscle,63,112,2802,95,409,87
male,74,164,40,high,lose_weight,60,124,2081,139,257,54
female,52,177,43,high,build_muscle,55,110,2595,88,368,85
female,94,181,18,moderate,build_muscle,122,150,3208,202,426,77
male,99,162,47,high,gain_weight,112,122,3368,180,475,82
male,65,176,18,high,lose_weight,55,103,2237,142,274,63
male,73,169,48,high,build_muscle,81,97,2917,135,447,65
male,87,155,36,high,gain_weight,93,114,3104,159,457,70
female,93,159,31,low,lose_weight,81,162,1308,162,92,32
male,80,174,21,high,lose_weight,72,74,2343,167,254,72
male,88,175,26,moderate,gain_weight,109,117,3187,185,398,94
female,91,185,50,high,lose_weight,68,109,2234,163,270,55
female,81,170,25,high,lose_weight,65,51,2095,164,249,48
female,61,152,26,high,gain_weight,68,83,2527,134,333,73
female,76,161,40,low,gain_weight,92,114,1914,144,233,44
male,79,186,25,high,build_muscle,97,105,3642,151,571,83
female,83,189,32,low,build_muscle,107,48,2361,162,290,61
male,58,181,24,high,lose_weight,46,130,2110,95,294,61
female,72,180,41,high,build_muscle,89,165,2807,154,359,83
male,91,180,50,low,gain_weight,101,157,2534,163,329,62
female,76,183,32,low,build_muscle,79,103,2222,163,247,64
female,70,178,48,low,build_muscle,83,175,1962,133,254,45
male,80,168,40,low,gain_weight,102,126,2387,130,297,74
male,99,175,18,low,gain_weight,124,121,2687,160,347,72
male,62,175,18,low,gain_weight,80,65,2353,122,307,70
male,61,163,45,low,gain_weight,75,49,2094,104,266,67
female,56,157,47,high,gain_weight,68,98,2428,113,314,79
female,75,154,47,moderate,lose_weight,58,104,1344,161,103,31
male,67,163,48,high,lose_weight,40,83,1895,119,236,52
female,76,168,22,low,lose_weight,59,169,1142,151,75,26
male,56,184,45,moderate,build_muscle,63,131,2695,98,423,67
female,90,164,48,high,build_muscle,103,165,2841,178,361,75
female,78,150,22,low,build_muscle,81,91,2131,136,237,70
female,92,189,36,high,gain_weight,107,154,3438,152,489,96
male,94,151,44,low,gain_weight,109,42,2288,190,223,70
male,79,175,35,high,lose_weight,49,156,2234,173,270,51
male,64,167,35,high,gain_weight,66,85,2940,114,430,84
male,69,181,46,low,build_muscle,71,115,2141,137,272,55
female,67,165,24,high,gain_weight,87,52,2871,120,398,88
female,68,164,36,moderate,gain_weight,83,52,2461,135,330,66
female,93,172,29,high,lose_weight,79,163,2249,177,216,74
male,91,157,28,high,build_muscle,118,173,3372,189,451,90
female,94,162,28,high,lose_weight,79,84,2101,178,221,55
male,58,190,25,low,gain_weight,69,110,2363,116,331,63
male,74,161,23,low,lose_weight,59,105,1259,121,118,33
female,65,151,40,low,lose_weight,41,89,745,137,-6,24
male,66,164,25,moderate,lose_weight,60,62,1682,138,183,43
male,87,171,23,high,gain_weight,95,90,3541,167,498,97
female,59,169,40,high,lose_weight,50,152,1846,94,245,53
female,93,173,32,high,lose_weight,55,73,2270,193,242,58
female,86,160,23,moderate,lose_weight,80,169,2216,185,220,66
female,50,186,39,moderate,lose_weight,37,76,1277,90,136,40
male,87,172,42,moderate,gain_weight,105,88,3153,141,453,85
female,55,158,23,low,lose_weight,49,140,1254,101,142,30
female,85,160,43,high,lose_weight,74,177,2020,170,222,49
male,92,154,40,moderate,lose_weight,72,160,1817,184,156,50
female,80,174,22,moderate,gain_weight,84,101,2911,128,420,79
male,99,153,48,low,lose_weight,80,42,1438,160,124,33
female,87,157,32,low,lose_weight,79,148,1424,167,106,36
female,92,179,35,low,build_muscle,95,45,2287,151,277,63
female,88,175,39,moderate,build_muscle,107,127,2827,185,317,90
male,77,179,50,high,build_muscle,82,80,3067,166,380,97
male,51,186,40,low,gain_weight,63,154,2131,93,315,54
male,98,165,29,high,build_muscle,100,168,3516,188,509,80
female,80,187,48,low,gain_weight,89,109,2099,169,213,63
male,81,169,43,moderate,lose_weight,72,34,1932,133,231,52
female,57,184,38,low,gain_weight,62,44,2015,122,231,66
female,98,187,38,moderate,build_muscle,101,119,3064,171,390,90
male,75,160,19,moderate,build_muscle,85,64,2814,128,424,66
female,88,181,46,moderate,build_muscle,105,70,2830,143,413,67
female,84,159,19,low,lose_weight,57,59,1158,149,57,36
male,75,178,43,low,lose_weight,70,42,1232,154,75,34
male,82,178,31,moderate,build_muscle,90,83,3056,161,416,83
female,60,150,46,high,build_muscle,64,129,2201,120,294,60
female,93,175,37,low,gain_weight,95,178,2394,179,296,54
female,70,157,42,low,lose_weight,52,71,862,134,34,20
male,51,184,50,low,build_muscle,58,54,2061,106,257,67
male,80,175,38,moderate,lose_weight,68,50,1891,148,199,55
female,57,153,36,low,lose_weight,41,65,646,117,0,19
male,55,158,47,moderate,lose_weight,46,111,1421,120,161,32
female,88,169,45,high,lose_weight,52,69,2022,144,222,61
female,66,188,18,high,gain_weight,84,30,3155,139,480,75
female,89,160,30,low,gain_weight,104,46,2172,195,227,53
male,91,158,39,high,lose_weight,84,173,2732,153,334,87
male,78,189,47,high,lose_weight,65,41,2266,136,287,63
female,50,152,41,moderate,gain_weight,59,170,2015,81,311,49
male,82,154,30,high,lose_weight,52,136,2041,132,270,47
male,61,190,22,high,gain_weight,74,104,3265,131,520,72
male,85,181,42,high,lose_weight,57,79,2317,161,301,51
female,71,186,44,high,build_muscle,79,119,2914,134,412,81
female,71,164,34,moderate,gain_weight,90,38,2478,144,313,71
female,68,172,46,moderate,lose_weight,57,90,1400,110,137,45
female,90,163,33,high,build_muscle,92,150,2916,177,380,76
male,58,151,33,high,lose_weight,53,88,1826,96,257,45
male,84,161,20,high,gain_weight,100,146,3268,160,483,76
male,95,185,32,moderate,build_muscle,111,73,3393,193,432,98
male,58,182,40,low,gain_weight,60,58,2259,126,287,67
male,83,172,37,moderate,gain_weight,106,117,2949,142,399,86
female,88,170,40,moderate,build_muscle,99,42,2806,182,371,65
female,56,170,32,high,lose_weight,48,172,1816,121,226,46
female,54,176,39,high,lose_weight,32,118,1469,87,176,46
female,82,173,33,moderate,lose_weight,62,177,1825,161,202,40
male,83,159,43,low,gain_weight,103,142,2249,165,258,61
male,82,180,33,low,gain_weight,87,170,2599,139,331,79
female,93,179,44,high,build_muscle,95,54,3285,159,456,91
male,52,151,27,low,lose_weight,44,50,901,110,52,27
male,51,158,34,moderate,build_muscle,63,96,2269,94,342,57
male,85,163,28,moderate,lose_weight,70,135,1901,144,234,42
male,57,160,28,low,build_muscle,63,95,2044,118,281,49
male,90,156,35,moderate,gain_weight,108,177,3091,166,407,88
male,50,172,20,low,lose_weight,43,135,1374,95,164,36
male,55,164,33,high,gain_weight,67,176,2867,119,432,73
male,57,179,40,high,lose_weight,41,160,1936,99,246,61
female,97,156,24,low,gain_weight,110,130,2302,196,245,59
male,98,190,29,high,lose_weight,87,81,2828,180,347,79
female,97,176,31,high,gain_weight,107,152,3341,165,434,104
female,78,156,45,moderate,gain_weight,97,133,2381,161,291,63
female,57,186,28,low,lose_weight,34,57,989,106,82,26
female,61,184,25,high,build_muscle,63,73,2942,110,458,74
female,71,157,47,high,build_muscle,80,117,2560,114,367,70
male,92,181,39,low,build_muscle,101,142,2637,191,280,83
female,84,155,39,moderate,gain_weight,98,85,2610,150,363,61
male,71,162,31,moderate,lose_weight,42,87,1692,147,162,50
male,74,183,21,high,gain_weight,86,162,3543,161,502,99
male,68,150,38,moderate,gain_weight,78,154,2479,126,325,74
female,58,161,33,high,lose_weight,45,52,1394,114,159,33
female,56,177,43,high,gain_weight,66,162,2568,113,339,84
male,81,179,45,high,gain_weight,101,130,3213,145,477,80
male,100,179,24,high,lose_weight,78,159,2742,163,327,86
female,57,168,35,low,lose_weight,45,43,779,116,35,18
male,76,183,28,high,lose_weight,52,89,2363,159,309,54
male,62,177,34,high,gain_weight,78,32,2961,133,404,89
female,87,152,37,high,build_muscle,102,134,2842,161,355,86
male,68,181,21,moderate,gain_weight,88,31,2861,126,428,71
female,99,166,21,moderate,lose_weight,79,102,1983,213,178,46
male,50,181,28,high,build_muscle,56,72,2900,92,432,88
male,69,187,22,moderate,lose_weight,62,129,2222,133,291,58
female,56,161,46,low,gain_weight,58,33,1755,112,231,41
male,96,166,27,moderate,gain_weight,115,172,3166,190,441,70
female,69,178,25,moderate,lose_weight,60,173,1894,132,244,43
female,55,161,18,low,gain_weight,59,98,2004,107,263,57
female,75,186,28,high,build_muscle,85,161,3109,161,388,101
female,76,178,23,low,build_muscle,80,145,2276,165,268,59
male,88,151,42,low,build_muscle,113,98,2302,160,279,60
female,66,182,23,low,build_muscle,78,104,2107,126,265,60
male,75,159,50,moderate,build_muscle,85,132,2506,129,371,55
male,85,175,29,low,build_muscle,98,167,2544,143,357,59
male,56,182,31,low,gain_weight,61,85,2178,96,329,52
female,58,160,27,moderate,gain_weight,68,32,2324,113,347,53
female,58,153,48,high,gain_weight,63,143,2230,120,299,60
female,76,188,44,low,build_muscle,89,54,2134,134,274,55
male,78,171,36,moderate,lose_weight,69,43,1888,148,205,52
female,89,187,39,high,build_muscle,96,122,3217,179,453,76
male,82,154,30,high,gain_weight,86,64,3212,155,471,78
female,55,161,31,high,lose_weight,36,78,1360,118,138,37
female,75,166,44,high,build_muscle,88,66,2653,139,327,87
male,59,169,19,moderate,lose_weight,53,124,2119,120,258,67
female,58,184,33,low,lose_weight,49,104,959,118,70,22
male,69,151,39,moderate,build_muscle,74,108,2680,143,378,65
female,75,171,22,low,build_muscle,88,62,2174,129,298,51
female,59,171,39,high,gain_weight,74,31,2530,99,390,63
male,63,179,45,low,gain_weight,67,54,2040,107,298,46
male,72,182,33,low,build_muscle,74,43,2249,119,315,56
female,78,180,38,low,build_muscle,97,100,2206,143,267,62
female,57,162,44,moderate,gain_weight,70,105,2074,109,291,52
male,62,176,50,low,build_muscle,65,134,2123,131,288,49
female,64,165,30,low,build_muscle,83,73,1820,117,237,44
male,60,183,29,moderate,gain_weight,63,108,2800,129,392,79
female,56,168,19,low,gain_weight,72,125,1929,122,240,52
female,58,153,36,high,build_muscle,70,34,2346,116,300,75
male,76,183,23,high,build_muscle,97,114,3381,140,484,97
female,88,167,19,moderate,build_muscle,90,154,2963,147,400,85
male,89,186,19,high,build_muscle,107,34,3749,191,554,84
male,64,174,26,high,gain_weight,66,115,3042,110,478,76
female,98,170,43,moderate,build_muscle,115,126,2976,186,369,83
female,66,178,30,moderate,gain_weight,80,179,2499,113,351,71
male,71,181,28,moderate,build_muscle,89,161,3112,122,439,95
female,96,153,39,moderate,gain_weight,114,88,2616,189,278,82
female,85,184,21,low,build_muscle,107,160,2313,165,295,52
male,66,182,42,high,gain_weight,82,48,3012,136,453,72
female,74,188,20,moderate,gain_weight,87,100,2948,134,402,89
male,86,190,34,moderate,gain_weight,99,123,3277,173,429,96
male,73,158,20,moderate,build_muscle,76,59,2856,132,374,92
male,51,183,38,low,gain_weight,60,175,2155,87,294,69
male,92,189,21,high,build_muscle,108,149,3793,197,507,107
male,54,180,40,low,lose_weight,47,67,1035,88,114,24
female,91,189,28,moderate,lose_weight,74,78,2143,179,236,53
female,59,187,45,low,build_muscle,72,133,2096,114,292,52
female,78,187,40,moderate,build_muscle,80,85,2660,162,326,78
female,77,150,44,high,lose_weight,56,154,1544,140,165,35
male,83,188,37,high,build_muscle,88,142,3543,170,501,95
female,68,183,20,moderate,gain_weight,79,62,2868,148,385,81
male,54,180,19,low,lose_weight,39,109,1238,99,140,31
male,96,174,34,moderate,build_muscle,107,41,3275,163,427,101
female,59,150,30,high,gain_weight,74,161,2439,101,325,81
female,56,157,43,high,build_muscle,69,86,2416,104,335,72
female,69,176,50,low,gain_weight,72,79,1994,123,235,62
female,61,188,21,low,lose_weight,51,96,1089,104,87,35
female,96,185,22,low,gain_weight,112,101,2553,169,295,76
male,74,171,44,moderate,build_muscle,80,154,2762,122,394,77
male,63,151,49,high,build_muscle,71,82,2672,112,414,62
female,96,169,26,high,build_muscle,118,33,3375,181,417,108
male,82,164,41,high,build_muscle,92,128,3094,136,481,68
male,68,162,36,low,lose_weight,62,127,1522,144,157,34
male,69,172,42,moderate,gain_weight,76,31,2599,134,343,76
female,77,174,31,high,lose_weight,55,169,1914,148,201,57
male,78,177,48,low,lose_weight,62,130,1307,170,81,33
female,76,165,40,high,gain_weight,84,177,2886,156,378,83
male,96,179,42,high,lose_weight,72,155,2483,168,280,76
male,92,171,28,low,build_muscle,106,154,2462,202,244,75
male,63,160,50,moderate,gain_weight,68,174,2532,112,357,72
female,91,159,27,low,lose_weight,73,128,1270,165,68,36
male,77,168,39,low,gain_weight,85,60,2363,139,325,56
female,84,189,25,moderate,lose_weight,57,38,1895,150,210,50
female,91,167,24,high,lose_weight,57,178,2266,196,246,54
male,63,179,25,moderate,build_muscle,78,161,2843,126,402,80
male,53,166,32,moderate,build_muscle,60,57,2516,112,384,59
male,90,160,43,high,lose_weight,79,90,2134,150,251,58
male,55,164,48,moderate,build_muscle,61,155,2355,118,332,61
male,88,170,19,high,lose_weight,68,166,2594,158,328,71
male,56,172,48,high,gain_weight,67,100,2889,99,459,72
male,81,172,49,moderate,lose_weight,56,79,1929,143,240,43
male,67,187,24,high,lose_weight,52,66,2275,120,314,59
male,53,181,40,low,lose_weight,40,143,1115,103,116,26
female,76,162,26,low,lose_weight,51,73,1078,135,75,26
female,85,170,50,high,gain_weight,88,33,2813,183,352,74
female,64,186,27,low,gain_weight,71,89,2140,132,247,68
female,90,172,19,moderate,gain_weight,113,82,2904,179,401,64
female,78,175,42,moderate,lose_weight,56,131,1594,155,124,52
female,67,150,33,low,build_muscle,70,119,1835,118,210,57
male,80,188,30,high,build_muscle,91,67,3480,155,456,114
male,90,181,40,low,gain_weight,93,142,2554,151,336,66
male,80,168,43,high,gain_weight,87,120,3111,143,458,77
male,88,161,41,moderate,gain_weight,108,141,2930,173,370,84
female,64,181,48,low,lose_weight,51,72,1035,139,48,31
male,83,151,19,moderate,gain_weight,87,110,2838,147,398,72
male,51,179,23,high,lose_weight,45,176,2282,96,334,61
female,95,160,50,high,build_muscle,106,153,3001,203,369,78
female,57,177,27,high,build_muscle,67,35,2646,121,390,66
male,100,169,35,high,build_muscle,121,176,3435,165,491,89
male,66,185,33,high,build_muscle,74,157,3213,143,443,96
male,78,162,41,high,build_muscle,90,100,3102,142,423,92
female,70,158,22,moderate,build_muscle,73,176,2611,116,404,58
male,54,170,48,high,lose_weight,36,172,1639,108,184,52
male,73,167,48,high,build_muscle,80,83,3077,133,420,95
female,52,156,29,moderate,gain_weight,63,96,2251,112,298,67
female,85,157,48,high,build_muscle,109,163,2740,141,393,66
male,85,154,50,moderate,build_muscle,110,52,2747,142,342,89
female,93,153,30,moderate,lose_weight,64,108,1664,166,137,49
female,96,171,43,high,gain_weight,110,178,3206,180,439,80
female,70,190,38,low,lose_weight,50,165,1063,123,83,26
female,76,181,36,moderate,build_muscle,97,145,2606,165,308,79
female,60,156,33,high,build_muscle,68,40,2488,114,321,82
female,62,177,21,high,lose_weight,49,67,1847,102,222,60
female,52,166,37,high,gain_weight,65,54,2445,96,341,77
female,72,190,20,moderate,gain_weight,74,81,2984,143,417,82
female,82,168,41,high,gain_weight,85,127,2997,136,445,74
male,72,180,47,high,gain_weight,91,140,3266,120,480,95
female,91,151,28,moderate,lose_weight,72,124,1705,199,138,39
female,52,188,50,moderate,gain_weight,56,111,2405,97,331,76
female,62,155,48,high,lose_weight,44,169,1425,100,158,43
male,94,152,32,low,build_muscle,116,66,2416,178,295,57
male,97,180,24,low,lose_weight,60,90,1614,185,119,43
male,80,159,37,low,lose_weight,54,156,1329,133,118,35
male,58,151,33,high,lose_weight,39,162,1584,107,174,50
male,72,188,47,low,build_muscle,83,173,2358,120,332,60
male,84,158,25,high,lose_weight,64,135,2270,146,297,54
female,69,182,33,high,gain_weight,74,71,2983,139,404,89
male,64,159,22,low,gain_weight,67,121,2062,117,264,59
male,63,190,48,high,build_muscle,74,123,3136,104,467,94
male,90,162,33,high,build_muscle,110,79,3363,178,452,93
female,80,180,28,low,lose_weight,68,179,1524,160,118,45
male,100,161,35,low,gain_weight,113,113,2638,192,298,74
male,93,172,41,moderate,lose_weight,63,32,2128,182,237,49
female,74,171,25,moderate,build_muscle,95,35,2570,145,351,64
male,56,151,48,low,build_muscle,71,116,1799,90,259,44
male,73,154,28,high,lose_weight,45,143,1889,121,212,61
female,86,155,26,moderate,gain_weight,91,101,2704,161,326,83
female,87,170,31,moderate,build_muscle,91,167,2923,172,387,76
female,58,170,26,high,build_muscle,65,65,2691,94,413,73
female,61,173,48,moderate,build_muscle,71,141,2333,117,327,61
female,54,176,30,low,lose_weight,37,144,855,116,51,20
male,89,166,29,high,build_muscle,96,33,3363,163,448,101
female,98,170,23,high,build_muscle,122,164,3335,164,441,101
female,99,179,43,moderate,build_muscle,127,38,3082,182,407,80
female,98,169,18,high,gain_weight,123,138,3301,212,370,107
female,54,179,27,high,gain_weight,57,115,2790,110,407,79
female,53,155,27,low,lose_weight,33,129,842,102,55,23
female,94,168,28,moderate,gain_weight,108,55,2858,177,333,90
female,64,150,37,moderate,build_muscle,75,116,2156,124,273,62
female,51,170,25,moderate,lose_weight,30,79,1329,103,134,42
female,92,175,22,moderate,gain_weight,96,33,3075,184,399,82
male,77,181,40,moderate,gain_weight,80,47,2833,147,386,77
male,89,175,31,high,build_muscle,114,124,3512,176,515,82
female,66,182,42,moderate,gain_weight,68,35,2620,111,379,72
female,52,166,24,low,lose_weight,42,140,921,110,62,25
female,76,176,48,moderate,build_muscle,88,84,2684,135,378,70
female,79,189,32,low,lose_weight,70,80,1376,166,84,41
female,78,182,23,moderate,gain_weight,90,143,2811,168,376,69
male,92,178,46,low,build_muscle,95,30,2391,180,238,79
male,86,162,25,moderate,lose_weight,56,111,2048,138,240,58
male,57,150,47,low,lose_weight,39,141,812,112,37,23
female,82,183,33,moderate,gain_weight,86,122,2867,135,393,83
female,55,154,20,high,build_muscle,66,59,2544,93,367,77
male,96,186,49,high,lose_weight,65,85,2560,188,260,84
male,73,189,34,high,gain_weight,80,73,3345,148,442,108
male,56,161,43,low,lose_weight,43,66,1019,98,85,31
male,85,162,32,moderate,build_muscle,89,118,3025,154,420,80
female,75,183,37,low,lose_weight,58,35,1105,160,35,35
male,51,159,42,high,lose_weight,43,125,1842,110,225,55
female,82,165,48,high,gain_weight,90,46,2732,137,350,86
male,68,162,25,moderate,build_muscle,81,47,2691,142,360,75
female,75,159,29,moderate,build_muscle,86,132,2653,122,346,86
male,78,162,20,moderate,lose_weight,55,96,1986,170,197,57
male,74,160,23,high,lose_weight,49,143,2191,122,311,50
female,93,152,39,high,gain_weight,105,128,2928,194,367,75
male,89,173,37,high,build_muscle,107,137,3444,153,484,99
female,64,189,27,low,build_muscle,83,166,2128,115,303,50
female,54,150,30,low,build_muscle,57,67,1766,112,213,51
female,84,189,29,low,build_muscle,101,88,2489,139,314,74
male,98,160,48,low,lose_weight,76,128,1423,180,85,39
female,52,182,24,high,gain_weight,54,85,2643,108,417,60
female,92,182,33,high,build_muscle,118,67,3200,175,426,88
female,99,162,43,high,lose_weight,92,129,2301,175,275,55
male,96,174,23,low,build_muscle,108,108,2654,185,298,79
female,84,152,27,high,lose_weight,63,97,1840,136,186,61
female,88,154,44,low,lose_weight,52,76,1000,165,16,30
female,81,183,34,low,build_muscle,84,148,2107,171,204,66
male,71,176,47,high,build_muscle,82,62,2971,150,410,81
female,61,164,39,high,build_muscle,64,79,2591,106,350,84
male,98,177,20,moderate,gain_weight,102,175,3422,200,409,108
male,93,167,20,moderate,build_muscle,104,150,3095,151,419,90
female,90,178,36,low,gain_weight,112,37,2271,154,264,65
female,60,167,44,low,build_muscle,77,53,1777,115,234,42
female,59,151,31,moderate,build_muscle,73,118,2235,124,313,53
male,58,150,22,high,lose_weight,44,76,1750,107,229,44
female,54,182,32,low,build_muscle,58,108,2104,89,314,54
male,75,177,26,moderate,lose_weight,70,76,2087,122,275,54
male,81,153,26,moderate,lose_weight,65,58,1793,137,202,47
female,81,159,29,low,build_muscle,99,101,2259,131,312,53
female,81,158,49,high,lose_weight,73,68,1647,144,181,38
male,85,187,48,moderate,lose_weight,63,32,2072,160,213,64
female,76,179,35,high,gain_weight,83,47,2958,151,374,94
female,81,168,46,low,build_muscle,97,78,2124,146,257,56
male,100,188,36,moderate,lose_weight,71,58,2428,174,252,80
male,86,158,24,high,build_muscle,92,104,3318,186,406,104
male,80,185,41,moderate,gain_weight,88,166,3036,169,419,75
male,79,157,43,low,build_muscle,94,129,2205,149,245,69
male,79,158,31,low,gain_weight,91,142,2391,164,273,71
female,69,175,39,high,gain_weight,83,178,2684,120,404,64
male,87,183,18,high,lose_weight,58,140,2578,140,353,67
male,62,189,49,moderate,lose_weight,45,59,1728,136,196,44
female,85,159,48,moderate,gain_weight,102,38,2552,142,367,56
female,57,175,35,low,build_muscle,62,81,1887,111,249,49
female,86,190,19,moderate,lose_weight,62,30,2101,162,236,56
female,67,182,24,moderate,lose_weight,57,86,1697,130,172,53
male,80,155,44,high,gain_weight,93,53,2989,150,416,80
female,90,170,36,moderate,build_muscle,117,118,2722,146,351,81
female,68,163,47,low,lose_weight,52,132,957,130,54,23
female,52,171,34,moderate,build_muscle,59,35,2233,101,327,57
female,94,171,49,moderate,gain_weight,109,36,2889,162,391,75
female,62,172,44,low,lose_weight,50,147,955,102,69,29
female,86,187,21,high,build_muscle,95,43,3391,153,459,104
female,51,167,38,high,lose_weight,39,84,1310,94,162,31
female,89,158,20,low,gain_weight,101,90,2346,184,235,74
male,81,189,44,moderate,build_muscle,87,97,3138,157,427,88
female,64,169,36,low,build_muscle,83,121,1942,136,234,50
male,76,151,31,low,gain_weight,89,128,2241,130,285,63
female,58,174,32,low,gain_weight,68,176,1857,118,209,60
male,71,169,24,high,gain_weight,76,87,3167,138,466,82
female,61,154,31,low,gain_weight,79,74,1709,111,226,39
female,82,151,45,moderate,build_muscle,92,82,2583,164,310,75
male,84,162,41,low,gain_weight,89,89,2293,158,243,76
male,60,163,26,moderate,lose_weight,44,78,1659,100,191,54
female,79,158,38,low,lose_weight,47,101,1077,136,72,26
female,59,158,33,moderate,build_muscle,71,97,2215,104,285,72
male,58,179,23,high,gain_weight,73,62,3045,108,482,75
male,58,178,44,high,gain_weight,75,122,3014,109,445,88
female,80,184,47,low,build_muscle,87,147,2305,162,250,72
female,92,155,43,moderate,build_muscle,119,155,2537,150,333,66
female,90,184,41,low,lose_weight,69,51,1381,188,85,31
female,100,158,23,low,lose_weight,93,179,1844,215,135,48
female,79,161,42,high,lose_weight,71,125,1919,170,201,48
female,52,186,38,high,lose_weight,40,153,1769,95,214,58
male,65,160,23,low,gain_weight,76,70,2167,120,280,62
male,95,179,35,moderate,gain_weight,105,112,3269,192,445,79
male,76,179,36,low,lose_weight,61,115,1427,123,147,37
female,95,172,28,high,lose_weight,65,75,2219,152,258,64
female,64,188,19,low,build_muscle,77,160,2181,111,324,48
male,81,159,24,moderate,lose_weight,63,111,2002,177,223,44
female,96,187,46,high,lose_weight,59,75,2353,176,266,64
female,74,168,25,low,gain_weight,84,74,2154,138,278,54
male,52,183,26,moderate,gain_weight,66,69,2646,100,420,62
male,73,180,21,low,build_muscle,93,155,2403,119,307,77
male,51,165,37,high,gain_weight,66,31,2656,88,422,67
female,95,177,37,low,lose_weight,61,127,1404,175,94,35
male,59,153,24,moderate,lose_weight,35,75,1523,98,189,41
female,50,157,40,high,gain_weight,57,138,2197,83,320,64
female,50,190,22,high,lose_weight,30,45,1692,105,205,49
female,97,170,21,low,gain_weight,108,114,2443,204,250,69
male,63,182,27,high,lose_weight,37,175,2073,138,245,59
female,77,159,18,low,build_muscle,100,171,2166,137,279,55
male,76,185,26,moderate,build_muscle,84,137,2938,141,441,67
male,65,188,33,low,build_muscle,76,82,2284,106,342,54
female,58,154,23,high,gain_weight,74,110,2614,103,390,70
male,58,190,42,high,lose_weight,48,35,2058,96,314,45
female,75,167,19,low,lose_weight,45,32,1154,142,69,34
male,62,179,44,moderate,gain_weight,79,40,2753,102,429,69
female,54,166,45,low,gain_weight,67,85,1757,97,242,43
female,69,184,50,low,build_muscle,86,126,2119,113,275,62
female,96,168,31,moderate,lose_weight,72,74,1966,156,226,48
female,93,187,31,moderate,lose_weight,70,164,2058,157,210,64
female,73,168,30,moderate,gain_weight,91,86,2648,144,370,65
female,92,190,29,high,lose_weight,72,32,2504,168,323,59
female,63,169,48,high,gain_weight,79,130,2654,128,340,86
female,64,167,41,moderate,gain_weight,77,39,2336,123,313,65
female,84,180,27,high,gain_weight,104,37,3143,144,467,77
male,63,169,22,high,gain_weight,71,64,3131,131,467,82
male,98,168,18,high,lose_weight,83,32,2643,201,307,67
male,62,158,28,low,lose_weight,48,164,1097,109,102,27
male,52,184,43,low,lose_weight,42,80,1141,88,126,31
female,82,182,47,high,build_muscle,94,140,2938,144,401,83
male,86,183,29,moderate,lose_weight,68,100,2145,157,264,51
female,87,188,40,low,lose_weight,81,65,1270,177,63,34
female,59,154,19,low,gain_weight,71,99,1844,97,241,54
male,98,152,49,high,lose_weight,87,41,2196,160,235,68
male,91,160,33,low,gain_weight,98,110,2288,187,262,54
female,90,187,28,high,gain_weight,105,75,3283,176,468,77
female,89,188,24,moderate,lose_weight,79,131,2128,154,261,51
female,63,153,18,high,build_muscle,74,135,2576,120,357,73
female,94,157,42,high,gain_weight,104,116,2880,177,379,72
female,91,175,29,moderate,lose_weight,66,63,1898,171,187,51
male,79,156,47,low,gain_weight,87,92,2128,160,257,50
male,67,163,18,moderate,build_muscle,74,38,2919,118,394,96
male,69,182,44,moderate,build_muscle,85,149,2768,133,405,68
female,97,167,36,high,build_muscle,123,101,3142,192,363,102
male,57,182,40,moderate,build_muscle,69,88,2740,114,377,85
male,79,166,44,low,gain_weight,92,78,2360,172,267,66
male,58,151,44,low,gain_weight,62,32,1892,101,276,42
female,57,189,19,high,lose_weight,44,133,1890,103,267,45
female,66,181,18,moderate,gain_weight,71,140,2706,131,361,81
male,56,161,33,moderate,lose_weight,45,81,1401,116,155,35
male,55,175,44,moderate,lose_weight,47,87,1601,118,189,41
male,72,180,29,moderate,lose_weight,63,57,2017,130,270,45
female,66,178,43,low,build_muscle,82,50,1968,112,262,52
female,78,168,38,high,build_muscle,91,164,2811,139,417,64
male,76,183,41,high,lose_weight,67,142,2363,123,322,64
female,98,175,20,high,lose_weight,83,109,2519,209,252,74
female,63,187,45,moderate,lose_weight,46,92,1390,132,135,35
female,72,174,19,low,lose_weight,53,157,1105,124,70,36
male,94,153,38,moderate,lose_weight,80,122,1899,163,216,42
male,75,173,23,low,gain_weight,87,116,2395,160,266,76
female,67,178,32,moderate,lose_weight,59,104,1627,145,150,49
female,95,159,30,low,gain_weight,121,48,2304,161,282,58
female,60,152,19,moderate,lose_weight,51,161,1606,127,178,42
male,90,182,19,moderate,build_muscle,92,94,3367,182,477,80
female,89,163,36,moderate,build_muscle,110,133,2796,172,370,69
male,80,179,36,moderate,gain_weight,91,75,2951,145,405,83
female,50,164,29,moderate,gain_weight,65,85,2186,88,337,53
female,68,162,25,low,gain_weight,80,80,1925,146,199,60
female,53,152,28,low,gain_weight,68,136,1612,96,218,39
male,74,182,48,moderate,gain_weight,88,154,2821,128,382,86
female,100,186,28,moderate,gain_weight,116,140,3150,164,416,91
male,77,188,28,moderate,lose_weight,53,100,2088,155,253,50
male,85,182,18,moderate,lose_weight,80,56,2287,161,285,55
female,70,165,41,moderate,gain_weight,78,31,2389,135,315,64
male,87,171,30,low,lose_weight,57,111,1447,183,75,45
male,89,150,23,low,lose_weight,84,118,1823,186,170,43
female,66,190,22,high,gain_weight,73,45,3108,135,462,79
male,83,162,50,high,gain_weight,97,105,3032,168,378,93
male,83,190,49,moderate,build_muscle,93,128,3075,152,449,73
female,71,187,34,high,build_muscle,78,127,3064,129,443,85
male,69,155,43,moderate,lose_weight,49,168,1613,135,159,48
female,89,156,27,moderate,build_muscle,115,134,2781,162,334,88
female,74,162,36,moderate,lose_weight,68,175,1898,118,233,54
female,56,166,49,high,lose_weight,46,114,1463,103,176,38
male,69,165,20,high,build_muscle,75,166,3028,141,446,74
male,78,183,28,low,lose_weight,65,147,1431,136,135,38
female,66,160,42,high,gain_weight,82,84,2437,144,320,64
male,59,186,29,high,gain_weight,76,174,3064,125,458,81
female,79,166,39,moderate,gain_weight,83,178,2669,146,343,78
male,76,178,32,low,build_muscle,87,119,2410,144,287,75
female,87,189,50,moderate,gain_weight,111,40,2843,165,385,71
male,74,170,49,low,build_muscle,77,51,2253,139,303,53
male,50,155,22,moderate,lose_weight,38,97,1502,101,199,33
female,77,175,27,low,gain_weight,85,41,2112,166,219,63
female,71,150,36,moderate,gain_weight,75,117,2259,126,310,56
male,72,183,28,low,gain_weight,81,77,2458,133,317,72
female,56,177,48,high,build_muscle,66,167,2472,94,362,71
male,75,183,48,moderate,lose_weight,48,46,1796,159,160,57
male,72,188,35,low,gain_weight,82,75,2469,140,310,74
male,52,172,30,high,lose_weight,32,120,1847,85,252,54
female,55,162,43,moderate,build_muscle,58,123,2251,108,322,58
female,77,173,26,moderate,lose_weight,60,157,1625,156,154,42
female,74,159,39,low,build_muscle,84,160,1928,131,206,63
female,85,180,41,low,gain_weight,92,145,2336,167,275,62
male,96,180,33,low,lose_weight,90,55,1568,190,102,44
male,51,170,31,moderate,lose_weight,36,159,1440,103,162,41
female,92,166,48,moderate,lose_weight,79,144,1647,188,112,49
male,50,150,39,low,lose_weight,33,72,885,107,48,29
female,67,150,49,low,gain_weight,77,90,1709,128,175,54
female,70,187,34,high,build_muscle,78,117,2877,145,415,70
male,68,154,23,low,lose_weight,62,174,1477,130,139,44
female,59,176,47,moderate,lose_weight,53,99,1461,110,156,43
female,66,161,38,moderate,lose_weight,49,180,1300,142,104,34
female,91,178,34,moderate,gain_weight,101,115,3086,175,378,96
male,67,171,41,low,lose_weight,62,88,1309,117,142,29
male,100,157,32,moderate,gain_weight,124,57,3202,206,382,94
female,98,157,35,high,gain_weight,127,169,3056,207,332,99
male,75,160,36,moderate,build_muscle,91,128,2783,131,417,65
female,83,170,42,low,build_muscle,99,54,2202,173,224,67
male,93,179,50,high,lose_weight,88,151,2873,175,343,88
male,94,189,35,moderate,lose_weight,60,39,2416,197,259,65
male,81,175,29,moderate,build_muscle,95,143,3042,148,419,85
male,75,188,42,moderate,lose_weight,47,95,2018,141,255,47
female,82,179,28,moderate,gain_weight,100,97,2762,148,347,86
female,51,169,29,low,lose_weight,35,162,780,104,44,20
male,63,156,47,low,build_muscle,78,78,2037,119,262,56
female,54,182,24,high,build_muscle,65,124,2710,94,445,60
male,88,174,39,high,build_muscle,108,105,3343,170,443,98
female,56,181,25,low,gain_weight,69,87,2039,95,274,61
male,86,158,50,high,lose_weight,75,112,1987,173,208,51
female,81,156,28,low,gain_weight,95,96,2144,152,246,60
female,60,169,47,low,build_muscle,68,96,1973,116,270,47
male,64,188,30,low,gain_weight,72,169,2300,121,330,54
male,73,173,39,low,gain_weight,79,117,2243,117,280,72
female,68,154,47,moderate,lose_weight,57,113,1198,147,84,29
female,89,160,35,high,lose_weight,80,40,1918,168,176,59
male,73,179,24,high,gain_weight,89,59,3253,117,509,83
male,90,181,48,high,gain_weight,97,30,3482,177,502,84
female,83,167,46,low,lose_weight,53,42,1159,151,71,29
male,77,181,22,moderate,build_muscle,89,158,3042,154,395,93
male,89,190,40,low,build_muscle,104,167,2741,194,303,83
male,94,177,24,low,build_muscle,113,93,2578,193,310,62
female,66,153,21,moderate,build_muscle,74,33,2465,133,356,56
female,80,170,47,low,build_muscle,99,164,2037,147,237,55
male,60,175,31,high,build_muscle,64,159,3104,108,474,85
male,62,179,37,low,lose_weight,52,101,1179,113,93,39
male,78,166,34,low,lose_weight,58,60,1230,164,51,40
male,94,183,35,moderate,build_muscle,97,78,3233,184,447,78
male,87,163,19,high,lose_weight,68,122,2490,167,273,80
female,88,159,20,low,gain_weight,93,41,2340,169,281,59
male,60,189,36,high,gain_weight,70,33,2997,122,465,72
male,51,176,28,high,gain_weight,63,50,2726,93,389,88
female,80,188,45,high,build_muscle,101,132,3193,164,426,91
female,96,186,21,low,build_muscle,123,72,2529,180,277,77
female,64,167,43,high,build_muscle,73,140,2598,117,350,80
female,63,166,27,moderate,lose_weight,40,103,1387,103,149,41
female,57,160,44,high,gain_weight,65,42,2318,116,311,67
male,88,190,25,moderate,build_muscle,108,113,3257,158,482,77
female,96,169,29,moderate,build_muscle,109,174,3005,203,355,85
female,73,182,35,moderate,lose_weight,64,58,1764,141,188,49
female,94,157,48,moderate,gain_weight,112,55,2739,159,357,74
female,75,159,31,high,build_muscle,89,53,2730,139,394,66
male,66,158,29,high,lose_weight,56,54,1872,107,263,43
female,96,153,33,moderate,gain_weight,118,176,2810,183,331,83
male,83,155,40,high,lose_weight,73,41,2095,170,211,62
female,53,185,29,high,gain_weight,64,142,2620,101,376,78
female,85,185,28,low,build_muscle,109,143,2418,174,303,56
male,99,181,40,high,build_muscle,101,82,3623,210,510,82
male,79,188,23,moderate,lose_weight,63,118,2138,155,225,68
female,66,168,31,low,lose_weight,54,107,911,116,51,26
female,79,178,46,moderate,gain_weight,92,179,2716,134,361,81
female,52,179,46,moderate,build_muscle,64,107,2185,103,325,52
male,75,173,26,high,lose_weight,56,106,2148,130,298,48
male,95,176,25,moderate,gain_weight,99,71,3177,171,387,104
female,97,159,47,moderate,gain_weight,123,123,2720,189,289,89
female,74,163,25,moderate,lose_weight,55,42,1594,129,171,43
male,78,154,39,low,lose_weight,62,37,1185,125,81,39
male,58,190,32,high,gain_weight,68,121,2997,98,470,80
male,60,167,29,low,gain_weight,68,141,2080,120,264,60
female,57,161,28,low,build_muscle,63,60,1765,110,203,56
female,98,183,30,low,lose_weight,77,148,1386,193,83,30
male,87,187,45,moderate,gain_weight,93,52,3175,182,434,78
male,69,190,50,low,lose_weight,50,58,1214,151,61,40
female,83,178,36,low,lose_weight,51,133,1145,139,77,30
female,88,171,30,low,gain_weight,103,164,2380,186,266,63
male,78,150,29,high,build_muscle,94,85,2958,164,378,87
female,64,178,29,moderate,lose_weight,45,68,1497,112,164,43
female,89,177,42,low,gain_weight,103,85,2175,158,230,68
female,72,162,23,low,build_muscle,78,121,2023,151,207,65
male,71,157,43,low,gain_weight,89,111,2120,127,270,59
male,50,153,21,low,gain_weight,57,140,1983,87,280,57
female,59,167,32,moderate,gain_weight,73,50,2295,95,327,67
female,53,159,27,low,lose_weight,41,111,873,116,41,26
female,63,190,30,moderate,build_muscle,67,112,2515,118,382,56
male,99,172,50,low,gain_weight,124,96,2554,201,309,56
male,59,150,38,high,build_muscle,74,174,2753,99,391,87
female,94,159,19,high,build_muscle,108,119,3296,196,430,87
female,55,177,42,high,gain_weight,60,127,2583,113,364,74
female,78,157,33,high,gain_weight,93,111,2947,146,410,80
female,62,160,25,moderate,lose_weight,43,91,1459,104,176,37
female,53,179,20,low,gain_weight,66,137,2026,96,275,59
male,76,182,33,moderate,lose_weight,54,111,1989,162,222,49
male,60,171,27,high,lose_weight,49,152,2016,119,248,60
female,81,188,21,low,lose_weight,63,107,1304,136,102,38
female,53,174,33,moderate,build_muscle,66,78,2350,86,329,76
female,50,153,30,moderate,lose_weight,42,124,1370,81,171,40
male,93,160,36,high,lose_weight,61,148,2406,182,284,59
male,72,163,45,low,build_muscle,88,35,2121,134,250,64
female,52,190,24,low,gain_weight,59,146,1992,92,301,46
male,87,182,47,moderate,lose_weight,73,117,1958,171,194,54
male,95,174,25,low,lose_weight,86,123,1804,167,176,47
female,72,184,43,low,build_muscle,83,76,2016,138,234,58
female,83,177,25,moderate,build_muscle,104,178,2915,168,351,92
female,91,174,27,low,lose_weight,81,167,1516,153,124,44
female,94,169,42,low,build_muscle,105,134,2404,184,254,72
female,57,153,19,high,gain_weight,61,53,2425,124,344,60
male,50,163,42,high,build_muscle,62,148,2632,99,391,74
female,81,160,46,moderate,build_muscle,92,171,2510,145,332,66
female,74,158,18,moderate,build_muscle,76,54,2711,138,378,71
male,52,180,36,high,lose_weight,39,116,1800,104,228,52
female,50,185,47,moderate,gain_weight,55,32,2310,86,327,72
male,83,188,39,moderate,build_muscle,98,99,3082,176,366,101
male,58,169,23,moderate,build_muscle,70,52,2694,99,407,74
female,86,181,31,moderate,gain_weight,98,123,2906,141,375,93
female,68,180,45,moderate,lose_weight,46,129,1498,123,141,48
female,79,187,21,low,build_muscle,99,149,2364,139,283,74
female,65,185,35,high,lose_weight,54,134,1939,141,235,48
female,89,181,41,moderate,gain_weight,106,130,3004,145,411,86
female,64,151,37,high,build_muscle,74,173,2326,103,325,67
male,73,182,47,moderate,gain_weight,86,106,2901,134,445,64
male,82,158,46,moderate,gain_weight,84,145,2766,179,352,70
female,58,181,35,low,build_muscle,61,170,2002,108,261,57
male,90,174,26,low,build_muscle,111,103,2628,161,338,69
male,52,176,46,moderate,gain_weight,63,34,2492,90,385,65
male,82,156,29,moderate,gain_weight,85,39,2841,163,399,65
female,69,170,46,low,lose_weight,61,106,1144,148,72,29
female,73,155,29,moderate,lose_weight,47,73,1494,124,170,34
female,89,169,46,high,build_muscle,110,169,3091,177,392,90
male,75,164,34,high,gain_weight,93,141,3069,123,424,97
male,69,180,27,high,build_muscle,81,121,3095,138,441,86
female,50,169,27,high,build_muscle,62,128,2439,98,379,58
male,90,189,30,high,lose_weight,57,93,2668,168,339,70
female,94,157,50,low,lose_weight,69,144,1168,176,49,29
male,85,151,44,high,lose_weight,72,128,2038,182,176,67
female,99,151,24,high,gain_weight,111,105,3176,190,439,72
male,72,170,20,low,build_muscle,85,162,2342,156,290,61
male,70,151,28,moderate,build_muscle,84,58,2703,153,362,71
female,51,183,24,moderate,build_muscle,63,45,2459,96,395,54
male,74,183,33,moderate,gain_weight,87,33,3038,119,427,94
female,73,176,43,low,build_muscle,85,64,2011,156,236,48
male,68,175,33,moderate,build_muscle,79,43,2719,119,384,78
male,71,168,48,low,lose_weight,45,137,1096,155,54,28
male,59,180,49,high,build_muscle,65,180,2815,96,398,92
female,95,157,39,moderate,gain_weight,123,121,2917,181,359,83
female,91,173,50,moderate,gain_weight,106,30,2812,181,332,83
female,67,161,42,moderate,lose_weight,41,68,1223,116,105,37
female,92,156,20,moderate,lose_weight,82,106,1891,178,174,52
male,67,169,46,low,build_muscle,74,147,2080,124,279,51
female,76,159,44,high,gain_weight,90,92,2605,160,328,71
female,100,184,33,low,lose_weight,63,71,1413,210,53,39
male,62,156,32,moderate,gain_weight,72,33,2550,132,337,74
male,63,152,26,moderate,build_muscle,68,73,2493,118,375,57
female,58,165,43,high,lose_weight,37,65,1345,106,146,36
male,82,187,38,low,gain_weight,105,119,2407,179,288,59
female,75,156,19,high,gain_weight,91,78,2832,123,398,82
male,73,160,43,high,lose_weight,63,158,2051,135,255,54
female,82,153,18,moderate,lose_weight,62,101,1665,152,156,47
female,70,176,44,low,gain_weight,85,157,1963,127,262,45
male,80,182,36,low,gain_weight,93,150,2376,130,316,65
female,92,188,30,low,gain_weight,116,102,2564,191,258,84
female,66,157,46,moderate,build_muscle,73,159,2217,132,268,68
female,77,186,36,high,lose_weight,47,31,2116,124,268,60
female,88,183,33,high,lose_weight,60,171,2249,174,248,61
female,71,171,22,low,gain_weight,78,34,2221,148,266,62
male,78,190,26,moderate,lose_weight,47,157,2168,170,239,58
male,77,171,32,high,lose_weight,56,50,2197,156,274,52
female,66,180,46,low,lose_weight,57,170,1295,107,130,38
male,63,153,37,low,build_muscle,73,96,1938,130,244,48
female,82,188,28,low,build_muscle,89,105,2474,180,304,59
female,96,169,33,high,build_muscle,114,34,3263,158,472,82
female,91,169,37,low,build_muscle,101,176,2260,165,262,61
female,77,163,47,high,lose_weight,62,56,1664,147,163,46
male,82,174,42,moderate,build_muscle,90,55,3087,178,408,82
female,88,161,28,high,build_muscle,112,124,3108,189,383,90
female,66,161,45,low,lose_weight,46,125,743,120,20,20
female,89,184,21,low,lose_weight,55,53,1457,176,107,35
female,55,151,31,low,lose_weight,46,143,829,90,69,21
male,79,186,43,low,build_muscle,86,169,2418,160,307,60
female,89,176,38,moderate,gain_weight,112,68,2944,143,416,78
female,70,153,48,low,gain_weight,89,144,1785,133,180,58
female,59,188,42,high,gain_weight,71,162,2809,115,413,77
female,75,186,50,moderate,gain_weight,96,85,2592,129,345,76
male,96,174,27,moderate,gain_weight,104,141,3387,179,470,87
female,52,152,48,moderate,gain_weight,66,43,1880,101,246,54
female,73,186,44,high,lose_weight,50,91,1966,133,240,52
male,56,188,29,high,lose_weight,35,112,2041,116,261,58
female,92,172,39,low,lose_weight,65,161,1335,179,76,34
male,92,167,22,high,build_muscle,94,82,3561,152,490,109
male,100,153,47,high,gain_weight,122,38,3321,176,453,88
male,87,151,34,high,gain_weight,98,131,3029,171,416,74
male,71,172,30,low,lose_weight,53,49,1333,119,114,44
male,100,152,35,moderate,lose_weight,75,66,1992,164,210,54
female,67,189,31,low,lose_weight,43,171,1042,139,67,23
female,92,174,49,high,build_muscle,101,51,3216,150,436,96
female,64,156,20,high,build_muscle,69,83,2686,119,369,81
male,62,168,48,high,build_muscle,76,106,2789,128,394,77
female,70,190,27,low,gain_weight,72,35,2380,144,297,67
female,64,171,38,high,gain_weight,82,91,2786,108,378,92
male,95,162,46,moderate,build_muscle,103,100,3157,177,451,70
male,83,161,23,high,gain_weight,106,119,3297,153,474,87
male,83,184,49,low,lose_weight,70,69,1446,149,121,40
male,82,185,25,high,lose_weight,55,163,2558,161,287,84
female,95,158,23,moderate,lose_weight,75,137,1956,198,190,44
female,97,187,34,low,lose_weight,59,98,1566,162,146,36
female,65,161,40,moderate,lose_weight,54,69,1397,110,155,36
female,64,170,23,low,build_muscle,69,66,2147,132,284,53
male,95,157,44,low,gain_weight,116,105,2484,190,265,73
male,58,187,31,high,lose_weight,51,176,2405,111,324,73
male,94,170,48,high,build_muscle,118,172,3519,200,456,99
male,93,190,24,high,lose_weight,77,66,2742,181,343,71
female,94,166,32,high,build_muscle,98,160,3231,154,484,74
male,92,183,34,high,lose_weight,60,43,2666,184,331,66
male,54,190,36,moderate,gain_weight,68,40,2749,107,421,70
male,80,169,41,moderate,lose_weight,68,72,1773,142,175,55
female,95,186,43,high,build_muscle,98,130,3272,177,417,98
female,59,171,20,high,build_muscle,71,134,2690,95,405,76
female,76,187,24,moderate,gain_weight,97,76,2985,135,413,87
female,76,163,48,low,gain_weight,83,113,1918,142,198,61
female,99,154,27,low,lose_weight,71,145,1369,206,43,41
male,68,164,18,high,lose_weight,50,176,2075,136,241,62
female,62,177,35,moderate,lose_weight,39,167,1393,119,133,42
female,84,156,31,low,build_muscle,94,166,2100,136,268,53
female,69,153,46,moderate,lose_weight,46,93,1272,119,132,29
female,52,184,43,high,lose_weight,46,125,1778,112,209,54
male,99,183,39,high,gain_weight,101,138,3729,188,514,101
male,83,161,21,high,lose_weight,69,72,2214,139,270,63
male,57,179,33,low,build_muscle,66,143,2244,103,310,65
male,62,179,31,moderate,lose_weight,46,75,1798,106,209,59
female,92,184,21,high,build_muscle,98,167,3586,187,479,102
female,61,164,41,moderate,lose_weight,53,64,1183,110,102,37
female,59,151,49,high,build_muscle,65,77,2304,100,339,60
female,76,164,46,low,build_muscle,89,105,1979,157,198,61
male,77,187,47,high,gain_weight,84,57,3239,149,475,82
female,88,179,44,low,build_muscle,92,58,2271,186,225,69
male,75,171,20,low,lose_weight,60,43,1372,142,132,30
male,80,177,20,moderate,lose_weight,51,119,2132,152,231,66
female,74,171,30,moderate,lose_weight,53,129,1587,152,127,51
male,77,153,41,high,lose_weight,47,48,1990,130,259,48
female,79,189,25,moderate,lose_weight,66,125,1860,137,219,48
male,100,179,19,high,gain_weight,120,135,3746,212,454,119
female,76,190,24,high,gain_weight,87,122,3308,140,488,88
female,85,150,42,moderate,build_muscle,110,134,2439,139,290,80
male,73,180,49,low,gain_weight,81,149,2222,159,278,52
male,78,154,25,high,build_muscle,80,96,2966,142,432,73
male,95,164,19,high,gain_weight,118,50,3539,176,509,88
male,73,155,29,low,gain_weight,83,134,2201,143,254,67
female,51,168,50,low,lose_weight,38,51,712,110,28,17
male,98,164,24,high,build_muscle,127,109,3668,190,503,99
male,72,164,47,moderate,gain_weight,90,95,2578,121,379,64
male,54,171,32,high,gain_weight,65,176,2789,100,448,65
male,73,172,34,high,lose_weight,46,81,2204,128,286,60
male,100,175,19,moderate,build_muscle,115,46,3399,204,447,88
male,94,153,41,moderate,build_muscle,112,119,3021,181,381,85
male,93,177,27,low,lose_weight,63,157,1622,149,161,42
male,88,171,41,low,gain_weight,111,98,2525,192,282,69
female,90,174,19,moderate,lose_weight,70,134,1949,161,206,52
female,60,156,22,high,gain_weight,68,115,2696,111,369,85
male,67,162,45,high,lose_weight,44,117,1736,114,228,40
male,80,166,35,low,gain_weight,97,69,2265,170,258,61
female,90,160,30,high,build_muscle,99,67,3023,185,377,85
male,62,160,42,low,gain_weight,73,162,1863,116,234,51
female,62,173,25,moderate,lose_weight,40,165,1470,105,179,36
female,86,166,22,high,gain_weight,94,74,3144,176,450,70
female,60,185,36,moderate,gain_weight,76,59,2513,109,344,77
male,94,175,42,moderate,gain_weight,110,130,3218,185,423,86
female,88,179,29,high,gain_weight,108,42,3223,153,414,105
male,57,167,46,low,build_muscle,70,154,2039,108,268,58
female,78,185,48,low,lose_weight,55,36,1146,138,90,25
male,96,177,42,moderate,build_muscle,122,103,3116,180,389,92
male,66,151,26,high,gain_weight,69,30,2837,134,375,88
male,79,166,48,moderate,build_muscle,82,83,2829,149,401,69
male,88,155,37,high,lose_weight,55,99,2243,191,220,66
male,92,153,32,moderate,gain_weight,102,124,2834,150,371,83
male,70,158,40,moderate,lose_weight,47,126,1544,133,167,37
female,74,171,47,high,gain_weight,77,134,2718,137,397,64
female,100,170,46,moderate,lose_weight,90,175,2082,199,195,55
female,86,176,27,moderate,lose_weight,68,87,1963,143,236,49
male,65,174,21,high,build_muscle,79,148,3181,120,504,75
female,54,186,32,high,lose_weight,36,108,1772,115,210,52
female,64,169,35,high,build_muscle,66,171,2775,137,410,64
male,94,172,42,moderate,build_muscle,101,89,3267,170,426,97
male,91,164,46,high,gain_weight,98,108,3210,186,394,98
male,93,162,31,moderate,lose_weight,69,34,2020,154,244,47
female,96,175,40,moderate,build_muscle,111,79,3094,182,432,70
female,82,175,34,low,lose_weight,56,160,1146,178,24,37
male,89,156,24,moderate,lose_weight,79,97,2061,185,187,63
female,83,154,28,moderate,lose_weight,72,142,1655,170,154,39
female,61,183,31,low,lose_weight,42,61,1120,132,81,29
male,97,185,48,low,lose_weight,91,81,1604,205,100,42
female,77,172,29,high,gain_weight,88,128,3140,139,431,94
male,64,150,29,high,gain_weight,70,55,2940,107,453,77
male,76,161,19,moderate,lose_weight,55,66,1929,154,207,53
female,77,153,25,high,build_muscle,98,136,2763,158,388,63
female,54,179,49,high,gain_weight,64,41,2550,103,400,59
male,54,165,23,high,build_muscle,62,171,2831,101,430,78
female,97,166,21,high,build_muscle,99,168,3316,157,451,97
female,59,167,36,low,lose_weight,44,168,950,128,50,26
female,60,166,29,high,lose_weight,38,105,1521,108,177,41
female,71,159,44,low,lose_weight,45,162,901,142,32,22
female,86,164,26,low,gain_weight,90,52,2179,188,203,68
male,98,152,18,low,build_muscle,119,66,2592,167,344,60
female,81,155,45,low,build_muscle,91,100,2010,142,254,46
male,57,172,26,low,gain_weight,71,78,2212,92,322,61
female,50,187,46,high,build_muscle,59,142,2631,80,403,76
male,91,187,34,high,build_muscle,117,100,3720,189,479,115
female,90,170,39,low,gain_weight,105,69,2174,188,231,55
female,53,163,42,high,lose_weight,44,76,1415,100,170,36
female,55,169,50,low,build_muscle,68,141,1896,104,270,44
female,86,151,42,moderate,gain_weight,92,136,2500,147,332,64
female,80,152,44,moderate,lose_weight,51,107,1476,146,141,35
female,91,156,32,high,build_muscle,115,168,3049,177,381,90
female,69,173,29,low,gain_weight,84,90,2163,111,281,65
male,56,170,20,moderate,gain_weight,67,122,2778,93,448,67
male,96,185,20,high,lose_weight,82,34,2693,205,313,68
female,70,172,24,moderate,gain_weight,78,53,2563,142,350,66
male,100,190,46,moderate,build_muscle,114,148,3374,209,462,76
male,69,183,19,moderate,gain_weight,73,42,2967,116,471,68
male,100,157,37,low,gain_weight,112,150,2390,211,228,70
male,92,184,39,high,build_muscle,117,47,3522,173,452,112
female,88,158,23,moderate,lose_weight,69,100,1799,144,174,58
male,93,167,35,low,gain_weight,100,137,2517,152,299,78
male,84,152,31,moderate,lose_weight,58,144,1910,142,238,43
female,67,165,40,moderate,gain_weight,86,47,2318,129,284,73
male,75,184,18,low,build_muscle,94,137,2577,160,300,81
male,73,170,50,moderate,build_muscle,88,107,2700,123,393,70
female,53,174,45,low,gain_weight,55,110,1929,109,267,47
male,75,180,23,high,lose_weight,56,99,2357,124,295,75
female,100,157,34,low,lose_weight,88,60,1248,161,77,32
female,70,159,22,high,lose_weight,52,103,1772,144,174,55
male,53,157,20,high,build_muscle,66,93,2770,100,432,70
male,89,168,35,moderate,gain_weight,99,69,3050,143,446,76
female,50,159,34,high,lose_weight,44,75,1403,102,173,33
female,62,158,36,high,build_muscle,76,172,2473,113,321,81
male,57,188,32,moderate,lose_weight,39,56,1698,102,219,45
male,52,160,36,moderate,build_muscle,55,50,2504,97,376,67
female,57,179,39,high,gain_weight,66,84,2538,91,361,80
female,97,185,33,high,gain_weight,121,34,3429,181,436,106
female,62,164,31,high,lose_weight,49,164,1726,129,203,43
female,50,171,26,moderate,lose_weight,36,66,1235,84,146,34
female,97,169,32,low,gain_weight,109,45,2484,170,315,59
male,67,176,18,low,gain_weight,71,58,2429,128,297,80
male,95,175,34,low,build_muscle,115,77,2611,185,332,60
male,86,153,40,low,build_muscle,96,40,2269,156,261,66
male,60,150,46,low,gain_weight,68,121,2013,106,250,64
male,79,161,45,low,gain_weight,99,90,2334,151,269,72
female,99,178,33,low,gain_weight,106,68,2406,198,252,66
female,88,166,49,high,gain_weight,94,59,3051,161,376,99
male,90,189,38,low,build_muscle,110,177,2617,176,317,70
female,73,183,38,low,lose_weight,58,60,1181,130,84,36
female,72,179,18,high,build_muscle,81,66,3013,117,436,88
female,67,178,25,moderate,build_muscle,70,151,2563,123,340,78
male,53,155,28,moderate,gain_weight,60,72,2460,102,374,61
male,68,180,25,high,gain_weight,84,88,3277,141,498,79
female,82,167,50,moderate,build_muscle,95,110,2659,154,352,70
male,89,173,49,high,gain_weight,99,74,3388,147,520,79
male,55,158,49,high,build_muscle,68,173,2555,109,347,80
male,100,190,39,moderate,lose_weight,94,60,2446,192,276,63
female,83,157,26,high,lose_weight,50,161,1843,164,173,54
male,72,181,38,high,gain_weight,85,106,3209,139,438,99
male,59,175,24,high,build_muscle,74,116,2981,109,480,69
female,85,164,36,low,gain_weight,98,139,2080,149,266,46
male,77,177,34,high,build_muscle,94,81,3312,161,435,103
male,56,154,28,low,lose_weight,51,133,1423,116,151,39
male,89,162,32,moderate,gain_weight,91,93,2977,187,394,72
female,57,158,47,high,lose_weight,46,101,1342,105,151,34
female,91,183,22,low,lose_weight,85,99,1608,172,131,43
female,59,186,31,low,gain_weight,63,109,2218,118,289,65
female,66,187,39,moderate,lose_weight,40,167,1572,129,164,44
female,88,170,26,moderate,lose_weight,72,56,1905,161,213,45
female,86,178,47,low,lose_weight,61,138,1190,174,35,38
male,71,178,25,high,build_muscle,91,98,3288,135,471,95
female,95,189,32,high,lose_weight,72,56,2331,158,305,53
male,59,156,45,high,build_muscle,72,58,2586,126,335,82
male,71,185,19,low,build_muscle,85,137,2428,134,291,80
male,70,151,26,low,lose_weight,63,148,1432,132,127,43
male,67,166,42,moderate,lose_weight,50,70,1712,122,194,49
female,66,167,40,low,gain_weight,83,134,1977,138,254,44
female,86,187,36,moderate,build_muscle,106,128,2922,187,332,93
female,77,173,19,low,gain_weight,86,34,2286,131,270,75
male,94,168,30,moderate,lose_weight,73,46,2200,172,246,58
male,57,185,40,high,lose_weight,51,85,2098,109,276,61
female,81,157,44,moderate,gain_weight,93,142,2423,158,277,75
male,75,161,24,low,lose_weight,48,56,1176,156,66,31
female,71,164,27,high,lose_weight,50,132,1747,135,197,46
male,55,173,27,high,build_muscle,61,116,2897,120,428,78
female,72,160,44,high,build_muscle,77,110,2648,140,369,67
female,70,167,38,low,gain_weight,88,78,1915,119,237,53
male,60,166,34,moderate,build_muscle,71,115,2713,122,360,86
male,80,182,48,high,build_muscle,99,159,3342,148,483,90
male,98,182,34,low,build_muscle,124,141,2689,210,322,61
female,50,177,33,low,gain_weight,65,43,1851,92,253,51
male,68,169,30,low,gain_weight,76,171,2315,109,319,66
female,99,151,34,low,gain_weight,127,132,2211,180,246,55
female,75,159,34,low,gain_weight,87,161,2049,125,238,65
female,99,151,18,low,lose_weight,77,63,1275,209,32,33
female,75,188,50,low,gain_weight,83,144,2275,161,260,65
female,55,174,46,low,build_muscle,65,38,1780,88,249,47
male,68,159,45,moderate,build_muscle,81,109,2629,121,369,73
male,81,184,23,high,gain_weight,101,42,3549,158,509,97
female,89,182,42,high,gain_weight,95,113,3126,188,369,99
male,64,159,22,moderate,lose_weight,47,73,1658,130,170,50
male,100,175,45,moderate,lose_weight,92,125,2424,195,269,62
female,93,169,35,low,build_muscle,113,87,2291,154,270,65
female,68,171,38,moderate,lose_weight,50,42,1366,146,108,38
female,99,166,35,high,lose_weight,89,96,2213,165,262,55
female,99,185,36,high,gain_weight,123,175,3591,198,438,115
female,76,155,30,moderate,build_muscle,87,52,2572,140,355,65
male,55,187,38,high,gain_weight,58,61,2989,105,431,93
male,74,150,31,moderate,lose_weight,59,169,1617,125,194,37
female,84,152,47,moderate,gain_weight,88,101,2546,148,331,69
male,63,164,43,low,gain_weight,66,180,1900,122,223,57
male,91,182,29,low,build_muscle,118,142,2612,152,367,59
male,89,164,37,high,gain_weight,113,84,3266,170,479,74
female,80,155,30,moderate,lose_weight,75,99,1774,166,179,43
male,71,155,21,high,gain_weight,88,67,3046,114,437,92
male,96,181,21,low,gain_weight,99,66,2843,155,346,93
male,98,175,19,moderate,build_muscle,114,132,3532,179,480,99
female,70,161,47,high,lose_weight,65,72,1795,137,180,58
male,88,189,24,moderate,gain_weight,103,164,3400,146,456,109
female,70,160,19,low,build_muscle,87,39,1901,153,183,61
female,54,169,23,moderate,gain_weight,59,144,2345,114,306,73
male,79,157,21,low,lose_weight,69,155,1504,166,117,41
male,60,187,19,moderate,gain_weight,64,46,2866,130,417,75
male,96,190,41,moderate,build_muscle,109,58,3225,204,432,75
male,66,183,45,low,gain_weight,68,126,2276,109,324,59
female,67,164,32,high,build_muscle,74,76,2689,128,350,85
male,55,151,39,low,build_muscle,66,55,2019,89,304,49
female,66,184,38,high,gain_weight,82,70,2944,136,420,79
male,78,166,31,high,build_muscle,97,160,3160,151,408,102
female,89,152,31,low,build_muscle,104,126,2258,182,266,51
male,100,175,27,low,build_muscle,107,53,2693,199,286,83
female,77,187,36,moderate,build_muscle,90,43,2866,143,406,74
male,94,169,34,low,gain_weight,101,76,2528,202,259,75
female,57,153,48,moderate,build_muscle,63,75,1947,96,248,62
male,74,152,36,high,build_muscle,76,44,2941,126,419,83
female,64,153,25,moderate,build_muscle,79,137,2312,131,323,54
female,95,154,41,low,build_muscle,112,87,2163,169,215,69
female,90,189,21,low,lose_weight,62,179,1390,194,81,32
female,72,188,26,moderate,build_muscle,81,146,2712,117,392,74
female,81,156,21,high,lose_weight,53,113,1974,160,224,48
female,53,151,26,high,lose_weight,31,42,1374,97,155,39
male,52,182,37,moderate,gain_weight,66,179,2628,103,384,74
female,88,162,22,moderate,gain_weight,92,123,2811,161,342,88
female,74,157,22,low,lose_weight,52,103,1078,143,59,29
male,76,184,44,low,build_muscle,88,100,2353,148,297,63
male,54,186,30,high,lose_weight,34,62,1912,100,268,48
male,52,179,35,low,gain_weight,67,155,2098,102,278,63
male,94,182,49,moderate,gain_weight,111,150,3241,182,449,79
male,59,155,39,high,build_muscle,63,64,2740,108,384,85
male,66,161,24,high,build_muscle,70,113,3040,114,478,74
female,56,174,45,moderate,build_muscle,69,166,2318,101,349,57
male,100,158,18,moderate,build_muscle,118,150,3208,179,425,87
female,53,180,36,low,gain_weight,67,37,1937,111,250,54
male,89,186,33,moderate,build_muscle,98,140,3288,150,469,90
male,75,168,18,low,gain_weight,85,164,2400,150,325,55
female,78,174,18,moderate,build_muscle,94,173,2879,138,377,90
male,79,171,50,moderate,build_muscle,84,167,2859,127,402,82
female,82,157,25,high,lose_weight,61,156,2012,135,234,59
male,62,159,30,moderate,gain_weight,73,178,2601,125,390,59
female,72,172,33,low,gain_weight,87,122,2051,119,284,48
male,100,178,31,moderate,build_muscle,102,60,3309,211,387,101
female,59,181,25,moderate,gain_weight,72,43,2532,125,353,68
female,66,165,35,low,build_muscle,85,161,1904,114,236,55
male,59,152,44,low,build_muscle,67,35,2043,127,246,61
male,100,188,33,low,gain_weight,123,39,2758,172,346,75
male,90,154,39,moderate,lose_weight,82,131,2183,186,245,50
male,78,154,40,low,lose_weight,56,147,1128,137,74,30
female,58,182,43,moderate,build_muscle,68,176,2551,116,352,74
male,80,181,25,low,lose_weight,68,41,1435,136,118,45
female,59,181,45,low,lose_weight,41,45,982,125,53,29
female,79,174,47,low,lose_weight,74,160,1511,134,157,38
female,91,180,33,high,gain_weight,113,155,3224,187,444,76
female,69,177,39,low,build_muscle,71,99,1919,116,256,47
female,84,168,20,high,gain_weight,97,38,3135,154,405,99
male,55,155,32,high,build_muscle,69,171,2613,89,381,81
male,71,181,48,low,build_muscle,76,153,2386,121,336,61
male,58,160,36,high,gain_weight,61,128,2782,117,378,88
male,77,187,32,moderate,lose_weight,63,94,2007,133,244,55
female,68,186,36,high,build_muscle,74,63,2931,116,452,72
female,55,150,46,moderate,lose_weight,49,158,1345,106,158,31
male,63,181,22,low,lose_weight,44,84,1192,112,116,30
female,91,168,39,moderate,lose_weight,59,85,1837,155,179,55
male,52,157,44,moderate,lose_weight,32,102,1219,99,131,32
female,67,186,50,moderate,build_muscle,71,63,2437,119,334,68
female,62,189,22,low,build_muscle,80,68,2139,134,266,59
female,99,184,34,low,build_muscle,117,38,2351,188,242,69
male,67,166,45,low,gain_weight,77,101,2067,113,272,58
male,61,184,50,low,gain_weight,65,85,2044,119,251,62
female,76,181,50,low,gain_weight,83,167,1972,132,239,54
male,85,153,46,low,lose_weight,70,47,1143,155,56,32
female,63,173,47,moderate,gain_weight,77,162,2341,127,311,65
female,52,154,47,high,lose_weight,35,133,1125,106,104,31
male,51,170,47,moderate,build_muscle,60,32,2329,88,360,59
male,66,184,30,low,gain_weight,76,84,2404,108,363,57
male,71,172,19,high,build_muscle,84,47,3175,129,433,102
male,88,187,33,high,gain_weight,113,156,3526,192,462,100
male,50,180,25,high,gain_weight,63,147,2815,109,440,68
female,89,185,31,low,build_muscle,109,141,2419,187,287,57
male,93,187,25,high,lose_weight,60,85,2691,180,294,87
female,70,183,50,high,gain_weight,90,122,2736,127,389,74
male,61,166,29,low,gain_weight,79,158,2150,127,291,52
male,74,163,38,moderate,gain_weight,77,134,2698,156,336,80
male,76,172,47,moderate,build_muscle,91,95,2810,145,376,80
male,75,166,33,high,lose_weight,68,179,2464,160,309,64
male,72,184,46,high,build_muscle,74,159,3188,121,506,75
male,61,156,47,moderate,gain_weight,64,103,2391,111,356,57
male,83,161,37,low,gain_weight,100,68,2321,174,241,72
female,80,184,35,moderate,build_muscle,89,53,2711,175,361,62
female,64,184,20,low,lose_weight,39,161,1137,125,99,26
female,56,184,43,high,build_muscle,59,149,2545,104,380,66
male,92,186,37,high,lose_weight,59,170,2655,157,350,69
female,73,157,39,low,lose_weight,58,60,898,135,34,24
female,85,159,43,high,build_muscle,91,71,2902,179,376,75
female,80,151,30,moderate,gain_weight,101,33,2580,144,311,84
female,75,162,19,high,lose_weight,52,146,1816,125,206,54
female,69,190,24,moderate,gain_weight,89,134,2835,116,395,87
male,66,166,37,moderate,gain_weight,84,130,2584,108,353,82
male,72,186,25,high,build_muscle,82,127,3418,122,523,92
male,97,181,21,moderate,gain_weight,107,170,3476,168,476,99
female,64,163,46,moderate,build_muscle,71,146,2334,122,308,67
male,89,154,50,high,gain_weight,107,155,3029,168,418,75
female,66,178,41,moderate,lose_weight,43,100,1572,109,167,51
female,92,190,49,low,build_muscle,99,127,2303,148,280,65
male,95,164,20,high,build_muscle,101,138,3612,165,484,112
male,78,163,29,low,gain_weight,91,49,2351,155,274,70
female,53,188,18,moderate,lose_weight,41,124,1459,105,181,34
female,58,164,50,moderate,lose_weight,46,177,1391,103,142,45
female,66,169,20,moderate,build_muscle,78,50,2679,138,379,67
male,52,151,41,low,lose_weight,41,122,782,89,65,18
female,93,173,43,low,gain_weight,95,167,2315,172,249,69
female,71,177,41,low,lose_weight,61,150,1161,119,97,32
female,74,182,35,moderate,gain_weight,89,101,2756,148,384,69
male,62,178,30,moderate,gain_weight,66,110,2774,116,411,73
male,93,176,35,high,build_muscle,110,63,3507,200,434,107
female,56,164,19,high,build_muscle,65,133,2597,94,391,72
male,80,156,35,low,build_muscle,99,157,2163,159,263,52
male,56,176,26,low,gain_weight,65,54,2073,122,280,51
male,72,156,38,high,lose_weight,47,91,1955,117,269,45
male,63,183,46,low,gain_weight,75,168,2138,120,306,47
female,98,153,48,moderate,gain_weight,111,90,2824,184,369,67
female,92,178,25,moderate,lose_weight,65,71,2007,179,187,59
male,97,165,27,low,lose_weight,92,109,1950,161,192,59
female,76,166,25,high,gain_weight,97,152,2820,167,342,86
female,84,170,50,low,lose_weight,54,105,1090,136,70,28
female,92,164,47,high,gain_weight,104,119,2977,174,399,75
female,81,178,30,low,gain_weight,83,173,2347,152,316,52
male,97,184,39,moderate,lose_weight,73,148,2332,156,262,72
male,91,155,49,low,gain_weight,108,165,2165,188,234,52
female,53,171,41,moderate,lose_weight,43,156,1393,111,159,34
male,50,176,34,low,lose_weight,41,99,1087,104,91,33
female,92,168,18,moderate,build_muscle,117,133,3078,180,398,84
male,92,188,18,moderate,lose_weight,83,141,2676,181,349,61
female,72,162,19,moderate,gain_weight,89,173,2648,141,380,62
male,62,168,42,low,gain_weight,66,105,2098,112,305,47
male,73,187,29,high,gain_weight,88,39,3331,117,505,93
male,97,176,47,low,build_muscle,112,142,2508,201,242,81
male,92,164,25,high,gain_weight,100,105,3556,194,483,93
male,50,176,40,low,lose_weight,35,138,960,105,77,25
female,99,182,27,high,lose_weight,93,46,2556,198,288,67
female,74,187,30,high,gain_weight,86,89,3131,136,440,91
male,93,166,37,moderate,build_muscle,102,44,3092,194,360,96
male,88,186,39,high,lose_weight,65,175,2568,189,286,73
male,52,179,24,moderate,build_muscle,58,67,2606,84,405,71
female,63,183,49,low,lose_weight,51,128,1024,124,72,26
male,82,190,42,low,build_muscle,84,65,2488,160,293,74
female,85,176,46,moderate,lose_weight,56,129,1743,139,179,51
female,86,174,40,high,build_muscle,102,137,3059,180,388,87
male,84,169,34,high,lose_weight,79,118,2573,176,325,62
female,96,154,33,high,lose_weight,87,69,2113,157,244,56
female,82,151,29,low,build_muscle,85,105,1989,146,233,52
female,91,177,45,high,lose_weight,67,54,2078,168,205,64
female,51,189,40,moderate,gain_weight,58,137,2551,91,416,58
male,81,176,23,moderate,build_muscle,87,32,3168,164,466,71
male,77,163,35,moderate,lose_weight,56,161,1790,155,190,45
female,66,156,23,high,build_muscle,71,171,2598,111,358,79
male,65,155,39,moderate,build_muscle,75,166,2474,118,327,76
male,64,151,48,high,build_muscle,76,100,2739,132,371,80
female,89,176,19,low,build_muscle,95,123,2279,186,224,70
male,83,176,46,moderate,build_muscle,98,172,2951,178,341,96
female,66,181,41,low,gain_weight,73,55,1979,126,224,64
male,60,188,48,high,lose_weight,45,137,1947,110,253,54
female,80,181,34,high,lose_weight,70,80,2111,131,272,55
male,74,186,50,moderate,lose_weight,58,138,1812,143,193,51
male,53,152,25,high,build_muscle,58,162,2717,93,438,65
female,97,151,50,high,build_muscle,102,70,2875,192,370,69
female,59,170,37,moderate,gain_weight,68,55,2266,123,319,54
female,81,172,39,moderate,lose_weight,59,60,1578,159,139,42
female,50,176,20,low,build_muscle,58,136,1932,89,266,56
male,59,154,22,low,build_muscle,69,169,2109,116,261,66
female,99,172,26,high,lose_weight,90,117,2399,191,270,61
male,94,158,33,high,gain_weight,116,173,3465,165,525,77
female,63,150,39,high,gain_weight,71,127,2508,112,337,78
female,74,173,21,high,lose_weight,55,89,1973,128,244,53
female,92,183,39,high,build_muscle,112,63,3312,148,469,93
male,57,163,50,low,lose_weight,50,176,1353,107,138,40
male,78,172,22,moderate,build_muscle,101,67,3085,152,435,81
female,51,168,21,moderate,gain_weight,54,88,2327,106,352,54
male,65,189,36,high,lose_weight,46,86,2156,131,291,51
female,78,180,29,high,build_muscle,91,113,2993,147,430,76
male,97,152,25,low,build_muscle,123,111,2514,157,292,79
female,57,163,29,low,gain_weight,68,93,1851,106,227,57
male,85,161,42,low,build_muscle,109,110,2294,144,312,51
female,77,174,38,moderate,lose_weight,68,162,1996,138,244,51
female,87,177,27,moderate,gain_weight,113,81,2947,145,412,79
male,64,180,34,moderate,gain_weight,73,83,2789,135,393,74
female,95,156,49,low,lose_weight,90,66,1317,157,96,33
female,99,182,38,low,gain_weight,109,74,2464,194,248,77
female,69,176,33,low,build_muscle,73,151,2059,151,256,47
female,86,179,38,low,lose_weight,57,58,1225,141,94,31
female,94,159,37,high,gain_weight,101,60,3135,166,431,82
male,93,181,22,moderate,build_muscle,108,95,3199,154,472,76
female,86,171,43,high,lose_weight,62,128,1930,149,210,54
female,84,166,45,low,lose_weight,70,105,1135,149,76,25
male,85,186,47,high,lose_weight,66,140,2424,177,307,54
female,77,188,36,low,lose_weight,46,62,1242,141,106,27
male,73,178,50,high,gain_weight,91,54,3007,128,403,97
female,64,154,19,low,build_muscle,82,58,1995,116,254,57
male,97,177,43,high,build_muscle,123,140,3533,179,459,108
female,84,178,30,moderate,build_muscle,90,101,3015,154,436,72
female,57,162,26,low,build_muscle,72,80,1881,97,234,61
female,63,162,23,moderate,lose_weight,55,120,1574,126,152,51
male,66,153,21,high,gain_weight,76,84,2867,140,379,87
male,96,177,28,high,lose_weight,75,37,2682,201,304,73
female,81,153,25,high,lose_weight,54,43,1900,159,213,45
female,84,161,49,high,lose_weight,56,157,1830,170,190,42
male,59,160,50,low,lose_weight,52,116,1067,120,81,28
female,84,171,18,moderate,build_muscle,88,129,2967,159,394,83
female,98,155,36,moderate,gain_weight,112,58,2850,191,333,83
male,83,153,28,low,gain_weight,96,118,2379,152,296,64
female,58,151,33,high,lose_weight,36,110,1283,109,118,41
female,97,150,26,low,lose_weight,66,162,1215,175,63,28
male,78,153,41,high,gain_weight,80,120,3069,131,467,74
male,94,184,30,high,lose_weight,61,105,2644,173,344,63
male,54,168,23,low,lose_weight,39,130,1070,91,102,32
male,81,183,28,high,build_muscle,90,130,3491,140,513,97
female,67,187,48,moderate,build_muscle,79,36,2499,122,329,77
male,91,152,35,low,lose_weight,65,79,1376,152,104,38
female,61,153,31,low,lose_weight,44,32,738,122,13,21
male,51,183,27,moderate,lose_weight,39,100,1731,99,203,57
female,86,150,36,high,build_muscle,92,130,2773,168,360,72
female,73,156,19,low,build_muscle,78,105,2010,157,217,56
male,51,182,41,high,lose_weight,34,150,1847,93,237,58
male,98,160,21,moderate,lose_weight,75,139,2309,164,252,71
female,76,160,30,low,lose_weight,47,77,948,158,25,23
male,67,182,39,high,lose_weight,44,176,2171,127,291,55
male,73,184,20,moderate,lose_weight,52,33,2096,138,248,61
male,50,180,37,high,lose_weight,33,136,1837,108,240,48
male,60,157,21,high,gain_weight,69,37,2780,120,421,67
female,56,188,47,moderate,lose_weight,45,123,1422,99,151,46
male,54,181,40,high,gain_weight,66,123,2848,89,435,83
male,98,157,42,moderate,gain_weight,107,94,3148,178,391,96
female,81,178,34,high,build_muscle,98,178,3036,168,365,100
male,84,188,25,high,lose_weight,63,121,2599,183,330,60
female,74,151,44,low,gain_weight,86,76,1780,132,192,53
male,74,170,25,moderate,build_muscle,84,32,2858,159,360,86
female,51,175,32,moderate,gain_weight,57,135,2368,84,374,59
female,75,166,29,high,lose_weight,53,52,1932,141,199,63
female,64,167,34,moderate,gain_weight,71,179,2432,110,338,71
female,85,176,46,high,build_muscle,100,44,3050,145,420,87
male,69,178,32,moderate,lose_weight,61,166,2150,129,287,53
female,71,182,20,low,build_muscle,84,101,2312,138,274,73
female,67,180,36,high,lose_weight,54,38,1860,142,211,49
female,66,172,48,moderate,lose_weight,45,36,1431,130,145,36
male,59,174,33,moderate,build_muscle,70,141,2605,103,367,80
female,58,178,50,moderate,lose_weight,38,40,1206,117,115,30
female,58,182,37,high,gain_weight,61,88,2772,109,394,84
female,87,179,38,moderate,gain_weight,113,54,2760,170,318,89
male,92,158,32,high,build_muscle,115,171,3438,153,519,83
female,91,179,42,low,gain_weight,115,32,2301,195,257,54
male,66,179,29,low,build_muscle,71,39,2161,120,279,62
male,90,167,35,moderate,gain_weight,92,132,3090,185,359,101
female,81,182,38,high,gain_weight,89,179,3066,170,426,75
male,85,174,38,high,lose_weight,56,95,2293,140,296,60
female,90,154,49,moderate,gain_weight,100,174,2577,182,273,83
female,82,186,47,low,build_muscle,84,31,2238,139,263,69
male,88,175,23,low,build_muscle,107,78,2596,160,302,82
female,55,162,28,low,build_muscle,61,169,1828,114,206,60
male,59,162,37,high,build_muscle,68,150,2890,119,447,69
male,58,157,33,high,lose_weight,53,55,1700,118,201,46
male,73,151,42,moderate,gain_weight,79,110,2701,153,384,60
male,50,174,26,high,gain_weight,65,76,2725,87,439,68
male,90,181,19,high,lose_weight,84,180,3007,182,381,83
female,83,154,46,moderate,lose_weight,72,157,1617,157,162,37
male,91,173,22,moderate,build_muscle,115,130,3147,180,397,93
male,100,162,37,low,gain_weight,112,85,2524,206,282,62
male,96,152,37,moderate,lose_weight,87,102,2007,210,145,65
female,81,150,48,low,gain_weight,103,78,1889,137,202,58
male,50,159,28,high,lose_weight,42,151,1899,90,254,57
male,99,189,37,low,lose_weight,84,136,1593,163,138,42
male,69,178,33,high,build_muscle,79,82,3076,111,482,77
female,62,151,36,moderate,lose_weight,48,159,1212,101,136,28
female,92,173,45,high,build_muscle,94,147,3062,188,352,100
male,73,181,46,low,gain_weight,94,165,2220,143,298,50
male,75,179,24,high,lose_weight,56,125,2248,125,293,63
female,72,182,21,moderate,lose_weight,45,167,1856,149,219,42
female,63,189,34,moderate,build_muscle,77,165,2694,100,422,66
female,88,177,39,low,build_muscle,96,125,2402,152,296,67
female,59,177,23,moderate,build_muscle,61,167,2425,95,353,70
female,92,153,26,high,gain_weight,94,168,3070,149,430,83
female,90,154,26,moderate,lose_weight,63,33,1671,162,133,54
female,61,160,44,moderate,gain_weight,64,83,2385,103,337,69
male,53,174,29,moderate,build_muscle,68,70,2598,108,383,70
male,53,160,28,moderate,lose_weight,38,86,1529,98,204,35
male,66,182,37,low,lose_weight,47,170,1327,109,141,35
male,57,159,46,high,gain_weight,62,99,2564,106,389,64
female,58,187,29,high,build_muscle,69,162,2735,118,368,87
female,82,155,23,high,build_muscle,87,32,2916,144,373,93
male,97,153,50,moderate,lose_weight,65,171,1944,206,137,63
female,100,183,34,moderate,gain_weight,105,62,3248,201,391,97
male,84,163,39,low,gain_weight,86,46,2225,174,216,73
female,77,181,18,high,lose_weight,69,142,2450,145,325,62
female,50,150,20,low,gain_weight,58,119,1855,83,263,52
male,80,153,44,moderate,build_muscle,90,39,2724,161,355,73
male,50,163,43,high,gain_weight,57,48,2683,101,419,66
female,77,175,36,low,lose_weight,50,159,1063,153,41,31
female,71,164,37,moderate,gain_weight,73,35,2547,133,336,74
female,56,152,22,moderate,lose_weight,42,82,1214,90,134,34
male,71,166,30,moderate,gain_weight,85,139,2680,151,359,71
male,54,156,44,high,gain_weight,58,87,2618,103,385,73
male,65,179,47,moderate,lose_weight,56,154,1882,109,259,44
female,88,190,40,high,gain_weight,103,75,3232,142,431,103
male,73,184,24,moderate,gain_weight,87,144,3109,153,420,90
male,65,170,46,high,gain_weight,77,83,2970,120,434,83
female,87,152,32,low,build_muscle,100,54,2104,145,250,57
female,94,158,40,moderate,lose_weight,59,169,1810,196,134,54
male,60,168,25,high,build_muscle,62,154,3093,102,491,79
male,67,181,34,low,lose_weight,58,147,1412,116,142,41
male,54,171,45,moderate,build_muscle,67,137,2484,90,390,62
female,81,189,35,low,gain_weight,83,95,2401,144,310,64
female,59,167,38,high,lose_weight,36,147,1590,129,152,51
male,55,153,22,high,gain_weight,59,60,2731,97,397,83
male,83,179,26,high,build_muscle,101,70,3323,135,480,95
female,75,155,28,high,lose_weight,64,69,1671,137,168,49
male,89,166,32,low,build_muscle,96,133,2341,176,252,69
male,85,174,43,low,lose_weight,73,33,1430,183,73,44
female,61,169,19,low,gain_weight,65,71,1942,113,258,50
male,78,153,27,moderate,build_muscle,85,158,2880,151,357,93
female,83,183,21,high,gain_weight,97,50,3321,147,495,83
female,66,188,18,high,lose_weight,53,36,2042,126,255,57
male,73,160,31,high,lose_weight,56,170,1959,130,214,64
female,56,165,45,moderate,build_muscle,63,92,2152,105,284,65
male,51,150,34,moderate,gain_weight,57,81,2445,103,346,71
male,93,166,25,moderate,lose_weight,63,150,2200,171,228,66
female,59,166,25,low,gain_weight,70,111,1991,129,234,59
male,61,156,32,low,gain_weight,77,111,2066,129,264,54
male,69,175,35,moderate,gain_weight,76,34,2913,122,418,83
male,84,167,38,low,lose_weight,65,140,1325,181,50,44
male,52,150,45,low,gain_weight,64,154,1944,101,243,62
male,61,160,19,moderate,gain_weight,73,77,2728,108,382,84
female,56,190,40,high,lose_weight,51,54,1767,116,192,58
male,93,161,19,low,build_muscle,114,174,2485,169,282,75
male,82,186,33,moderate,lose_weight,74,137,2377,169,274,67
female,77,188,18,moderate,gain_weight,92,59,2940,137,412,82
male,56,156,27,high,build_muscle,69,67,2750,91,441,68
male,53,179,49,low,gain_weight,62,139,2072,88,301,56
female,79,172,41,high,build_muscle,92,94,2979,142,426,77
male,72,179,46,high,lose_weight,47,176,2084,139,227,68
female,50,176,35,high,lose_weight,38,166,1709,107,200,52
male,60,163,34,low,lose_weight,38,148,1090,110,98,28
male,69,180,36,low,build_muscle,71,107,2177,127,271,64
female,90,161,49,high,lose_weight,80,127,2043,193,210,47
male,93,174,43,low,gain_weight,104,163,2417,163,275,73
male,57,170,40,low,gain_weight,65,51,1998,104,268,56
female,81,170,22,low,lose_weight,65,36,1209,154,84,28
male,62,160,36,moderate,lose_weight,38,60,1635,103,184,53
male,81,159,34,high,build_muscle,101,38,3082,171,440,70
male,56,158,22,moderate,gain_weight,71,52,2635,113,350,86
female,66,164,41,high,lose_weight,40,93,1504,135,139,45
male,68,157,34,low,lose_weight,48,48,1192,138,75,37
female,63,164,27,low,gain_weight,81,170,1975,134,214,64
female,85,171,29,low,lose_weight,52,171,1137,177,36,31
female,92,150,41,moderate,lose_weight,71,154,1662,184,132,43
female,50,175,32,moderate,build_muscle,64,171,2292,84,350,61
female,92,164,50,high,gain_weight,112,76,3030,192,357,92
male,89,175,36,low,lose_weight,62,118,1521,169,121,39
female,87,150,36,moderate,build_muscle,90,55,2524,156,337,60
female,68,177,45,high,build_muscle,72,143,2717,145,358,77
female,76,151,34,low,build_muscle,82,35,1833,162,160,60
female,96,177,40,high,gain_weight,117,139,3349,161,443,103
male,70,158,48,low,gain_weight,90,153,2100,146,235,63
female,88,158,26,moderate,lose_weight,74,100,1782,159,188,43
male,97,168,26,moderate,lose_weight,69,39,2152,205,214,52
female,79,175,36,high,build_muscle,96,169,3013,140,456,69
male,91,186,27,high,build_muscle,105,121,3776,153,586,90
male,70,163,49,low,gain_weight,75,178,2097,130,237,69
female,69,184,37,moderate,gain_weight,78,74,2666,113,402,66
female,63,156,28,high,build_muscle,65,145,2703,133,343,88
female,85,171,35,moderate,lose_weight,71,161,1745,139,192,46
male,100,160,39,moderate,gain_weight,108,97,3201,215,418,73
female,77,160,20,low,build_muscle,85,141,2106,166,208,67
male,69,182,19,low,build_muscle,71,41,2516,132,360,60
female,87,163,47,high,lose_weight,80,114,2063,175,220,53
female,98,185,27,high,lose_weight,87,175,2639,181,327,67
female,85,162,24,low,build_muscle,97,178,2217,166,230,69
female,60,150,35,moderate,gain_weight,64,141,2107,105,290,58
female,76,182,23,high,gain_weight,97,134,3098,137,429,92
male,61,176,40,low,build_muscle,71,53,2130,106,278,65
female,80,172,32,moderate,gain_weight,101,86,2759,130,418,62
female,76,159,37,moderate,gain_weight,85,105,2519,121,343,72
male,54,155,23,high,build_muscle,66,121,2770,111,420,71
male,99,171,20,high,build_muscle,124,124,3690,213,511,87
female,65,166,37,high,lose_weight,53,120,1676,109,200,48
female,59,179,25,low,gain_weight,61,88,2009,105,246,66
male,83,154,35,low,lose_weight,70,146,1246,158,59,41
male,77,183,26,moderate,build_muscle,91,138,3033,168,407,80
female,93,165,19,high,lose_weight,77,179,2278,167,242,70
male,88,162,21,low,lose_weight,57,118,1447,186,76,43
female,65,158,49,moderate,build_muscle,68,116,2243,141,257,72
male,74,162,43,high,build_muscle,84,71,3122,150,455,77
male,60,160,19,high,gain_weight,78,35,2854,105,415,85
male,98,177,42,low,lose_weight,80,103,1472,197,85,38
female,97,172,42,high,build_muscle,119,115,3119,212,350,96
male,88,150,39,high,build_muscle,93,77,3061,171,437,69
female,72,185,43,low,lose_weight,53,112,1108,131,69,34
female,98,174,38,moderate,build_muscle,112,171,3024,212,373,75
male,76,169,39,high,lose_weight,52,53,2185,161,254,58
female,80,152,21,low,lose_weight,58,69,1110,133,75,30
female,83,171,49,moderate,gain_weight,95,95,2724,148,395,60
male,82,151,44,moderate,lose_weight,71,123,1804,171,153,56
male,97,180,27,low,build_muscle,111,49,2653,172,323,74
female,50,189,42,moderate,gain_weight,58,33,2396,102,364,58
female,61,179,36,moderate,gain_weight,63,119,2403,103,353,63
male,95,171,42,high,lose_weight,84,76,2340,167,268,66
female,82,174,50,moderate,gain_weight,87,98,2751,173,371,63
male,53,172,47,low,gain_weight,68,112,2055,108,282,54
female,86,178,20,low,lose_weight,68,137,1373,172,78,41
male,66,177,19,low,gain_weight,82,71,2302,123,295,69
male,98,174,20,moderate,build_muscle,101,64,3378,176,488,79
male,64,186,39,low,build_muscle,80,158,2327,110,340,58
male,84,174,41,low,build_muscle,107,51,2230,158,276,54
male,100,153,29,moderate,gain_weight,111,128,3079,214,348,92
female,90,182,43,moderate,lose_weight,72,112,1962,185,199,46
male,88,180,36,low,gain_weight,113,139,2421,143,337,55
female,64,182,32,low,build_muscle,71,137,2021,135,254,50
male,84,153,18,high,build_muscle,100,70,3194,143,428,100
female,53,185,38,high,gain_weight,65,79,2605,101,399,66
female,70,173,25,high,lose_weight,52,80,1916,135,210,59
female,91,164,38,low,gain_weight,94,170,2256,161,288,50
male,94,151,41,moderate,gain_weight,103,165,3030,157,412,83
male,67,168,44,low,lose_weight,54,48,1091,136,56,35
male,61,188,45,moderate,gain_weight,63,93,2803,109,436,69
male,92,190,38,high,lose_weight,83,148,2899,175,394,68
male,82,176,20,moderate,build_muscle,101,109,3219,145,436,99
male,88,179,23,low,build_muscle,90,47,2644,175,339,64
female,88,151,28,high,lose_weight,73,66,2013,171,215,51
male,67,166,36,moderate,build_muscle,80,170,2706,114,424,61
female,92,186,22,moderate,build_muscle,96,114,3087,180,387,90
female,62,176,20,high,lose_weight,48,151,1731,127,185,53
female,94,153,45,low,gain_weight,102,124,2069,175,209,59
female,73,166,47,high,gain_weight,89,63,2601,145,322,80
male,51,178,35,low,gain_weight,56,44,2228,108,290,70
female,97,163,33,high,lose_weight,61,108,2150,186,198,67
female,65,150,26,moderate,lose_weight,50,180,1464,121,167,34
female,85,174,31,low,lose_weight,58,78,1165,142,74,33
female,63,184,20,moderate,lose_weight,56,52,1741,114,207,50
male,96,153,49,low,gain_weight,123,83,2339,203,244,60
female,58,164,35,high,lose_weight,36,153,1478,112,175,36
female,81,177,38,high,lose_weight,59,46,2062,151,249,50
female,61,174,25,low,lose_weight,51,163,1145,118,101,29
female,80,155,19,high,lose_weight,63,61,1917,167,176,60
female,69,182,34,low,gain_weight,82,67,2121,150,232,65
female,79,171,20,moderate,gain_weight,82,103,2715,138,403,60
male,52,185,31,moderate,gain_weight,65,54,2707,86,436,68
male,58,155,31,moderate,build_muscle,70,175,2429,101,325,80
female,94,157,47,low,gain_weight,106,153,2202,188,249,49
male,73,175,48,moderate,build_muscle,77,106,2858,143,405,73
female,55,156,24,low,lose_weight,39,36,727,91,48,18
female,63,174,39,low,lose_weight,56,32,870,110,45,27
male,100,174,21,moderate,lose_weight,70,95,2373,171,244,78
male,90,157,31,high,lose_weight,76,42,2301,174,280,53
female,53,164,24,high,build_muscle,57,50,2575,88,418,60
male,79,156,18,moderate,build_muscle,93,93,2890,168,374,80
female,78,187,34,moderate,build_muscle,87,66,2818,137,418,66
female,65,158,50,low,lose_weight,58,90,882,124,44,22
male,60,158,35,high,build_muscle,75,122,2839,121,395,86
male,77,151,35,high,lose_weight,53,96,2051,142,231,61
male,70,166,21,low,build_muscle,73,126,2319,120,335,55
female,78,186,40,moderate,gain_weight,100,33,2716,153,388,60
male,66,164,44,moderate,gain_weight,84,130,2607,107,403,62
male,52,182,48,low,lose_weight,31,165,993,113,82,22
female,73,168,42,moderate,lose_weight,45,177,1576,149,133,49
female,86,169,41,low,gain_weight,96,162,2216,156,259,61
male,82,187,25,high,lose_weight,52,58,2483,161,310,65
male,56,154,19,moderate,build_muscle,61,114,2486,110,373,61
female,97,164,35,moderate,lose_weight,74,80,1858,206,148,48
female,60,166,22,low,gain_weight,74,131,1920,106,250,54
male,73,160,45,moderate,gain_weight,88,121,2551,149,350,60
female,62,160,48,high,lose_weight,54,120,1675,120,191,47
female,52,175,34,low,lose_weight,38,103,810,96,57,21
female,84,162,27,high,build_muscle,97,143,2979,143,409,85
female,95,151,44,low,gain_weight,112,100,2238,173,236,66
female,77,161,31,low,gain_weight,81,51,2039,147,251,49
male,65,174,25,moderate,lose_weight,42,83,1857,108,229,56
male,58,169,27,moderate,lose_weight,46,36,1713,105,232,40
male,62,184,24,moderate,lose_weight,48,162,1886,110,239,54
female,94,182,40,high,lose_weight,66,63,2307,153,302,53
male,96,152,36,low,lose_weight,69,156,1306,189,43,41
female,87,183,21,low,gain_weight,108,113,2543,173,313,66
female,54,163,28,high,lose_weight,36,40,1402,88,189,32
female,89,188,34,moderate,gain_weight,107,134,3049,185,366,93
female,94,189,33,moderate,build_muscle,115,53,3113,177,387,95
male,95,188,29,low,gain_weight,97,127,2810,155,349,87
male,76,190,48,low,lose_weight,57,113,1329,144,102,37
female,57,168,33,high,build_muscle,62,63,2460,123,360,58
male,54,177,18,moderate,build_muscle,56,66,2803,118,395,83
female,91,158,22,high,gain_weight,118,142,3193,175,386,105
female,54,189,37,low,build_muscle,65,106,1977,102,279,49
female,77,181,43,high,lose_weight,71,178,2367,143,294,68
female,74,189,32,high,gain_weight,76,135,3028,135,459,72
female,54,178,50,high,build_muscle,67,46,2464,96,366,68
female,98,181,38,low,gain_weight,124,152,2428,167,304,60
male,62,166,44,low,gain_weight,79,180,2030,106,267,59
male,91,169,31,low,lose_weight,55,121,1449,190,70,44
male,70,162,46,high,gain_weight,72,157,2925,134,385,94
male,51,179,49,moderate,lose_weight,43,48,1448,108,164,39
male,95,155,48,moderate,build_muscle,105,46,2935,194,374,73
male,73,150,27,low,build_muscle,91,63,2170,158,226,70
female,84,160,37,high,lose_weight,72,96,1956,148,237,45
male,93,155,44,high,build_muscle,101,75,3259,187,419,92
male,67,187,42,high,gain_weight,82,70,3178,115,513,73
female,80,189,41,high,build_muscle,90,144,3094,166,409,87
female,78,153,38,high,gain_weight,84,134,2791,157,354,83
male,50,177,19,high,lose_weight,44,140,2351,93,337,69
male,59,173,43,high,lose_weight,54,107,2205,115,321,50
female,65,177,23,high,build_muscle,75,116,2899,138,417,74
male,82,173,42,low,build_muscle,101,118,2453,174,296,63
female,100,169,42,high,gain_weight,102,62,3275,168,446,90
female,99,164,43,high,build_muscle,110,122,3169,195,431,73
male,68,177,37,low,lose_weight,45,65,1267,119,132,28
male,79,174,33,high,lose_weight,69,157,2500,148,291,82
male,73,166,35,moderate,lose_weight,44,123,1853,130,217,51
female,93,155,44,low,lose_weight,75,143,1214,149,69,37
female,100,174,24,low,lose_weight,85,45,1552,216,90,36
male,83,150,49,high,build_muscle,96,164,2991,134,424,83
female,74,152,35,high,lose_weight,65,66,1535,156,125,45
female,98,156,43,moderate,gain_weight,124,143,2805,156,337,91
female,85,169,42,high,lose_weight,78,133,2156,177,240,53
male,89,185,33,high,gain_weight,95,49,3480,162,493,95
female,55,167,46,low,build_muscle,63,151,1788,102,229,51
female,95,173,22,low,lose_weight,65,159,1458,160,129,33
female,75,167,30,moderate,gain_weight,89,115,2578,142,334,74
male,50,151,40,low,build_muscle,54,44,1805,97,222,58
female,78,167,20,low,gain_weight,97,79,2195,156,229,72
female,68,178,34,moderate,lose_weight,43,138,1589,145,141,49
female,95,171,23,moderate,lose_weight,74,161,2015,156,229,52
male,86,153,30,moderate,build_muscle,109,136,2809,177,353,76
male,54,187,43,low,build_muscle,67,80,2174,91,341,49
male,64,156,35,moderate,build_muscle,70,177,2703,138,345,85
female,95,187,29,high,build_muscle,99,66,3447,159,517,82
female,67,180,30,moderate,build_muscle,85,152,2662,116,383,73
male,77,151,20,moderate,gain_weight,85,148,2851,149,387,77
female,57,183,21,moderate,lose_weight,46,93,1627,98,200,47
male,69,190,27,low,lose_weight,42,167,1445,126,131,45
male,79,160,34,high,lose_weight,49,90,2089,156,255,48
female,62,171,26,low,lose_weight,45,35,894,118,49,24
female,75,154,45,moderate,build_muscle,97,31,2356,124,290,77
male,95,179,18,high,build_muscle,123,141,3817,156,591,91
male,86,154,41,moderate,gain_weight,106,43,2933,155,430,65
male,88,185,25,high,gain_weight,114,151,3605,145,509,109
male,100,182,42,high,gain_weight,128,79,3622,178,485,107
male,89,159,28,high,build_muscle,110,48,3300,154,460,93
female,55,155,40,low,lose_weight,45,147,787,97,50,21
male,94,184,22,high,lose_weight,80,51,2655,203,269,84
male,76,162,45,high,gain_weight,91,143,3022,135,438,80
female,59,165,31,high,build_muscle,61,75,2635,106,417,59
male,53,172,26,low,build_muscle,65,44,2115,95,283,66
female,59,174,38,low,lose_weight,41,84,927,103,63,28
male,57,153,35,moderate,build_muscle,64,133,2543,109,370,69
female,92,172,32,low,build_muscle,109,154,2217,150,263,62
female,72,156,18,low,build_muscle,75,128,2097,144,253,56
female,69,176,30,high,gain_weight,89,83,2816,137,367,88
female,79,160,20,moderate,gain_weight,88,178,2704,164,316,86
female,72,189,33,moderate,lose_weight,55,118,1833,128,196,59
female,75,178,26,moderate,build_muscle,85,171,2677,159,355,68
female,61,189,46,moderate,gain_weight,68,108,2469,130,336,66
male,93,186,38,moderate,lose_weight,60,59,2259,182,266,51
male,97,166,19,moderate,lose_weight,75,52,2360,192,248,66
male,81,190,24,low,gain_weight,88,122,2552,164,311,71
male,88,168,21,high,build_muscle,96,151,3546,191,462,103
male,81,152,44,moderate,gain_weight,95,158,2654,158,308,87
male,82,157,49,low,lose_weight,56,43,1255,170,55,39
female,65,173,46,moderate,gain_weight,84,67,2396,117,359,54
male,74,179,47,moderate,lose_weight,68,80,1933,120,220,63
male,95,155,49,moderate,build_muscle,116,78,2906,156,357,94
male,57,188,26,high,gain_weight,71,68,3161,101,516,76
male,80,190,29,low,gain_weight,92,161,2471,129,359,57
male,70,185,50,low,gain_weight,91,170,2273,127,277,72
female,97,167,47,low,lose_weight,60,164,1337,183,76,33
male,97,165,20,high,lose_weight,83,123,2562,200,284,68
female,51,182,35,moderate,lose_weight,35,44,1255,96,153,28
male,74,164,28,high,gain_weight,80,36,3059,151,436,78
female,58,188,47,moderate,build_muscle,61,35,2473,105,364,65
female,69,178,46,moderate,lose_weight,62,144,1748,113,205,52
female,66,167,50,high,build_muscle,74,94,2546,135,343,70
male,74,180,35,low,gain_weight,82,114,2399,152,308,61
male,56,162,39,moderate,gain_weight,61,94,2483,109,369,63
female,74,157,49,high,build_muscle,95,140,2515,123,352,67
male,73,159,42,low,lose_weight,44,135,1053,141,67,24
male,87,176,46,moderate,build_muscle,108,70,3019,159,416,79
male,78,160,40,low,gain_weight,94,174,2210,162,266,55
male,95,167,28,high,gain_weight,121,84,3552,204,429,112
female,91,186,42,low,build_muscle,109,81,2379,190,258,64
female,74,179,44,high,build_muscle,89,60,2757,162,320,91
female,74,183,45,moderate,lose_weight,69,117,2075,162,234,54
female,73,159,18,low,lose_weight,51,43,1108,153,52,31
female,74,188,36,moderate,build_muscle,82,124,2895,148,421,68
female,79,157,47,moderate,build_muscle,87,113,2367,170,247,76
male,94,164,39,high,build_muscle,118,63,3536,179,502,89
male,86,178,43,low,gain_weight,101,72,2445,148,296,73
female,92,163,19,low,lose_weight,66,39,1412,179,100,32
male,99,154,26,low,build_muscle,101,147,2453,196,239,78
male,84,157,25,moderate,gain_weight,93,77,3028,137,437,80
male,70,185,41,moderate,gain_weight,90,154,2958,122,435,80
male,87,176,35,moderate,gain_weight,110,114,3140,158,462,72
male,71,162,35,low,build_muscle,78,152,2126,141,260,57
female,100,161,48,moderate,gain_weight,105,97,2699,200,320,68
female,81,151,47,low,build_muscle,95,170,2007,136,235,57
female,57,159,43,moderate,lose_weight,38,88,1102,98,106,31
male,95,183,25,low,gain_weight,98,148,2730,188,326,74
female,81,155,26,high,gain_weight,95,72,2871,159,383,77
male,73,177,18,high,lose_weight,45,134,2347,154,261,76
male,63,174,43,low,lose_weight,55,37,1172,121,104,29
female,94,189,28,moderate,lose_weight,58,158,2070,164,243,48
male,64,162,39,high,lose_weight,50,154,1863,105,247,50
female,79,167,28,low,build_muscle,89,120,2041,134,224,67
female,87,178,25,low,build_muscle,89,147,2316,142,319,51
female,88,162,27,low,gain_weight,112,38,2280,183,227,70
male,75,153,40,low,build_muscle,95,164,2290,137,293,63
female,97,172,23,low,gain_weight,112,145,2519,198,298,59
male,53,156,38,moderate,build_muscle,57,102,2419,93,350,71
male,97,186,34,moderate,lose_weight,74,30,2361,165,285,61
male,67,172,29,high,build_muscle,78,156,2952,123,459,69
female,60,173,45,moderate,lose_weight,39,69,1218,101,133,31
male,90,185,38,moderate,build_muscle,107,113,3278,159,424,104
female,81,162,31,moderate,build_muscle,99,170,2714,170,357,66
male,84,158,42,moderate,gain_weight,92,61,2927,142,373,96
female,67,182,30,low,lose_weight,41,32,1172,141,83,30
male,82,188,36,high,gain_weight,104,129,3499,136,484,112
female,79,178,21,moderate,build_muscle,98,55,2952,149,369,97
male,61,156,31,low,build_muscle,72,50,2033,108,283,51
female,54,181,48,moderate,gain_weight,68,113,2181,109,324,49
female,80,166,50,moderate,lose_weight,48,176,1439,153,103,45
female,58,187,38,high,lose_weight,47,94,1654,112,179,53
male,79,169,36,low,build_muscle,87,74,2292,139,263,75
male,66,179,20,low,lose_weight,46,95,1321,123,130,34
male,67,174,38,high,build_muscle,80,75,2882,111,447,71
male,96,172,31,low,lose_weight,65,72,1574,165,121,47
female,59,150,20,high,build_muscle,76,162,2523,107,372,67
female,65,171,25,high,lose_weight,44,149,1775,132,216,42
female,62,185,36,high,build_muscle,76,141,2746,108,435,63
female,74,166,19,low,gain_weight,81,79,2111,127,288,50
male,76,170,41,high,lose_weight,68,149,2380,129,301,72
female,99,165,40,moderate,gain_weight,116,115,2829,188,337,80
male,68,150,32,moderate,build_muscle,75,178,2603,121,338,85
male,50,151,36,low,build_muscle,63,137,1952,99,249,61
male,89,184,29,low,build_muscle,99,169,2646,178,338,63
female,76,159,24,high,gain_weight,95,116,2856,153,364,87
male,72,163,37,moderate,lose_weight,54,121,1678,147,157,51
male,76,177,46,high,build_muscle,78,94,3069,153,412,89
male,98,181,29,moderate,build_muscle,123,177,3317,158,466,91
female,59,188,24,low,lose_weight,36,106,1050,96,106,26
female,58,179,24,high,lose_weight,37,129,1785,119,234,40
female,75,156,49,moderate,lose_weight,57,44,1395,155,104,39
female,99,167,37,moderate,gain_weight,126,147,3012,192,376,81
female,70,165,29,moderate,build_muscle,78,79,2564,130,369,62
male,89,153,33,low,build_muscle,98,148,2273,192,242,59
male,78,188,19,moderate,lose_weight,52,113,2235,136,290,58
female,80,187,48,moderate,lose_weight,54,133,1676,173,144,44
female,98,152,49,moderate,gain_weight,115,78,2661,173,352,61
male,92,187,32,high,build_muscle,117,95,3728,148,526,114
male,88,168,42,high,lose_weight,62,146,2252,146,274,63
male,66,176,33,low,build_muscle,69,155,2385,122,316,69
male,90,186,30,high,gain_weight,102,33,3576,149,516,101
male,95,168,22,moderate,lose_weight,78,61,2258,167,248,65
female,97,173,36,low,build_muscle,121,156,2471,194,296,56
female,84,178,37,high,lose_weight,53,148,2169,163,265,50
male,76,153,21,high,gain_weight,91,175,3154,149,452,83
female,83,153,44,moderate,gain_weight,103,150,2489,173,264,81
male,65,156,26,high,gain_weight,81,72,2946,107,416,94
male,100,182,22,low,build_muscle,121,151,2840,213,289,91
female,83,161,36,low,gain_weight,91,154,2113,179,194,68
male,68,158,43,low,lose_weight,46,104,1087,139,69,27
female,52,170,26,low,build_muscle,58,98,1853,99,238,55
female,66,161,21,high,gain_weight,68,132,2655,114,364,82
male,51,187,20,low,build_muscle,61,93,2225,90,334,58
male,72,162,23,moderate,build_muscle,77,74,2970,117,472,67
female,50,158,42,low,gain_weight,60,65,1562,92,217,36
female,92,183,36,low,lose_weight,64,52,1315,195,57,34
male,94,183,31,moderate,build_muscle,116,58,3180,191,425,79
female,89,179,24,low,build_muscle,112,146,2374,193,234,73
male,81,175,24,low,gain_weight,97,151,2421,150,303,67
female,81,180,20,high,build_muscle,98,164,3369,133,522,82
male,81,181,25,low,build_muscle,100,34,2452,137,328,65
female,50,169,39,high,lose_weight,37,41,1287,103,145,32
male,56,171,23,low,lose_weight,50,136,1532,101,204,34
female,76,156,29,high,build_muscle,92,60,2644,130,375,68
male,94,182,20,low,build_muscle,110,101,2831,183,355,74
female,52,158,36,low,build_muscle,54,76,1595,86,195,51
male,71,181,43,low,lose_weight,57,89,1308,114,135,34
male,93,184,43,moderate,gain_weight,102,85,3320,192,430,92
male,52,174,46,low,build_muscle,67,142,1970,110,241,62
male,82,172,49,low,gain_weight,85,36,2319,177,237,72
female,82,154,25,low,build_muscle,93,133,2130,134,260,61
female,80,162,48,moderate,lose_weight,59,103,1542,151,134,44
female,99,178,31,moderate,build_muscle,121,31,3105,215,339,98
female,60,189,22,moderate,build_muscle,78,81,2701,125,364,82
male,66,159,37,moderate,lose_weight,54,39,1489,112,184,33
male,60,153,45,high,build_muscle,64,68,2637,110,368,80
female,82,170,35,moderate,build_muscle,103,86,2774,161,326,91
female,77,157,28,high,lose_weight,46,128,1825,124,228,45
male,56,160,44,moderate,gain_weight,65,122,2493,95,399,57
male,98,187,50,low,lose_weight,78,76,1567,185,113,41
male,98,164,49,moderate,build_muscle,126,55,3142,191,361,103
female,96,153,41,low,build_muscle,123,73,2164,186,230,55
male,63,161,40,low,build_muscle,76,71,2027,127,266,50
male,54,173,35,high,gain_weight,69,97,2886,99,473,65
male,83,162,18,moderate,gain_weight,99,103,3087,165,431,77
male,60,178,26,high,gain_weight,75,153,3077,114,429,99
female,83,150,40,low,lose_weight,74,122,1198,148,91,26
male,69,153,48,high,lose_weight,41,55,1772,145,183,50
male,82,190,28,high,gain_weight,95,160,3527,152,526,90
male,61,167,29,high,gain_weight,65,132,2959,118,434,83
female,50,170,26,high,build_muscle,54,69,2584,89,402,68
female,85,182,41,high,lose_weight,68,119,2148,159,252,55
male,99,188,48,low,gain_weight,115,31,2708,214,319,63
female,67,179,34,low,build_muscle,87,31,2018,125,229,66
male,88,181,49,low,lose_weight,73,139,1456,145,118,44
male,78,172,36,high,build_muscle,96,33,3243,126,443,107
female,93,171,18,moderate,build_muscle,97,162,3090,177,396,87
female,55,152,43,high,lose_weight,41,60,1217,88,126,39
female,64,152,38,high,gain_weight,81,89,2546,119,349,74
female,50,158,50,high,lose_weight,30,106,1127,107,103,31
female,69,181,23,high,build_muscle,80,66,2990,118,466,72
male,67,150,47,low,gain_weight,83,152,1844,136,223,44
male,57,177,21,moderate,build_muscle,69,152,2739,101,392,84
female,72,171,43,low,lose_weight,47,93,1035,122,67,30
male,75,185,47,low,gain_weight,94,90,2347,124,329,59
female,93,156,31,high,gain_weight,115,95,3034,150,426,80
female,95,161,49,low,build_muscle,108,73,2277,157,247,73
male,57,168,31,moderate,lose_weight,45,74,1602,96,214,39
male,81,182,46,high,lose_weight,74,30,2173,135,250,69
male,78,152,50,low,lose_weight,57,115,1080,167,37,29
female,53,172,35,high,gain_weight,67,66,2620,100,423,58
female,84,162,19,moderate,lose_weight,78,167,2158,139,245,68
male,73,157,50,moderate,build_muscle,81,51,2547,144,319,76
male,77,160,43,low,gain_weight,82,38,2247,140,265,68
male,77,159,25,moderate,lose_weight,52,63,1834,129,235,41
female,95,189,19,low,lose_weight,71,88,1505,156,130,39
female,100,157,21,moderate,build_muscle,103,95,2973,176,375,84
female,72,176,21,high,lose_weight,56,120,2068,123,256,61
female,79,184,19,low,gain_weight,90,68,2494,173,292,70
female,87,154,19,low,lose_weight,70,159,1203,169,67,28
male,61,163,22,low,lose_weight,40,158,1211,107,107,38
male,76,166,42,low,lose_weight,55,105,1250,144,84,36
male,92,151,24,low,lose_weight,84,48,1413,161,98,41
male,92,168,30,moderate,lose_weight,61,140,2081,198,178,63
female,69,185,26,moderate,lose_weight,54,77,1753,120,216,44
female,57,169,29,high,build_muscle,61,43,2539,115,350,74
male,65,169,33,low,gain_weight,68,147,2057,110,249,68
female,79,166,20,moderate,lose_weight,63,78,1760,144,195,44
female,97,181,41,high,lose_weight,79,174,2268,166,283,51
female,52,175,50,moderate,build_muscle,55,105,2162,89,310,62
male,92,155,25,low,build_muscle,98,159,2521,167,319,63
male,100,183,20,moderate,lose_weight,64,161,2428,203,243,71
male,99,176,38,low,lose_weight,62,46,1682,204,125,40
female,100,166,41,high,build_muscle,117,93,3170,175,446,75
female,62,160,30,high,build_muscle,73,78,2511,116,327,81
male,63,187,43,low,gain_weight,75,105,2243,110,288,71
female,94,151,42,high,lose_weight,79,90,1863,206,128,57
female,90,165,40,moderate,build_muscle,101,129,2663,156,323,82
female,66,174,18,low,lose_weight,48,87,996,135,57,24
male,50,153,29,moderate,gain_weight,62,33,2208,91,346,50
male,70,158,33,moderate,gain_weight,84,103,2729,142,359,80
male,77,188,36,low,gain_weight,100,152,2341,133,287,72
female,97,151,41,moderate,gain_weight,114,173,2796,189,322,82
male,55,170,36,high,gain_weight,63,64,2803,90,405,91
male,85,179,39,moderate,gain_weight,94,75,3203,141,433,100
female,64,175,33,moderate,lose_weight,47,66,1545,114,158,50
female,78,162,39,high,lose_weight,46,141,1808,125,192,59
female,74,189,21,moderate,build_muscle,79,94,2728,125,400,69
male,80,156,20,moderate,build_muscle,90,144,2968,138,410,85
female,90,180,19,low,lose_weight,65,69,1396,169,98,36
female,74,186,39,moderate,lose_weight,64,150,1934,124,240,52
female,54,161,38,high,lose_weight,46,93,1300,91,138,42
female,82,168,18,moderate,lose_weight,63,32,1897,175,183,51
male,61,186,46,moderate,lose_weight,49,89,1697,111,186,56
female,86,190,23,low,gain_weight,101,55,2447,180,262,74
male,96,169,47,high,build_muscle,112,160,3473,207,473,83
male,74,167,45,low,gain_weight,83,120,2208,119,308,54
female,79,174,34,moderate,build_muscle,84,117,2852,131,371,93
male,95,172,48,low,build_muscle,98,61,2540,171,301,71
male,88,156,26,moderate,gain_weight,93,79,3050,172,416,76
female,83,175,23,high,build_muscle,103,155,3100,151,442,80
female,76,188,48,low,lose_weight,58,165,1176,165,57,31
female,69,186,19,low,build_muscle,74,165,2165,139,265,60
female,62,165,35,moderate,lose_weight,45,60,1361,107,156,33
male,95,178,38,low,build_muscle,111,131,2579,169,286,83
female,64,161,46,moderate,gain_weight,67,159,2285,122,315,58
male,75,175,35,high,lose_weight,61,57,2114,132,259,60
female,99,180,39,high,build_muscle,119,40,3349,179,475,80
male,79,166,35,moderate,build_muscle,92,68,2883,139,399,80
female,52,160,25,low,lose_weight,34,37,769,89,48,24
male,63,181,35,low,build_muscle,70,166,2302,126,308,62
male,59,185,45,moderate,gain_weight,69,42,2696,120,351,89
female,57,172,45,moderate,build_muscle,74,112,2322,94,352,59
male,59,187,23,high,lose_weight,49,116,2247,97,308,69
male,50,184,33,low,lose_weight,39,119,1028,102,86,30
female,50,156,30,moderate,build_muscle,57,141,2231,87,315,68
female,83,169,29,moderate,lose_weight,54,179,1713,169,170,39
female,88,184,24,moderate,gain_weight,109,89,3108,168,382,100
male,91,165,43,high,build_muscle,115,61,3248,150,437,99
male,70,173,49,high,gain_weight,88,164,3032,126,474,69
male,93,181,19,high,lose_weight,56,123,2651,165,324,76
female,84,158,20,moderate,lose_weight,58,146,1783,166,179,44
female,78,154,42,low,lose_weight,55,115,887,162,-6,29
female,78,182,19,moderate,build_muscle,100,163,2880,160,411,65
male,93,170,24,low,gain_weight,105,31,2463,172,319,55
female,69,174,40,moderate,gain_weight,82,57,2455,115,330,74
female,91,185,33,high,lose_weight,76,180,2420,179,270,69
male,85,164,24,low,build_muscle,97,97,2435,169,317,54
female,71,151,34,moderate,gain_weight,81,37,2391,149,293,68
female,71,176,31,low,build_muscle,85,127,2095,153,259,49
male,79,187,28,high,gain_weight,87,153,3349,135,499,90
male,75,174,21,high,gain_weight,87,140,3297,163,454,91
male,61,171,49,moderate,lose_weight,48,52,1527,106,190,37
female,97,178,28,high,build_muscle,126,83,3376,188,443,93
male,73,162,19,low,gain_weight,86,163,2395,153,316,57
male,96,155,39,low,gain_weight,122,90,2386,207,234,68
female,85,164,24,low,gain_weight,104,178,2301,156,301,52
female,71,176,48,high,gain_weight,80,96,2708,115,374,83
female,53,185,23,moderate,lose_weight,33,89,1394,90,171,38
male,77,174,18,high,gain_weight,100,58,3433,140,539,79
male,94,154,43,moderate,build_muscle,108,71,3016,167,411,77
female,76,171,43,high,gain_weight,86,78,2800,125,413,71
male,73,180,21,moderate,build_muscle,81,80,2947,127,430,79
male,85,178,23,high,build_muscle,102,109,3542,159,506,97
female,76,174,31,low,build_muscle,94,151,2220,143,278,59
male,73,186,45,high,gain_weight,87,91,3258,152,439,98
female,97,189,49,high,lose_weight,65,34,2366,191,233,74
male,68,166,42,low,gain_weight,77,163,2009,136,247,52
female,53,185,35,moderate,build_muscle,60,112,2413,112,325,73
male,95,172,20,high,gain_weight,111,136,3694,195,470,114
female,83,167,44,low,lose_weight,59,102,1145,153,56,33
male,78,175,18,high,gain_weight,91,141,3326,153,502,77
male,64,159,42,high,gain_weight,75,51,2914,131,437,71
female,79,170,32,high,lose_weight,48,162,1889,138,200,59
male,54,155,49,moderate,lose_weight,43,101,1357,111,142,37
female,87,169,32,moderate,gain_weight,94,180,2667,143,366,69
male,95,173,36,high,lose_weight,84,179,2792,189,325,81
female,93,175,24,low,build_muscle,112,120,2388,159,290,65
male,68,151,50,low,lose_weight,42,94,865,120,37,25
male,54,164,41,high,build_muscle,58,166,2683,106,400,72
male,100,187,44,high,gain_weight,112,71,3540,187,461,104
female,80,170,48,low,build_muscle,90,45,2054,174,230,48
male,91,190,24,moderate,lose_weight,78,89,2387,154,314,56
male,56,189,33,low,build_muscle,58,153,2282,103,339,56
male,96,188,43,moderate,build_muscle,117,158,3395,166,492,84
male,86,179,39,low,lose_weight,71,30,1502,182,83,49
female,83,185,32,moderate,lose_weight,70,134,1788,157,181,47
female,80,188,47,moderate,build_muscle,104,94,2636,138,338,81
male,57,158,28,high,lose_weight,40,80,1728,100,206,55
female,53,170,21,low,gain_weight,62,130,1866,112,233,53
male,51,173,26,moderate,gain_weight,59,43,2601,84,429,60
male,59,176,34,low,gain_weight,73,50,2053,120,241,67
male,63,186,45,high,gain_weight,81,72,3111,101,463,94
female,58,155,47,moderate,build_muscle,67,72,2175,99,328,51
female,95,154,40,low,gain_weight,109,111,2127,196,215,53
female,71,189,23,high,build_muscle,73,179,3052,152,425,82
female,56,185,24,high,gain_weight,66,173,2865,120,417,79
male,89,188,40,low,build_muscle,100,87,2522,177,273,79
female,56,174,19,high,gain_weight,66,67,2718,115,428,60
female,69,169,35,high,gain_weight,76,105,2715,147,328,90
male,70,169,41,moderate,lose_weight,51,85,1721,113,194,54
female,61,175,30,low,lose_weight,43,30,926,131,51,21
female,65,163,37,low,gain_weight,78,156,1910,140,195,63
male,72,175,34,high,gain_weight,78,174,3124,128,479,77
female,94,187,18,high,build_muscle,102,46,3501,184,464,100
female,52,171,20,low,build_muscle,67,94,1872,110,236,53
female,63,175,39,low,gain_weight,65,180,1903,134,238,45
male,50,168,18,moderate,build_muscle,62,63,2588,84,422,62
male,87,152,22,low,lose_weight,59,143,1450,143,133,37
male,91,178,25,low,build_muscle,115,130,2693,160,358,68
female,73,152,37,moderate,build_muscle,88,163,2364,131,299,70
male,64,184,36,low,lose_weight,44,41,1240,124,121,28
female,97,170,25,high,gain_weight,100,111,3276,211,405,89
female,88,182,33,high,build_muscle,100,172,3258,175,401,105
male,67,186,25,low,gain_weight,76,122,2342,137,291,69
male,93,163,35,low,gain_weight,108,40,2609,165,299,83
female,69,152,18,high,lose_weight,44,135,1631,118,184,46
male,54,176,44,low,build_muscle,67,80,2014,111,267,55
male,80,163,38,low,lose_weight,68,62,1258,138,92,37
female,57,151,21,moderate,build_muscle,62,161,2265,91,327,65
male,92,163,25,high,gain_weight,105,162,3503,154,495,100
male,53,150,22,moderate,lose_weight,34,110,1393,98,154,42
male,53,162,50,moderate,gain_weight,64,89,2375,113,347,58
male,56,156,43,low,gain_weight,58,167,1807,97,263,40
male,93,187,42,moderate,lose_weight,88,38,2318,191,244,63
male,57,179,47,high,gain_weight,71,164,2855,96,412,90
female,99,177,32,high,gain_weight,101,76,3483,202,453,95
female,69,168,37,high,build_muscle,72,145,2780,122,403,75
male,79,169,33,moderate,lose_weight,52,68,1951,149,195,63
male,60,163,41,high,gain_weight,72,165,2881,117,430,76
female,56,181,30,low,lose_weight,49,118,1286,96,152,32
female,88,166,20,high,build_muscle,108,113,3229,161,430,95
female,88,173,48,low,lose_weight,78,74,1092,177,36,26
male,73,183,43,moderate,lose_weight,65,89,1858,156,202,46
female,93,165,50,high,lose_weight,75,86,1923,166,202,49
female,85,172,28,high,build_muscle,103,174,3157,140,456,85
female,75,187,25,moderate,lose_weight,52,118,1916,145,229,46
male,84,187,50,high,build_muscle,108,100,3382,166,448,102
female,93,170,39,low,build_muscle,116,162,2292,173,245,68
female,71,188,41,high,lose_weight,49,57,1974,137,220,60
female,93,184,40,low,build_muscle,97,135,2310,188,260,57
male,79,159,50,moderate,lose_weight,63,163,1732,147,182,46
female,80,161,25,high,gain_weight,82,78,3004,134,418,88
female,76,179,29,high,gain_weight,85,99,3022,154,428,77
male,75,184,37,high,build_muscle,91,124,3227,152,433,98
male,96,183,48,low,lose_weight,73,163,1529,209,87,37
male,92,171,29,high,gain_weight,107,146,3651,158,497,114
male,80,161,48,moderate,lose_weight,54,48,1745,141,203,40
female,78,169,47,moderate,lose_weight,60,76,1516,138,137,46
male,60,169,27,high,gain_weight,72,81,2851,120,385,91
female,51,180,21,moderate,gain_weight,59,90,2390,99,375,54
male,95,174,49,low,build_muscle,108,166,2502,180,311,59
male,60,159,46,high,gain_weight,63,61,2701,129,351,86
male,94,179,30,low,build_muscle,100,53,2726,161,336,81
male,66,184,33,high,lose_weight,60,128,2455,132,354,56
female,82,165,23,low,gain_weight,88,55,2234,154,287,51
male,84,181,43,high,gain_weight,88,141,3476,155,456,113
female,85,180,49,low,lose_weight,62,61,1279,182,58,34
male,98,165,27,moderate,build_muscle,122,167,3284,193,445,80
male,92,186,38,moderate,lose_weight,69,176,2153,169,218,66
female,58,160,34,high,build_muscle,75,175,2398,124,298,78
male,68,188,42,high,gain_weight,76,61,3241,143,496,75
female,95,190,22,high,build_muscle,106,31,3510,187,478,94
male,83,180,26,low,gain_weight,96,111,2515,161,300,74
male,94,159,33,low,build_muscle,121,51,2298,197,259,52
male,68,153,20,low,build_muscle,74,113,2154,147,256,59
male,87,184,50,high,build_muscle,108,87,3239,140,489,79
male,91,150,21,low,lose_weight,75,173,1314,187,62,35
male,91,168,25,moderate,lose_weight,76,77,2079,148,241,57
female,50,172,38,moderate,build_muscle,58,178,2274,90,333,64
male,98,160,34,low,gain_weight,122,62,2560,175,332,58
female,55,187,18,low,build_muscle,67,121,2022,104,282,52
male,99,160,48,high,lose_weight,89,172,2676,182,328,70
female,65,182,49,high,build_muscle,68,74,2669,116,376,77
female,97,167,40,moderate,build_muscle,114,79,2865,210,297,92
female,64,190,26,high,build_muscle,75,109,2974,120,427,86
female,65,151,40,low,lose_weight,59,40,827,105,42,26
female,85,171,47,high,lose_weight,74,40,1879,185,175,48
male,95,184,25,low,lose_weight,67,62,1705,201,119,46
male,75,161,31,high,lose_weight,45,146,2086,163,243,50
female,67,188,31,moderate,lose_weight,53,93,1590,145,167,37
female,97,178,38,high,lose_weight,61,130,2277,191,259,52
male,72,156,48,low,build_muscle,93,120,2034,148,208,67
male,96,155,48,high,lose_weight,57,134,2195,186,216,65
female,77,162,50,low,lose_weight,56,58,1026,162,24,31
female,76,177,20,high,build_muscle,92,165,2987,141,435,75
female,50,159,45,low,gain_weight,64,119,1718,88,253,39
male,93,163,37,low,build_muscle,105,48,2548,199,250,83
female,74,187,27,low,gain_weight,81,134,2146,128,264,63
female,68,161,45,high,lose_weight,56,117,1469,109,151,47
female,50,169,20,low,gain_weight,59,100,1962,91,258,62
male,77,154,46,low,build_muscle,100,156,2077,139,265,50
female,96,152,29,low,build_muscle,119,132,2259,176,234,68
male,52,163,24,moderate,lose_weight,32,99,1495,106,177,39
female,77,154,41,low,build_muscle,97,151,2008,143,210,65
male,85,158,20,high,lose_weight,79,39,2257,173,248,63
female,99,173,24,moderate,lose_weight,69,125,2134,191,219,54
male,85,174,21,high,lose_weight,62,136,2460,186,302,56
female,62,157,29,high,lose_weight,50,115,1570,129,178,37
female,74,180,37,moderate,gain_weight,76,70,2669,151,321,86
male,64,185,35,low,build_muscle,72,124,2175,102,322,52
female,58,179,24,high,build_muscle,68,105,2825,125,387,85
male,95,163,37,low,build_muscle,107,68,2418,178,290,60
male,59,153,23,moderate,lose_weight,49,84,1466,118,145,45
male,97,170,24,high,gain_weight,110,52,3681,172,562,82
female,71,176,21,low,lose_weight,66,85,1448,149,107,46
male,97,150,32,moderate,lose_weight,76,49,2012,190,163,66
female,81,154,44,low,build_muscle,97,74,1998,150,237,49
male,97,179,27,low,lose_weight,80,105,1670,212,107,43
male,99,176,32,high,gain_weight,116,135,3701,212,483,102
female,62,178,26,moderate,lose_weight,40,117,1581,108,207,35
male,53,173,40,high,lose_weight,43,64,1816,113,248,41
female,100,180,32,high,build_muscle,104,78,3400,169,429,111
male,75,150,46,high,lose_weight,64,130,1876,163,190,51
female,56,189,39,low,build_muscle,70,155,1890,114,249,48
male,93,169,44,low,lose_weight,68,113,1476,168,107,41
male,81,176,23,moderate,gain_weight,83,165,3172,145,487,71
male,58,172,47,high,gain_weight,75,31,2748,103,422,71
male,56,182,36,low,lose_weight,49,168,1569,119,161,49
male,67,181,33,moderate,build_muscle,69,75,2876,120,393,91
female,91,155,41,high,build_muscle,108,154,2886,152,407,71
female,78,180,43,moderate,build_muscle,81,165,2694,129,351,85
male,78,155,34,low,lose_weight,71,139,1605,147,148,46
female,64,169,28,high,gain_weight,78,141,2755,120,369,88
male,76,156,34,low,gain_weight,95,87,2165,160,267,50
female,59,153,23,moderate,lose_weight,41,120,1249,119,102,40
male,74,165,24,moderate,lose_weight,57,125,1843,145,216,44
female,56,183,39,moderate,build_muscle,65,121,2406,113,335,67
male,60,183,37,moderate,gain_weight,64,163,2792,118,422,69
female,72,189,37,moderate,build_muscle,91,129,2685,145,350,78
female,64,175,31,low,gain_weight,82,128,1988,129,266,44
male,100,159,19,moderate,gain_weight,120,129,3383,192,458,86
male,85,164,48,moderate,gain_weight,94,55,2937,156,388,84
male,97,166,43,moderate,build_muscle,118,36,3090,159,457,68
male,99,159,50,high,lose_weight,92,102,2558,215,264,70
male,98,176,50,high,gain_weight,100,42,3529,181,485,95
male,54,152,20,moderate,build_muscle,67,65,2413,113,309,80
female,65,184,25,high,build_muscle,69,179,2978,108,463,76
male,89,174,38,high,build_muscle,104,58,3437,188,439,102
female,93,152,22,high,build_muscle,96,168,3131,196,417,75
male,83,188,47,moderate,build_muscle,100,48,3010,155,403,86
male,59,152,37,high,build_muscle,64,73,2819,129,390,82
male,85,153,39,high,build_muscle,107,81,3146,163,435,83
male,100,176,49,moderate,lose_weight,93,32,2120,192,183,68
female,77,153,23,high,gain_weight,90,65,2965,159,427,68
male,78,174,46,low,build_muscle,91,102,2261,129,289,64
male,83,173,27,high,lose_weight,52,124,2279,174,235,71
female,63,161,26,low,lose_weight,57,71,865,120,50,20
male,100,169,25,high,lose_weight,68,102,2705,172,333,75
female,92,184,19,low,gain_weight,113,61,2540,161,318,68
female,54,181,25,moderate,lose_weight,43,137,1487,97,164,49
male,80,155,19,low,build_muscle,84,108,2344,162,293,57
female,78,164,34,high,gain_weight,85,105,2867,135,426,68
female,80,162,36,moderate,lose_weight,62,145,1677,131,183,46
female,70,161,38,moderate,lose_weight,52,82,1365,146,106,39
female,51,157,36,high,lose_weight,31,50,1317,97,154,34
female,99,173,26,low,lose_weight,65,42,1478,216,64,39
male,53,159,44,high,lose_weight,42,43,1607,98,188,51
female,71,173,35,low,gain_weight,91,118,2041,115,262,58
female,58,182,28,moderate,build_muscle,66,135,2556,114,353,75
female,71,169,48,low,gain_weight,84,94,1891,137,227,47
male,59,153,50,high,gain_weight,62,129,2541,127,319,84
female,59,182,30,moderate,lose_weight,54,149,1869,98,268,44
male,80,187,43,high,lose_weight,74,156,2755,129,359,88
male,88,182,35,low,gain_weight,103,48,2647,182,283,86
male,87,165,49,moderate,lose_weight,82,71,2077,161,253,46
male,81,169,33,high,lose_weight,73,38,2327,155,255,75
female,59,180,40,high,build_muscle,64,116,2612,115,383,68
male,63,177,46,moderate,build_muscle,76,128,2630,132,342,81
male,65,161,32,moderate,lose_weight,52,174,1727,118,185,57
male,59,157,26,high,gain_weight,75,58,2787,109,390,87
female,57,166,20,low,lose_weight,44,54,903,94,78,23
female,50,174,31,low,lose_weight,30,123,889,104,58,26
female,75,175,26,moderate,lose_weight,48,33,1611,146,145,49
male,90,183,29,low,gain_weight,96,180,2589,163,297,82
male,86,168,36,high,gain_weight,97,158,3410,165,434,112
female,70,171,18,moderate,lose_weight,60,162,1805,136,202,50
female,66,184,27,high,lose_weight,44,61,1927,118,235,56
female,84,154,23,moderate,lose_weight,54,174,1605,143,164,41
male,71,163,36,high,gain_weight,86,170,3042,149,391,97
male,93,164,37,low,build_muscle,108,152,2440,190,268,67
male,95,160,22,moderate,gain_weight,113,83,3218,172,407,99
female,61,161,36,high,gain_weight,73,96,2528,101,354,78
female,78,189,28,low,lose_weight,73,74,1396,132,117,43
female,88,151,34,high,build_muscle,106,132,3005,177,417,69
female,75,190,50,moderate,build_muscle,88,160,2689,136,362,76
male,60,190,32,high,build_muscle,66,118,3157,119,476,85
male,69,185,20,high,gain_weight,85,110,3274,123,456,106
female,98,190,33,low,build_muscle,118,108,2573,196,254,85
male,50,181,38,moderate,lose_weight,37,158,1537,84,220,35
male,56,183,19,high,build_muscle,61,80,3063,96,479,84
male,87,182,41,low,build_muscle,96,90,2357,179,271,61
male,80,190,48,moderate,gain_weight,89,109,3002,132,402,96
female,51,190,38,high,lose_weight,42,44,1698,81,244,43
female,60,150,30,low,build_muscle,73,158,1872,125,219,54
female,68,184,34,high,gain_weight,79,129,2894,121,402,88
male,55,184,18,moderate,gain_weight,60,143,2951,118,413,91
male,53,172,22,high,build_muscle,67,151,2922,103,477,66
female,69,170,30,moderate,lose_weight,41,113,1571,140,143,48
female,94,187,35,moderate,lose_weight,64,164,2073,181,205,58
female,95,156,20,moderate,build_muscle,97,117,2954,180,406,67
male,72,169,40,moderate,build_muscle,80,147,2744,133,398,68
female,69,165,42,moderate,build_muscle,84,99,2406,149,293,70
male,86,178,32,low,gain_weight,110,69,2486,188,286,64
male,72,190,34,moderate,lose_weight,53,78,2079,144,231,63
female,57,171,21,moderate,gain_weight,74,172,2454,110,335,74
male,92,150,29,high,gain_weight,111,152,3200,173,456,75
male,76,171,29,high,build_muscle,95,164,3265,127,495,85
female,51,153,42,low,build_muscle,65,78,1613,109,178,51
male,97,162,48,high,gain_weight,117,178,3231,185,421,89
female,95,150,35,moderate,gain_weight,117,139,2787,155,342,88
female,83,168,18,low,build_muscle,107,35,2417,150,292,71
male,98,189,35,moderate,lose_weight,84,93,2339,188,276,53
female,72,174,19,high,lose_weight,59,41,2015,142,257,46
male,87,160,46,low,build_muscle,103,46,2219,160,235,70
female,51,164,38,high,build_muscle,56,169,2390,90,329,79
male,86,170,25,low,gain_weight,91,31,2489,144,293,81
male,63,189,18,moderate,build_muscle,73,61,2882,135,434,67
male,53,179,46,moderate,lose_weight,44,127,1684,85,218,51
male,65,170,22,low,gain_weight,73,36,2267,134,288,63
male,95,166,34,low,build_muscle,110,42,2630,199,306,67
female,93,159,24,high,lose_weight,64,65,2187,195,214,60
male,72,190,43,high,gain_weight,74,62,3129,140,465,78
female,84,163,18,moderate,build_muscle,106,57,2714,181,311,82
female,64,158,20,moderate,gain_weight,73,48,2449,113,345,68
female,80,165,38,high,build_muscle,94,38,2781,129,368,87
female,70,154,40,low,lose_weight,56,92,831,146,19,18
female,69,167,24,high,gain_weight,73,164,2921,145,403,80
male,52,180,19,high,gain_weight,64,83,2947,89,474,76
female,71,169,36,high,gain_weight,92,50,2784,120,428,65
female,81,155,34,high,build_muscle,94,117,2778,150,390,68
female,80,152,27,high,lose_weight,68,93,1730,146,170,51
female,92,176,28,high,lose_weight,72,73,2306,182,264,57
female,94,190,18,high,lose_weight,81,87,2535,164,341,56
female,68,170,18,low,lose_weight,45,153,1051,134,73,24
female,82,179,32,high,gain_weight,104,136,3160,156,442,84
female,50,183,44,low,lose_weight,30,146,822,82,71,22
female,66,161,36,moderate,gain_weight,78,64,2445,107,327,78
female,90,168,33,high,gain_weight,96,81,3137,158,435,84
female,64,186,39,low,gain_weight,75,48,2058,106,261,65
female,69,168,30,moderate,build_muscle,74,141,2687,146,379,64
male,80,183,50,high,build_muscle,93,68,3194,154,424,97
female,98,160,26,low,build_muscle,110,74,2390,160,292,64
male,99,160,21,low,lose_weight,71,111,1650,168,154,39
male,80,159,33,moderate,build_muscle,104,171,2920,141,419,74
female,63,153,41,moderate,build_muscle,69,140,2297,114,298,71
female,54,169,20,high,build_muscle,56,56,2594,106,408,59
male,78,164,22,moderate,build_muscle,89,149,3017,132,453,74
male,72,179,39,moderate,gain_weight,83,177,2802,129,391,80
female,61,153,36,moderate,build_muscle,78,37,2189,116,279,67
female,52,176,42,high,build_muscle,67,163,2531,85,415,58
female,72,187,47,high,build_muscle,84,35,3034,116,488,68
female,88,181,47,low,build_muscle,103,106,2178,154,241,66
female,50,189,24,moderate,build_muscle,56,108,2412,84,395,54
male,80,164,36,high,build_muscle,98,142,3164,159,401,102
female,61,187,20,high,gain_weight,68,59,2811,124,430,65
female,64,166,22,low,gain_weight,70,55,1926,137,202,62
female,69,162,50,moderate,gain_weight,88,159,2393,151,285,72
male,83,183,38,moderate,lose_weight,70,137,2081,157,257,46
male,92,175,47,moderate,gain_weight,105,178,3136,184,429,75
female,63,153,38,high,gain_weight,76,36,2444,123,323,73
male,82,165,33,moderate,gain_weight,106,180,2926,140,379,93
male,73,185,41,moderate,build_muscle,86,94,2859,132,380,89
female,93,189,35,moderate,build_muscle,111,112,3237,176,408,99
female,61,151,30,high,lose_weight,40,31,1481,114,160,42
female,53,182,29,high,build_muscle,58,73,2798,104,403,85
female,76,156,27,high,build_muscle,97,133,2906,151,404,75
male,52,170,20,low,gain_weight,67,82,2174,107,322,50
female,70,179,19,moderate,build_muscle,87,149,2661,120,363,80
female,87,171,35,high,gain_weight,91,49,3098,190,381,90
male,84,164,49,low,lose_weight,78,59,1174,143,82,30
male,91,167,20,high,lose_weight,80,74,2515,178,297,67
female,53,167,46,high,build_muscle,59,103,2250,94,329,61
female,95,150,28,high,build_muscle,116,148,3080,179,414,78
male,88,187,20,low,gain_weight,92,92,2536,145,330,70
male,87,182,34,low,lose_weight,52,104,1466,144,113,47
female,55,174,34,low,gain_weight,66,80,1849,106,255,44
male,71,171,22,moderate,build_muscle,81,64,2945,155,383,87
male,69,169,38,moderate,lose_weight,60,104,1730,151,187,41
male,77,163,39,low,lose_weight,52,62,1237,146,71,40
male,70,158,38,moderate,gain_weight,79,151,2613,123,360,75
female,81,178,27,moderate,gain_weight,102,176,2787,147,345,90
male,69,180,39,high,build_muscle,73,100,3211,145,422,104
female,71,154,48,moderate,lose_weight,50,173,1206,118,108,33
female,74,171,27,moderate,build_muscle,91,164,2721,159,371,66
female,76,176,49,high,lose_weight,65,55,1901,151,208,51
male,54,185,34,low,lose_weight,35,150,1222,99,119,38
female,76,165,42,low,build_muscle,89,142,1909,154,220,45
female,69,157,18,low,gain_weight,75,78,1930,114,227,62
female,53,183,23,moderate,gain_weight,68,124,2462,111,373,58
male,53,184,42,moderate,build_muscle,58,43,2598,94,380,77
female,65,163,44,moderate,build_muscle,79,76,2372,111,360,54
male,54,185,22,moderate,gain_weight,69,130,2813,112,434,69
male,61,160,22,high,build_muscle,66,91,2870,101,471,64
female,67,157,36,low,lose_weight,55,61,783,110,40,19
female,78,150,38,low,build_muscle,93,36,1915,124,240,50
male,78,155,30,low,gain_weight,81,101,2363,166,252,76
female,55,159,36,low,build_muscle,71,69,1762,113,198,57
male,59,189,22,high,build_muscle,61,121,3085,96,458,96
female,65,156,35,high,lose_weight,49,55,1602,108,205,38
male,55,173,20,low,build_muscle,58,75,2189,101,310,60
male,85,189,33,high,gain_weight,95,122,3610,176,466,115
female,54,176,42,high,build_muscle,66,120,2563,91,365,81
female,92,189,43,high,build_muscle,107,155,3189,178,419,88
female,91,165,41,moderate,lose_weight,77,154,1728,154,158,53
female,57,183,43,moderate,gain_weight,60,60,2541,122,384,57
male,66,178,39,high,lose_weight,40,118,2089,130,281,49
male,78,190,36,high,build_muscle,98,91,3279,139,481,88
male,64,152,42,moderate,build_muscle,82,86,2445,111,364,60
male,52,162,20,high,build_muscle,64,68,2939,94,475,73
male,81,157,29,high,lose_weight,55,52,2067,173,220,54
female,96,174,35,moderate,lose_weight,63,84,1894,198,154,53
male,74,171,22,low,lose_weight,47,153,1427,123,132,44
male,88,156,42,high,lose_weight,82,175,2593,186,320,62
female,54,168,50,moderate,build_muscle,70,106,2030,94,265,65
female,57,169,20,moderate,lose_weight,42,112,1331,123,119,39
female,84,175,31,low,lose_weight,64,50,1312,142,88,42
male,89,164,33,low,lose_weight,80,143,1685,195,132,41
female,90,164,24,moderate,build_muscle,117,38,2737,183,360,62
female,60,161,44,high,gain_weight,73,128,2539,126,347,71
female,98,172,46,moderate,lose_weight,69,43,1864,197,134,59
female,94,185,24,low,lose_weight,63,45,1501,203,73,43
male,61,152,37,low,build_muscle,74,88,2001,132,244,55
male,60,173,32,moderate,gain_weight,76,125,2676,108,392,74
female,100,160,43,low,gain_weight,125,145,2154,185,192,71
female,58,174,36,low,lose_weight,52,46,969,99,90,23
male,92,185,21,low,lose_weight,69,172,1766,164,181,42
female,83,151,44,high,gain_weight,87,61,2702,176,331,74
female,81,160,49,high,gain_weight,99,107,2683,160,327,81
male,65,151,20,high,gain_weight,72,152,2945,127,407,89
male,69,166,47,high,gain_weight,80,120,2927,119,401,93
female,99,170,42,high,gain_weight,118,109,3204,159,454,83
male,85,187,43,moderate,lose_weight,61,78,2144,178,221,60
male,84,182,41,low,gain_weight,103,142,2312,135,300,63
female,97,178,42,low,build_muscle,125,70,2411,207,220,77
female,77,184,28,low,lose_weight,49,120,1154,156,65,29
male,65,167,20,moderate,gain_weight,70,64,2858,142,375,87
female,66,185,34,moderate,gain_weight,73,126,2621,123,379,67
female,82,179,49,high,build_muscle,93,153,3011,140,390,98
male,56,170,34,low,lose_weight,45,180,1279,119,135,28
female,61,162,41,moderate,lose_weight,42,155,1273,127,118,32
male,80,171,29,moderate,lose_weight,61,173,1959,174,182,59
male,83,168,36,low,build_muscle,103,152,2508,137,326,72
female,96,189,44,low,lose_weight,71,54,1460,203,73,38
male,92,183,40,moderate,build_muscle,95,68,3365,171,423,109
female,65,180,32,moderate,lose_weight,39,147,1558,113,192,36
female,92,184,49,high,gain_weight,110,34,3178,191,401,89
female,63,180,50,high,gain_weight,75,147,2686,127,407,60
male,60,155,40,high,build_muscle,75,128,2722,127,350,89
male,77,186,35,moderate,lose_weight,61,133,2023,155,219,58
female,56,162,42,moderate,gain_weight,60,143,2277,120,315,59
male,69,173,34,moderate,gain_weight,89,172,2881,123,406,84
female,77,180,44,moderate,gain_weight,90,45,2669,160,313,85
male,93,157,35,low,gain_weight,114,61,2294,187,223,72
male,93,176,19,high,build_muscle,114,100,3702,182,502,107
male,68,176,47,moderate,gain_weight,80,91,2699,116,385,77
male,57,151,29,high,gain_weight,66,102,2780,108,392,86
male,66,163,36,high,build_muscle,68,150,2985,142,446,69
female,88,168,25,high,lose_weight,55,141,2064,143,242,57
male,68,161,41,high,gain_weight,71,128,2901,111,465,66
male,75,189,42,low,gain_weight,83,116,2418,134,318,67
male,76,152,23,moderate,lose_weight,60,61,1772,160,164,52
female,85,163,45,low,lose_weight,56,66,1017,177,24,23
female,99,157,48,low,gain_weight,114,82,2237,187,221,66
male,54,168,19,high,gain_weight,63,174,2823,88,454,72
male,51,190,37,moderate,build_muscle,59,159,2630,95,401,71
male,84,180,29,low,lose_weight,77,62,1411,143,127,36
male,75,150,27,moderate,lose_weight,62,108,1625,153,148,46
male,96,179,29,high,build_muscle,123,172,3663,209,443,117
male,59,185,38,moderate,lose_weight,44,118,1775,126,218,44
female,95,175,49,high,build_muscle,108,166,3159,180,405,90
female,84,188,35,moderate,lose_weight,54,118,1972,159,207,56
male,78,156,20,low,build_muscle,83,175,2383,156,319,53
male,60,179,36,low,build_muscle,64,146,2011,129,229,64
male,90,182,25,moderate,lose_weight,64,123,2365,147,286,69
female,51,154,49,high,gain_weight,59,132,2130,82,328,54
male,87,152,35,low,gain_weight,104,73,2377,171,272,66
female,73,179,28,high,lose_weight,43,106,2008,156,219,55
female,84,177,29,moderate,build_muscle,90,155,2898,173,355,86
female,69,181,34,moderate,build_muscle,81,156,2637,151,336,76
female,91,175,47,moderate,build_muscle,97,114,2734,166,346,75
male,57,184,24,low,build_muscle,59,173,2193,106,330,49
female,81,152,43,high,build_muscle,92,87,2754,155,376,69
male,73,151,43,low,gain_weight,87,60,1944,126,217,62
male,72,173,25,moderate,gain_weight,86,157,2849,135,399,78
male,80,157,50,moderate,build_muscle,102,60,2610,142,338,76
male,59,165,30,high,build_muscle,71,177,2888,111,461,66
male,91,157,19,moderate,gain_weight,108,174,2977,176,395,76
male,73,169,46,low,gain_weight,78,75,2119,141,267,53
female,98,168,39,low,gain_weight,105,74,2450,201,234,78
female,89,150,37,moderate,gain_weight,111,41,2654,169,297,87
male,80,176,37,low,lose_weight,56,132,1370,145,110,38
female,78,164,48,moderate,lose_weight,48,119,1414,138,139,33
female,50,170,42,low,lose_weight,44,165,1100,90,112,32
female,95,156,38,high,lose_weight,80,68,2080,207,174,61
female,79,173,23,moderate,build_muscle,88,127,2842,165,369,77
male,93,180,38,moderate,gain_weight,108,63,3178,174,447,76
male,96,173,22,low,build_muscle,116,88,2605,182,306,72
male,60,155,46,low,build_muscle,76,105,1989,112,271,50
female,75,177,26,moderate,lose_weight,48,179,1795,123,228,42
female,68,189,29,moderate,gain_weight,80,82,2660,147,379,61
male,88,175,24,moderate,build_muscle,114,117,3129,157,431,85
male,67,190,40,moderate,build_muscle,69,82,2870,131,406,80
female,68,152,23,moderate,lose_weight,62,98,1698,144,175,46
male,72,154,41,low,lose_weight,44,98,987,129,62,24
female,97,190,30,low,lose_weight,71,149,1417,185,89,35
female,93,187,37,moderate,lose_weight,59,129,1924,179,161,62
female,70,169,50,high,build_muscle,74,69,2635,117,386,68
female,94,190,26,high,lose_weight,83,31,2476,188,299,58
female,71,160,32,high,build_muscle,74,36,2790,145,367,81
female,73,154,21,moderate,lose_weight,47,89,1462,127,140,43
male,64,187,26,high,lose_weight,39,104,2227,120,299,60
female,83,169,35,low,gain_weight,107,118,2277,146,270,67
female,55,178,46,moderate,lose_weight,50,40,1351,100,148,39
male,64,159,50,moderate,lose_weight,52,55,1367,122,134,37
male,60,153,18,moderate,lose_weight,41,138,1601,113,191,42
female,62,153,25,moderate,lose_weight,52,46,1307,102,137,38
female,77,166,25,high,lose_weight,59,92,1857,129,217,52
female,98,161,37,high,lose_weight,92,49,2128,204,201,55
male,80,152,40,low,build_muscle,99,86,2148,133,267,60
female,98,167,27,low,build_muscle,125,124,2466,190,242,81
female,96,170,41,high,lose_weight,61,139,2086,169,231,53
female,77,181,23,high,build_muscle,79,143,3040,138,403,96
male,85,159,37,high,lose_weight,79,49,2186,139,276,58
male,54,182,42,low,build_muscle,57,78,2078,98,309,49
male,84,156,21,high,lose_weight,77,138,2643,147,357,69
female,84,158,45,high,lose_weight,65,88,1753,146,200,40
male,53,155,19,high,gain_weight,63,47,2853,93,466,67
male,97,185,27,low,gain_weight,109,108,2705,155,352,74
female,83,169,34,low,lose_weight,71,63,1248,160,84,30
female,71,173,42,low,gain_weight,82,136,2199,147,274,56
female,99,155,38,high,gain_weight,117,155,3071,171,436,71
male,85,185,32,low,gain_weight,100,97,2424,164,280,71
male,55,167,46,high,gain_weight,57,177,2721,109,402,74
female,94,154,49,high,build_muscle,121,67,2971,182,388,76
female,60,175,31,high,lose_weight,45,124,1739,117,194,54
male,97,150,31,low,gain_weight,103,147,2472,159,323,60
female,82,171,45,moderate,build_muscle,102,80,2633,161,324,76
male,83,163,41,low,gain_weight,90,91,2371,155,274,72
female,64,177,43,high,gain_weight,82,162,2704,138,390,65
female,77,155,21,low,build_muscle,98,79,2138,137,272,55
female,57,158,18,high,build_muscle,69,111,2482,101,383,60
female,74,168,35,high,build_muscle,88,37,2866,133,388,86
male,93,156,22,moderate,gain_weight,101,110,3105,160,424,84
female,65,160,48,high,gain_weight,67,51,2367,124,320,65
female,87,153,44,low,gain_weight,105,117,1921,188,192,44
female,76,160,19,moderate,lose_weight,65,71,1578,129,178,38
male,52,163,43,low,build_muscle,67,85,1865,113,229,54
female,98,183,21,low,gain_weight,127,117,2472,165,318,59
female,56,187,34,low,lose_weight,44,53,978,91,97,24
male,66,168,29,moderate,gain_weight,83,81,2911,124,416,82
female,68,186,47,high,gain_weight,75,36,2747,128,387,76
female,55,182,33,low,lose_weight,37,68,874,93,65,26
male,70,156,28,high,lose_weight,60,87,1971,151,202,61
male,65,168,33,high,lose_weight,46,177,1994,116,252,57
female,75,153,50,low,build_muscle,95,49,1980,131,224,61
female,91,165,22,low,lose_weight,64,134,1368,156,110,33
male,81,155,50,low,lose_weight,64,79,1084,164,51,24
female,89,154,24,moderate,build_muscle,95,163,2792,160,377,71
male,84,150,30,low,build_muscle,105,66,2289,143,306,54
male,77,157,18,high,build_muscle,83,70,3236,141,452,95
male,88,175,46,high,gain_weight,114,59,3182,170,415,92
male,58,150,19,high,lose_weight,53,124,2243,123,301,60
male,59,169,31,low,lose_weight,41,103,1181,129,79,38
male,87,185,42,low,lose_weight,77,66,1511,173,119,37
male,82,154,25,high,gain_weight,85,105,3079,141,452,78
male,92,171,23,high,lose_weight,76,45,2444,172,292,64
male,53,168,46,high,gain_weight,57,127,2674,116,369,81
female,50,180,29,moderate,gain_weight,60,119,2293,108,333,58
female,59,160,26,high,gain_weight,66,119,2556,95,370,76
male,65,152,33,moderate,build_muscle,84,150,2652,110,417,60
male,82,179,27,moderate,gain_weight,100,150,3174,166,389,105
female,52,156,43,low,gain_weight,60,140,1660,85,219,49
male,64,173,48,moderate,lose_weight,42,68,1555,139,142,47
female,50,150,38,moderate,gain_weight,63,35,2001,92,274,59
male,50,175,46,high,lose_weight,40,31,1740,101,236,43
female,82,190,44,moderate,build_muscle,106,159,2780,147,377,75
male,54,157,24,high,gain_weight,65,73,2797,113,390,86
male,82,185,50,moderate,build_muscle,88,32,2966,142,390,92
male,54,160,31,high,lose_weight,47,118,1959,87,296,47
female,87,186,22,high,gain_weight,112,48,3333,177,411,108
female,81,188,18,moderate,gain_weight,98,49,2872,134,377,92
male,75,175,50,low,gain_weight,85,32,2259,122,288,68
female,89,173,34,low,build_muscle,97,135,2296,181,246,64
male,50,164,50,low,lose_weight,36,97,752,80,51,25
female,99,152,26,high,build_muscle,122,123,3325,198,430,90
male,90,190,41,moderate,gain_weight,113,70,3361,161,431,110
male,95,183,50,high,gain_weight,109,159,3341,164,463,92
male,91,159,44,high,lose_weight,62,72,2247,147,258,69
female,51,178,45,high,lose_weight,32,49,1483,94,200,34
male,67,172,44,low,build_muscle,76,88,2205,124,315,49
male,92,159,21,moderate,lose_weight,73,79,2159,150,276,49
male,77,154,37,high,gain_weight,100,149,3009,158,402,85
male,80,186,33,moderate,lose_weight,66,154,2179,144,248,67
female,51,150,32,high,build_muscle,57,140,2222,107,319,57
female,57,189,25,low,build_muscle,66,134,2184,110,324,49
male,98,184,38,low,build_muscle,117,65,2617,209,310,59
male,93,175,29,moderate,lose_weight,82,97,2169,166,221,68
female,53,162,20,high,lose_weight,48,88,1742,111,214,48
female,75,174,48,moderate,build_muscle,90,72,2524,154,338,61
female,75,177,37,high,gain_weight,78,55,2833,163,342,89
female,57,158,31,moderate,build_muscle,61,58,2195,94,337,52
male,78,172,28,moderate,gain_weight,90,66,3046,148,415,87
male,71,175,21,moderate,gain_weight,86,31,3056,132,431,89
male,97,176,20,moderate,gain_weight,119,31,3234,175,416,96
female,96,190,47,moderate,lose_weight,84,50,1985,194,174,56
female,63,153,48,moderate,lose_weight,40,40,1183,122,94,34
male,84,157,21,high,lose_weight,50,45,2223,169,243,63
male,87,167,29,moderate,gain_weight,95,39,3101,149,454,75
female,81,169,43,high,lose_weight,57,160,1774,175,149,52
male,82,185,28,moderate,lose_weight,53,138,2234,160,283,50
female,50,176,20,high,gain_weight,54,167,2568,104,361,78
female,96,156,26,high,gain_weight,100,123,3127,194,355,103
female,84,154,37,low,gain_weight,86,48,1965,173,206,49
male,55,190,39,moderate,lose_weight,38,173,1609,99,202,44
male,84,171,41,high,lose_weight,69,168,2173,160,237,64
male,58,157,44,low,gain_weight,66,127,1931,112,250,53
female,84,164,33,low,build_muscle,96,79,2248,140,297,55
female,52,156,50,moderate,build_muscle,60,114,2100,114,253,69
female,91,162,22,low,lose_weight,84,39,1296,197,40,38
female,80,179,49,moderate,build_muscle,88,127,2693,148,369,69
female,51,168,32,high,build_muscle,60,128,2359,110,331,65
male,71,170,18,high,gain_weight,81,85,3279,155,420,108
female,94,185,18,moderate,lose_weight,79,162,2199,196,200,67
male,74,172,45,high,build_muscle,86,95,3072,127,435,91
male,71,180,45,moderate,gain_weight,85,141,2865,144,402,75
male,69,160,50,moderate,gain_weight,72,148,2603,136,330,81
male,99,170,41,low,build_muscle,118,91,2669,173,348,64
male,71,162,18,low,build_muscle,73,129,2337,149,292,63
female,58,165,19,moderate,build_muscle,65,133,2434,120,355,58
male,79,167,41,low,build_muscle,96,90,2342,157,272,69
male,100,153,43,low,gain_weight,112,48,2392,183,259,68
male,66,190,36,high,build_muscle,74,99,3225,134,433,106
male,94,152,43,low,lose_weight,76,60,1223,201,36,30
male,93,176,36,moderate,lose_weight,63,100,2217,170,241,63
female,80,178,39,high,lose_weight,69,131,1952,167,197,54
male,54,161,44,low,lose_weight,37,69,930,117,53,27
female,77,170,40,moderate,build_muscle,99,85,2523,149,317,73
male,79,180,21,high,gain_weight,96,45,3581,128,504,116
female,62,171,21,high,build_muscle,78,74,2712,133,354,84
female,64,169,45,moderate,lose_weight,54,100,1348,122,125,39
female,61,150,22,moderate,build_muscle,64,39,2252,104,316,63
male,74,153,31,low,gain_weight,77,72,2176,151,244,66
male,75,160,38,high,gain_weight,80,136,3158,139,474,78
female,53,181,36,moderate,build_muscle,58,144,2362,89,358,63
female,79,175,22,low,gain_weight,89,61,2242,155,252,67
female,56,172,46,moderate,lose_weight,41,180,1211,107,108,38
female,82,165,33,high,lose_weight,73,150,2093,155,245,54
male,56,176,27,low,build_muscle,64,55,2232,95,326,60
female,82,156,44,low,lose_weight,76,178,1455,169,98,42
male,76,169,45,low,lose_weight,52,172,1194,161,49,38
male,70,185,19,high,lose_weight,64,109,2702,152,363,71
female,71,188,18,high,build_muscle,76,39,3070,150,410,91
female,92,164,42,high,gain_weight,105,74,3065,158,405,89
female,84,179,46,high,lose_weight,78,152,2312,174,251,67
male,68,170,24,high,lose_weight,58,91,2096,114,299,48
male,84,165,32,moderate,build_muscle,86,78,2947,177,350,92
female,71,150,49,low,gain_weight,81,116,1751,155,169,50
male,53,174,41,moderate,lose_weight,40,50,1537,91,212,35
male,76,156,26,high,build_muscle,79,87,3044,137,441,80
female,94,180,42,moderate,gain_weight,114,96,3016,204,324,100
male,77,174,27,moderate,lose_weight,66,37,1915,137,234,47
female,87,181,49,moderate,gain_weight,91,117,2764,164,329,87
male,94,174,35,low,gain_weight,107,53,2528,164,337,58
female,57,184,38,low,lose_weight,40,122,959,94,74,31
male,53,164,23,low,build_muscle,60,135,1951,92,288,47
female,83,171,20,high,build_muscle,86,50,3100,135,420,97
male,71,166,33,low,build_muscle,81,31,2325,139,316,55
female,57,175,23,low,lose_weight,42,70,867,116,46,23
female,75,167,36,low,build_muscle,80,126,2143,144,281,48
female,74,152,18,high,build_muscle,82,166,2700,126,359,84
male,97,177,29,high,gain_weight,102,170,3612,197,502,90
female,85,164,36,moderate,gain_weight,92,35,2700,148,340,82
male,72,173,20,high,lose_weight,59,128,2284,120,305,64
female,71,152,27,moderate,lose_weight,46,82,1401,129,145,33
male,83,166,37,moderate,build_muscle,104,151,2994,160,411,78
female,56,189,46,low,lose_weight,42,47,932,114,52,29
male,90,150,34,moderate,lose_weight,61,108,1902,192,174,48
female,88,158,45,low,lose_weight,52,156,980,156,15,32
female,54,175,38,low,gain_weight,70,98,1848,110,215,60
female,73,158,48,high,build_muscle,75,77,2518,141,300,83
female,58,158,41,low,lose_weight,48,99,798,114,44,18
male,67,188,47,low,build_muscle,69,136,2289,137,297,61
male,56,165,23,moderate,lose_weight,50,174,2105,108,267,67
male,66,174,37,low,gain_weight,71,85,2199,144,252,67
female,79,154,32,high,build_muscle,90,124,2675,165,310,85
female,98,181,38,moderate,gain_weight,115,64,3165,191,409,84
male,100,164,37,moderate,lose_weight,92,150,2520,200,280,66
male,98,169,34,moderate,gain_weight,111,104,3124,190,428,71
female,93,176,36,high,gain_weight,116,121,3370,157,474,93
female,52,157,23,low,gain_weight,58,173,1669,86,234,42
male,86,182,46,high,build_muscle,89,114,3454,160,521,81
female,75,190,46,moderate,build_muscle,77,156,2655,145,333,82
male,98,188,21,low,lose_weight,66,61,1796,179,165,45
male,64,187,41,high,lose_weight,38,32,1977,139,208,64
female,82,182,48,low,build_muscle,103,117,2325,155,285,62
male,89,160,47,moderate,gain_weight,108,128,2996,173,376,88
female,90,175,21,high,gain_weight,102,168,3373,148,508,82
female,51,165,41,high,lose_weight,37,52,1386,95,153,43
male,76,151,22,high,build_muscle,96,166,3150,131,441,95
female,91,181,37,low,build_muscle,115,37,2274,156,261,67
male,88,181,34,low,lose_weight,61,118,1495,157,135,36
male,96,161,38,high,build_muscle,101,63,3417,205,472,78
male,95,184,22,low,gain_weight,100,44,2736,198,304,80
female,81,167,40,high,gain_weight,97,102,2882,134,378,92
female,93,176,19,low,build_muscle,97,76,2444,184,290,60
female,92,187,39,high,lose_weight,82,98,2195,160,230,69
female,74,170,35,low,lose_weight,52,136,960,160,19,26
male,80,187,21,high,lose_weight,61,74,2576,132,334,78
female,53,168,31,low,lose_weight,34,152,898,106,60,25
male,74,161,45,high,build_muscle,84,69,2979,156,393,86
male,96,176,26,high,lose_weight,77,101,2655,156,373,59
female,80,176,37,low,gain_weight,89,156,2249,153,285,54
male,92,185,18,high,lose_weight,72,129,2817,152,354,88
male,71,155,44,moderate,build_muscle,86,55,2624,114,356,82
male,91,183,31,high,build_muscle,96,175,3658,178,499,105
female,100,183,45,high,gain_weight,106,136,3378,213,392,105
male,93,155,27,high,lose_weight,80,104,2424,151,315,61
male,56,186,25,high,build_muscle,71,73,3112,93,489,86
female,63,189,33,high,lose_weight,46,81,1939,121,240,54
female,79,177,27,high,build_muscle,99,87,3071,136,401,102
male,96,186,24,high,gain_weight,120,94,3714,195,463,119
male,82,184,27,high,lose_weight,75,43,2463,174,285,69
female,90,164,20,moderate,gain_weight,95,163,2944,161,372,89
male,80,186,27,high,build_muscle,96,49,3399,175,472,89
female,63,184,41,high,lose_weight,37,104,1676,118,177,54
female,64,179,19,moderate,lose_weight,45,36,1579,116,183,42
female,84,190,22,high,gain_weight,102,74,3303,184,416,99
male,59,157,44,high,gain_weight,74,63,2610,116,360,77
female,88,154,38,high,lose_weight,66,88,1846,167,179,50
female,84,165,41,moderate,build_muscle,89,178,2572,150,305,83
male,58,155,45,low,lose_weight,42,43,820,99,63,18
female,65,162,31,moderate,build_muscle,80,125,2392,119,314,72
female,53,176,46,low,lose_weight,40,68,797,90,58,22
male,52,184,49,moderate,gain_weight,62,86,2600,112,367,75
male,55,167,31,high,gain_weight,62,149,2771,119,392,80
male,69,165,22,low,gain_weight,89,82,2242,138,259,72
female,96,181,42,low,build_muscle,120,67,2419,160,321,54
male,93,162,19,high,build_muscle,102,117,3493,151,541,80
female,100,152,25,moderate,gain_weight,113,34,2871,219,298,88
female,82,179,36,moderate,gain_weight,86,159,2875,157,407,68
male,62,169,47,low,gain_weight,78,53,1998,116,235,65
male,66,157,22,moderate,gain_weight,77,33,2783,128,361,91
male,75,174,28,high,build_muscle,84,60,3168,123,507,71
female,55,185,28,high,lose_weight,44,166,1972,98,262,58
male,100,156,28,low,lose_weight,69,113,1496,164,103,47
female,94,190,19,low,gain_weight,108,89,2530,182,279,75
female,96,152,35,low,build_muscle,110,105,2151,182,214,62
male,65,170,21,moderate,gain_weight,81,39,2826,116,423,74
female,74,177,27,low,lose_weight,47,72,1180,139,82,32
male,65,157,50,moderate,build_muscle,82,99,2424,112,371,54
male,71,180,42,high,gain_weight,86,100,3038,149,455,68
female,53,169,20,high,build_muscle,55,55,2582,114,337,86
female,58,157,43,high,lose_weight,37,124,1307,108,147,31
male,72,159,50,low,build_muscle,88,136,1986,148,241,47
male,90,158,37,high,gain_weight,108,140,3358,180,488,75
male,65,181,35,high,lose_weight,57,80,2107,114,284,56
male,95,172,44,moderate,build_muscle,115,154,3182,171,416,92
male,98,165,43,moderate,build_muscle,101,146,3046,193,410,69
female,52,151,32,moderate,gain_weight,62,44,2223,104,298,68
male,65,150,44,high,build_muscle,82,106,2761,105,412,76
female,71,184,22,low,lose_weight,62,52,1183,136,78,35
female,97,177,21,low,gain_weight,115,166,2472,181,266,75
female,67,178,20,moderate,gain_weight,73,87,2686,125,410,60
male,88,175,49,high,lose_weight,54,174,2227,154,273,57
male,78,183,28,high,build_muscle,92,82,3433,156,515,83
male,83,162,34,moderate,build_muscle,99,39,3015,166,397,84
female,86,187,44,low,build_muscle,100,172,2276,162,281,55
male,65,163,47,high,build_muscle,71,174,2941,135,398,89
male,79,161,26,high,lose_weight,47,59,2165,171,207,72
female,75,176,23,low,gain_weight,84,112,2194,160,225,72
male,88,180,27,low,gain_weight,98,57,2681,161,338,75
male,51,151,22,moderate,gain_weight,59,70,2268,90,362,50
male,99,173,25,high,gain_weight,112,45,3679,174,552,85
female,50,155,35,moderate,build_muscle,55,131,2063,87,323,46
male,95,150,22,high,build_muscle,123,80,3520,188,428,116
male,72,173,20,moderate,build_muscle,84,54,2992,144,432,75
female,80,183,34,moderate,gain_weight,95,58,2830,163,385,70
male,100,165,27,moderate,gain_weight,123,31,3217,198,373,103
male,76,190,43,low,gain_weight,86,48,2327,139,317,55
male,52,159,35,low,build_muscle,59,32,1819,99,243,49
female,55,172,30,high,gain_weight,64,155,2556,102,386,67
male,56,159,33,moderate,build_muscle,67,128,2596,105,350,85
male,81,173,26,low,gain_weight,102,62,2436,144,289,77
male,77,168,46,moderate,build_muscle,82,48,2813,149,349,91
male,83,156,40,low,build_muscle,85,163,2356,146,320,54
female,65,169,34,moderate,build_muscle,67,115,2438,130,296,81
male,99,184,48,high,build_muscle,102,145,3629,204,488,95
male,51,161,50,high,lose_weight,34,104,1461,107,177,35
female,87,180,47,low,build_muscle,94,64,2283,144,304,54
female,99,170,45,low,build_muscle,109,33,2232,186,246,55
male,78,186,45,low,lose_weight,69,100,1287,160,74,38
male,95,155,21,low,gain_weight,118,74,2361,182,251,69
male,77,167,22,high,lose_weight,56,76,2147,132,285,52
female,84,163,30,moderate,gain_weight,99,133,2794,179,320,87
female,52,165,20,low,gain_weight,67,55,1895,100,258,50
female,75,178,29,moderate,lose_weight,55,37,1613,145,140,52
female,70,176,43,moderate,gain_weight,82,145,2580,145,351,65
male,78,188,32,low,gain_weight,100,116,2469,138,322,69
male,87,154,21,moderate,build_muscle,112,65,3030,156,398,90
female,62,183,37,moderate,build_muscle,68,31,2516,101,372,68
female,74,186,50,high,gain_weight,93,168,2939,132,422,79
female,96,167,35,low,build_muscle,116,142,2228,171,225,71
male,58,160,25,low,build_muscle,63,158,2163,106,287,64
male,65,175,35,high,lose_weight,52,127,1921,135,207,60
female,69,155,43,moderate,gain_weight,74,43,2231,138,280,61
male,81,163,50,low,lose_weight,74,40,1149,130,74,36
female,75,166,26,moderate,gain_weight,97,70,2776,151,393,66
female,73,188,30,high,gain_weight,78,58,3049,123,456,81
male,100,158,37,high,lose_weight,70,53,2478,188,294,60
female,52,185,31,low,lose_weight,40,53,966,83,87,31
male,83,159,40,low,gain_weight,95,122,2246,163,250,65
male,77,169,24,high,build_muscle,96,64,3207,166,425,93
female,86,180,31,low,build_muscle,100,79,2432,160,307,62
male,84,154,44,moderate,gain_weight,107,84,2936,163,388,81
female,90,173,35,low,build_muscle,101,151,2276,195,227,65
male,83,173,19,low,build_muscle,86,170,2578,167,338,61
female,98,190,24,moderate,gain_weight,113,94,3159,194,414,80
female,62,189,49,moderate,build_muscle,78,155,2578,133,352,70
male,64,178,18,high,build_muscle,78,178,3176,121,487,82
female,54,176,26,high,lose_weight,38,50,1556,106,173,48
male,81,178,31,moderate,lose_weight,49,153,2100,138,275,49
female,59,184,31,moderate,lose_weight,39,149,1420,127,155,31
male,82,162,37,moderate,lose_weight,65,36,1902,133,233,48
female,58,165,47,low,lose_weight,36,168,662,118,-1,21
female,56,150,37,moderate,gain_weight,58,53,2121,91,295,63
female,95,178,39,moderate,lose_weight,72,53,1950,154,196,60
male,90,171,29,moderate,lose_weight,58,121,2081,188,198,59
female,59,183,23,high,lose_weight,53,166,2175,107,322,50
male,97,174,36,low,gain_weight,103,95,2687,194,304,76
male,98,178,25,moderate,build_muscle,122,58,3462,200,452,94
female,89,175,31,high,build_muscle,95,132,3177,169,400,99
female,83,152,24,low,build_muscle,101,92,2288,138,289,64
male,63,154,40,high,gain_weight,80,116,2769,135,412,64
female,86,160,37,moderate,gain_weight,91,138,2685,153,346,75
male,82,160,21,low,gain_weight,86,127,2437,173,295,62
female,55,158,45,low,build_muscle,62,161,1850,111,247,45
male,90,172,19,low,lose_weight,68,137,1640,146,166,43
male,65,168,30,high,build_muscle,78,167,3023,119,423,94
female,87,185,49,moderate,lose_weight,54,165,1732,189,116,56
female,88,159,46,moderate,build_muscle,108,66,2682,141,380,66
female,62,168,38,low,gain_weight,64,46,1885,113,240,52
male,75,181,28,low,gain_weight,91,143,2574,155,353,59
female,52,178,44,moderate,build_muscle,57,174,2218,96,344,50
female,85,151,22,high,build_muscle,105,163,3032,145,430,80
female,97,178,32,high,gain_weight,99,95,3402,187,469,85
female,54,163,38,high,lose_weight,43,128,1357,114,150,33
female,70,178,48,high,gain_weight,81,88,2614,139,331,81
male,64,162,22,moderate,build_muscle,69,120,2786,116,390,84
female,93,162,27,high,lose_weight,68,107,2216,180,258,51
female,63,154,44,moderate,lose_weight,56,90,1246,125,111,33
male,79,153,50,high,build_muscle,86,90,2865,168,397,66
female,55,169,46,low,build_muscle,70,71,1710,118,189,53
female,62,188,24,low,lose_weight,50,72,1131,105,98,34
male,53,174,18,high,gain_weight,57,104,2908,92,420,95
female,80,176,43,moderate,build_muscle,99,75,2681,150,347,76
female,62,156,43,moderate,build_muscle,68,131,2255,123,297,63
male,81,167,48,low,lose_weight,59,37,1256,133,108,31
male,69,160,31,moderate,gain_weight,75,101,2590,122,345,79
female,60,173,22,high,lose_weight,43,175,1818,120,231,45
female,97,179,41,low,gain_weight,103,43,2489,187,272,71
female,69,158,18,moderate,build_muscle,75,82,2457,149,322,63
female,87,173,23,high,build_muscle,113,129,3218,148,494,71
female,64,176,22,high,lose_weight,46,112,1737,120,218,42
female,79,168,49,high,build_muscle,84,176,2896,158,364,89
female,64,171,19,moderate,gain_weight,76,165,2489,122,320,79
male,52,152,20,low,build_muscle,56,75,2059,105,302,47
male,74,177,23,low,lose_weight,52,87,1286,161,86,32
male,66,168,31,high,gain_weight,71,177,2919,128,449,67
female,71,153,40,low,lose_weight,45,133,883,154,3,27
female,90,178,31,low,gain_weight,104,149,2371,177,244,75
male,50,172,36,high,lose_weight,44,35,1642,98,212,44
female,64,151,21,low,lose_weight,49,43,894,116,46,26
male,77,179,23,moderate,gain_weight,100,73,3116,128,472,79
female,57,185,39,moderate,lose_weight,37,92,1402,114,161,33
male,82,159,22,high,build_muscle,91,150,3211,131,444,100
female,52,181,35,low,lose_weight,44,60,850,98,57,25
female,94,169,48,high,lose_weight,65,149,2075,184,225,48
female,72,190,22,high,gain_weight,80,49,3053,140,415,92
female,84,151,50,moderate,gain_weight,88,134,2431,138,336,59
male,64,171,19,high,lose_weight,39,93,1992,115,254,56
female,77,165,22,moderate,lose_weight,58,59,1687,161,160,44
female,94,167,24,low,build_muscle,116,104,2419,169,262,76
male,86,160,42,low,build_muscle,108,73,2354,180,251,69
female,58,163,35,high,lose_weight,35,180,1517,108,182,39
female,83,152,18,high,build_muscle,94,145,2794,170,353,77
male,55,157,20,moderate,build_muscle,62,153,2690,99,417,69
male,94,160,35,low,build_muscle,121,175,2582,179,304,72
female,77,151,30,high,lose_weight,64,107,1781,133,222,39
male,76,177,50,moderate,gain_weight,87,36,2907,156,367,90
male,78,159,38,moderate,lose_weight,73,159,2235,164,253,62
female,62,174,19,high,gain_weight,77,122,2852,126,421,73
female,97,180,48,low,build_muscle,106,135,2347,165,260,71
female,98,156,31,high,lose_weight,82,138,2202,210,204,60
female,61,152,26,high,gain_weight,66,70,2434,104,354,66
female,90,176,35,high,lose_weight,57,39,2090,172,216,59
female,58,165,21,high,gain_weight,68,82,2479,92,391,60
male,59,165,32,moderate,lose_weight,39,99,1661,107,208,43
male,87,162,46,high,build_muscle,105,118,3219,162,452,84
male,79,156,43,high,build_muscle,101,174,3034,163,411,81
female,72,163,39,low,lose_weight,45,107,936,143,23,30
male,75,165,23,moderate,build_muscle,95,88,2952,128,455,68
male,58,189,24,moderate,build_muscle,72,159,2787,116,393,83
male,57,166,19,moderate,lose_weight,51,164,2103,118,261,64
male,75,175,36,low,build_muscle,87,109,2405,160,293,65
female,94,182,41,high,lose_weight,89,179,2694,205,312,69
female,90,157,20,high,gain_weight,114,140,2989,194,398,68
male,100,162,19,low,build_muscle,112,55,2630,204,312,62
male,59,178,43,low,build_muscle,61,48,1991,127,251,53
male,91,162,33,moderate,lose_weight,63,55,2025,200,167,61
female,56,180,36,high,gain_weight,60,98,2776,89,413,84
male,86,161,19,moderate,build_muscle,96,41,3116,141,414,99
male,98,172,49,low,gain_weight,117,83,2630,183,301,76
female,90,180,50,low,build_muscle,111,125,2429,183,254,75
male,75,171,21,low,lose_weight,50,119,1412,146,107,44
male,94,168,38,high,build_muscle,116,49,3479,166,525,78
female,80,172,36,moderate,gain_weight,85,77,2624,167,316,76
male,87,167,36,low,build_muscle,106,162,2347,173,243,75
female,90,171,33,low,lose_weight,72,41,1370,182,74,37
female,76,159,33,moderate,lose_weight,51,135,1420,162,121,31
male,83,156,25,high,lose_weight,49,38,2299,178,249,65
female,60,184,49,low,build_muscle,71,118,1922,122,222,60
male,77,153,23,moderate,lose_weight,54,54,1839,131,227,44
male,51,162,22,moderate,build_muscle,55,141,2491,106,371,64
female,95,155,28,moderate,build_muscle,101,165,2880,155,393,76
male,78,174,21,low,gain_weight,84,176,2493,161,301,71
male,65,162,34,high,lose_weight,44,154,1791,141,185,53
female,97,167,22,high,build_muscle,103,59,3362,202,439,88
male,54,150,25,high,build_muscle,68,148,2694,94,388,84
male,81,169,41,moderate,build_muscle,87,57,3040,132,454,76
male,66,157,19,high,lose_weight,53,64,1910,140,203,59
female,52,170,28,high,build_muscle,58,155,2562,103,380,69
male,97,174,48,moderate,gain_weight,110,123,3135,189,362,102
female,86,155,45,moderate,lose_weight,71,109,1523,146,120,50
male,79,167,41,moderate,build_muscle,94,168,2785,153,356,82
male,98,156,47,moderate,build_muscle,123,95,3110,164,412,89
female,89,156,19,low,lose_weight,84,79,1522,173,109,43
female,92,187,28,low,lose_weight,61,56,1520,176,100,46
male,97,170,26,high,lose_weight,85,63,2510,160,299,74
male,72,178,30,low,gain_weight,82,168,2243,149,282,57
male,63,182,37,moderate,build_muscle,77,117,2850,106,450,69
male,80,161,45,high,lose_weight,49,51,2057,145,227,62
female,57,163,39,low,lose_weight,43,177,808,94,56,22
male,61,170,43,moderate,build_muscle,66,161,2693,104,412,69
male,51,153,37,moderate,gain_weight,53,136,2480,107,380,58
male,69,172,35,low,gain_weight,85,55,2193,131,263,67
female,90,190,39,low,build_muscle,102,32,2553,160,291,83
male,81,165,24,moderate,lose_weight,59,174,1937,164,176,63
female,73,167,24,high,gain_weight,90,146,2894,118,445,70
male,63,177,22,low,build_muscle,79,100,2158,122,271,64
female,79,190,18,low,gain_weight,91,30,2464,145,295,77
male,73,168,33,moderate,gain_weight,88,52,2815,121,388,85
female,83,161,47,high,lose_weight,50,48,1807,176,171,45
female,72,185,20,moderate,gain_weight,92,113,2854,116,417,80
female,89,165,41,low,lose_weight,82,56,1139,143,81,26
female,68,152,39,high,lose_weight,57,99,1488,142,154,33
male,73,188,46,low,lose_weight,57,97,1393,149,104,42
male,76,165,35,low,gain_weight,84,48,2181,166,257,53
male,97,169,42,moderate,lose_weight,79,97,2097,160,217,65
female,73,171,26,moderate,lose_weight,56,129,1685,119,203,43
female,72,177,28,moderate,lose_weight,44,117,1584,132,146,51
female,52,157,24,low,lose_weight,43,47,685,92,34,19
male,77,164,19,moderate,lose_weight,52,121,1848,151,217,41
female,91,153,39,low,gain_weight,106,168,2143,198,211,56
female,56,170,40,high,lose_weight,44,171,1590,105,187,46
male,90,164,36,moderate,build_muscle,108,105,2996,168,382,88
female,89,151,22,moderate,lose_weight,79,159,2015,181,184,61
male,83,176,22,moderate,gain_weight,100,108,3065,138,441,82
male,93,182,44,high,lose_weight,85,137,2762,191,340,70
female,77,178,42,low,lose_weight,69,141,1318,130,104,42
female,63,168,25,high,build_muscle,81,41,2695,111,378,81
male,88,158,20,low,lose_weight,69,172,1455,181,75,47
female,54,169,32,high,gain_weight,61,149,2550,107,383,65
male,78,180,38,moderate,lose_weight,60,133,1901,146,208,53
female,73,182,42,high,gain_weight,92,107,2879,155,390,77
female,66,164,23,low,lose_weight,45,142,1058,108,79,34
male,57,168,39,low,gain_weight,70,58,2132,105,287,62
male,62,155,29,high,build_muscle,75,93,2799,116,380,90
female,85,175,45,low,gain_weight,104,157,2173,165,222,69
male,71,172,47,moderate,build_muscle,86,51,2789,129,425,63
female,72,156,27,low,gain_weight,88,93,2110,131,262,59
female,84,188,25,low,gain_weight,92,153,2383,171,279,64
female,94,167,24,high,lose_weight,89,58,2319,197,221,71
male,68,150,27,high,lose_weight,56,71,1900,110,240,55
female,82,150,20,low,gain_weight,106,144,2235,177,248,59
male,95,157,19,moderate,gain_weight,106,53,3128,203,376,89
female,77,171,39,moderate,gain_weight,93,66,2551,143,305,83
female,87,168,21,moderate,gain_weight,113,137,2992,168,414,73
female,73,190,46,high,lose_weight,66,146,2345,117,307,71
male,78,182,39,low,gain_weight,87,107,2327,164,280,60
male,61,187,32,low,gain_weight,68,150,2231,125,316,51
female,50,158,35,moderate,build_muscle,55,142,2203,81,328,62
male,64,183,50,low,lose_weight,45,85,1230,119,118,30
male,95,161,44,low,build_muscle,100,146,2530,199,249,81
female,57,186,27,high,gain_weight,68,157,2902,121,443,71
male,77,174,36,moderate,gain_weight,92,51,2838,163,360,82
male,66,156,30,high,build_muscle,76,77,2961,116,452,76
male,50,160,37,high,build_muscle,59,82,2647,94,413,68
male,80,155,29,high,gain_weight,97,115,3088,163,441,74
male,70,165,25,low,lose_weight,51,108,1317,127,123,34
male,92,187,49,low,gain_weight,100,93,2621,196,283,77
female,73,181,46,moderate,build_muscle,82,138,2702,155,356,72
female,71,187,34,high,build_muscle,85,136,3056,137,439,83
male,90,156,32,low,gain_weight,117,67,2427,179,249,78
female,87,180,31,low,build_muscle,98,157,2345,173,238,77
female,62,178,48,high,lose_weight,42,135,1686,126,209,38
female,82,187,35,low,lose_weight,73,70,1189,157,62,34
female,88,178,29,high,build_muscle,110,75,3239,142,430,105
female,80,179,23,high,lose_weight,70,117,2264,172,245,65
male,63,175,22,moderate,gain_weight,74,85,2772,129,370,85
female,65,176,42,moderate,lose_weight,57,37,1447,133,150,34
male,85,153,45,moderate,gain_weight,108,67,2736,174,358,67
male,95,152,50,high,gain_weight,120,177,3232,197,412,88
male,82,157,36,low,lose_weight,71,36,1351,178,81,34
female,72,168,25,low,lose_weight,49,92,1114,137,83,25
female,52,178,45,high,gain_weight,66,40,2412,87,337,79
female,92,190,35,low,lose_weight,82,145,1561,191,86,49
male,98,172,27,low,gain_weight,101,143,2575,209,278,69
female,71,178,45,low,gain_weight,76,95,2091,146,229,65
male,76,156,49,high,gain_weight,97,48,2924,131,403,86
male,79,175,23,low,lose_weight,67,77,1399,148,105,42
male,94,182,43,moderate,build_muscle,119,100,3268,198,391,100
female,74,172,23,low,lose_weight,61,61,1203,124,114,27
female,65,161,35,low,gain_weight,81,67,1978,120,272,45
male,63,168,46,moderate,lose_weight,42,113,1564,114,191,37
male,98,159,31,moderate,build_muscle,112,98,3252,172,424,96
male,69,185,38,moderate,gain_weight,84,58,2945,147,390,88
female,55,167,38,low,build_muscle,69,105,1771,109,240,41
female,95,171,22,low,gain_weight,101,70,2428,202,267,60
male,56,172,29,low,build_muscle,62,170,2117,118,281,57
male,72,159,33,low,build_muscle,87,144,2296,121,315,61
male,57,153,27,low,build_muscle,71,118,2120,118,272,61
male,82,165,18,high,gain_weight,88,175,3411,148,517,83
female,54,164,35,high,gain_weight,62,89,2335,109,344,57
male,51,179,46,low,gain_weight,60,72,2034,99,296,50
female,75,186,44,low,lose_weight,54,162,1051,123,69,30
male,77,161,33,high,build_muscle,97,33,3147,146,480,70
female,73,158,18,moderate,build_muscle,86,120,2540,145,328,71
male,95,190,24,low,build_muscle,100,97,2725,173,316,84
female,89,162,42,low,gain_weight,108,135,2123,151,254,55
male,61,152,25,moderate,lose_weight,40,180,1452,121,137,45
female,58,153,44,moderate,build_muscle,71,143,2060,100,274,62
female,66,173,19,moderate,gain_weight,84,74,2629,121,349,82
female,66,177,32,high,build_muscle,84,116,2841,130,411,75
female,89,190,28,moderate,gain_weight,101,37,3041,163,438,70
female,74,153,31,low,build_muscle,78,32,2001,147,220,58
male,77,158,27,high,lose_weight,58,60,2055,133,266,50
female,53,173,34,moderate,gain_weight,55,169,2368,100,336,68
female,59,166,48,moderate,lose_weight,38,116,1151,108,105,32
male,80,182,20,moderate,build_muscle,93,82,3219,134,499,75
male,51,175,24,high,build_muscle,66,178,2890,93,457,75
female,65,178,27,low,lose_weight,45,179,1100,142,65,29
male,91,187,28,moderate,gain_weight,93,154,3410,195,456,89
male,97,183,24,low,lose_weight,59,32,1601,185,101,50
female,66,183,49,low,gain_weight,68,31,2074,132,279,47
female,65,184,28,high,lose_weight,60,138,2336,135,313,60
female,78,177,31,high,gain_weight,96,178,3059,165,411,83
female,67,153,25,moderate,gain_weight,76,107,2408,136,329,60
male,65,160,25,moderate,build_muscle,68,162,2606,109,399,63
male,73,164,28,high,lose_weight,56,117,2022,138,217,66
male,55,150,29,low,gain_weight,69,171,1999,90,301,47
male,88,181,39,moderate,gain_weight,99,69,3090,192,418,71
female,64,177,22,low,lose_weight,55,157,1372,120,148,33
male,53,163,26,low,build_muscle,66,52,2069,95,305,51
female,59,153,50,high,build_muscle,72,134,2359,117,299,76
male,83,151,47,low,build_muscle,103,143,2127,163,255,50
male,59,161,46,high,lose_weight,49,137,1874,118,230,53
male,76,157,29,high,build_muscle,86,78,3124,163,397,97
female,53,163,46,moderate,build_muscle,67,67,2105,100,295,57
male,60,172,22,moderate,lose_weight,44,36,1672,120,173,55
female,92,161,32,moderate,lose_weight,84,139,2087,159,215,65
male,67,182,33,low,lose_weight,40,166,1255,117,111,37
female,61,186,38,moderate,build_muscle,77,140,2553,103,404,57
male,65,168,38,moderate,lose_weight,40,139,1632,104,198,46
female,62,182,41,moderate,gain_weight,74,162,2622,133,342,80
female,98,161,40,high,build_muscle,126,43,3048,189,390,80
female,70,157,46,moderate,lose_weight,51,78,1267,121,126,30
female,70,158,37,high,build_muscle,84,75,2513,113,370,64
male,51,163,39,low,lose_weight,31,155,828,83,62,27
female,71,163,40,high,gain_weight,89,31,2816,151,397,69
male,89,183,44,low,build_muscle,93,107,2591,194,320,58
female,72,178,18,low,gain_weight,74,58,2161,141,289,48
male,52,166,30,moderate,gain_weight,55,152,2456,89,363,71
male,76,175,29,moderate,lose_weight,62,162,2030,135,263,48
female,100,176,35,high,build_muscle,115,75,3392,180,436,102
female,50,154,29,moderate,lose_weight,42,90,1178,94,114,38
male,84,173,44,high,gain_weight,103,120,3186,180,420,86
male,52,187,27,low,build_muscle,56,103,2213,97,298,69
female,51,183,50,low,lose_weight,37,160,905,104,54,29
female,93,173,22,low,build_muscle,102,99,2321,169,240,75
male,79,167,33,low,gain_weight,91,176,2382,162,275,70
male,57,151,50,low,lose_weight,50,104,913,115,65,21
male,96,187,49,low,lose_weight,84,80,1552,198,110,35
female,61,180,46,high,gain_weight,69,110,2709,115,360,89
female,88,161,24,high,gain_weight,113,75,3213,182,421,88
male,86,176,28,moderate,gain_weight,106,131,3029,184,415,70
male,90,188,40,moderate,lose_weight,74,38,2173,156,254,58
male,86,183,38,low,lose_weight,79,124,1836,143,221,41
male,67,154,38,low,build_muscle,72,102,1999,119,250,57
female,83,156,31,low,build_muscle,86,51,2010,135,226,62
male,72,153,18,moderate,lose_weight,43,50,1800,137,214,43
male,77,175,40,high,lose_weight,62,72,2202,139,277,59
male,72,177,26,high,gain_weight,93,95,3171,143,416,103
male,100,169,44,low,build_muscle,121,130,2488,217,218,82
male,68,151,32,moderate,lose_weight,40,178,1645,140,187,36
male,50,185,43,low,build_muscle,60,33,1992,84,265,66
female,69,175,39,high,build_muscle,82,53,2758,135,405,65
female,51,164,25,high,gain_weight,57,49,2493,102,376,63
female,60,154,42,low,gain_weight,63,103,1705,115,202,47
male,65,177,47,low,build_muscle,70,96,2245,127,294,61
male,89,154,46,moderate,build_muscle,92,169,2826,176,321,92
female,99,189,31,moderate,lose_weight,66,138,2178,212,192,62
male,70,153,45,high,lose_weight,51,180,1775,114,208,53
male,92,180,18,high,build_muscle,111,152,3576,155,488,111
male,90,176,35,low,gain_weight,116,88,2440,172,299,61
male,61,155,36,high,build_muscle,78,114,2793,127,382,83
male,85,182,37,low,gain_weight,105,129,2522,174,279,78
female,83,190,30,high,gain_weight,102,132,3241,143,504,72
male,85,156,37,high,lose_weight,62,98,2038,170,219,53
male,80,169,48,high,build_muscle,83,65,3138,163,411,93
female,66,186,48,low,gain_weight,71,106,2082,119,294,47
male,51,181,23,high,lose_weight,39,128,2009,96,301,46
female,75,190,23,low,lose_weight,64,157,1375,155,109,35
female,97,183,27,low,gain_weight,125,43,2504,179,276,75
male,63,161,49,low,lose_weight,47,143,887,101,68,22
male,83,154,42,low,lose_weight,58,111,1117,170,27,36
female,83,180,27,high,lose_weight,53,136,2152,146,280,49
female,99,165,28,low,lose_weight,61,126,1338,167,91,33
male,81,155,27,high,build_muscle,92,163,3191,148,420,101
male,59,189,35,high,lose_weight,52,91,2122,109,290,58
male,72,170,28,high,gain_weight,80,145,3043,128,436,87
female,72,161,41,low,lose_weight,57,120,923,152,23,24
female,59,183,32,high,lose_weight,35,135,1820,101,239,50
female,65,189,41,low,build_muscle,83,38,2184,118,280,65
female,55,164,46,high,lose_weight,50,124,1774,119,195,57
male,73,153,34,moderate,build_muscle,88,33,2630,119,383,68
male,54,159,40,low,gain_weight,69,98,2017,103,252,66
male,86,171,50,high,build_muscle,105,122,3155,161,429,87
male,68,167,42,high,build_muscle,70,63,2861,121,403,84
male,68,186,33,high,lose_weight,50,166,2195,122,312,50
female,50,188,27,high,gain_weight,58,146,2722,96,384,88
female,56,188,20,high,gain_weight,59,79,2884,108,411,89
male,83,150,37,high,build_muscle,97,155,3123,156,464,71
male,50,188,30,low,build_muscle,63,135,2114,96,316,51
female,100,151,31,low,gain_weight,118,115,2193,170,230,65
male,72,159,49,high,gain_weight,91,103,2861,143,372,88
female,52,164,27,low,build_muscle,58,50,1878,109,245,51
male,94,164,19,low,build_muscle,98,108,2497,168,285,75
male,91,165,36,moderate,lose_weight,56,171,2039,155,231,54
female,69,173,31,moderate,build_muscle,87,56,2631,128,379,66
male,76,181,26,high,lose_weight,55,60,2441,126,307,78
male,72,153,22,high,gain_weight,88,68,2968,134,448,70
male,73,177,39,low,gain_weight,81,78,2363,129,338,54
male,88,158,42,low,gain_weight,90,135,2373,175,250,74
female,66,176,43,moderate,lose_weight,61,38,1392,136,111,44
female,96,182,27,moderate,build_muscle,111,97,3170,201,424,73
male,53,162,33,moderate,lose_weight,45,127,1725,99,223,48
male,94,159,18,moderate,build_muscle,115,129,3142,150,425,93
female,85,161,30,high,build_muscle,101,84,3113,176,442,70
male,74,189,43,moderate,lose_weight,63,94,2033,141,215,67
male,87,176,32,moderate,build_muscle,97,57,3177,188,373,103
male,83,164,46,low,build_muscle,103,94,2280,158,264,65
male,60,176,25,low,build_muscle,73,35,2094,127,245,66
female,76,169,19,moderate,lose_weight,69,95,1889,155,214,45
male,76,179,47,moderate,build_muscle,92,163,2950,152,391,86
female,51,169,31,moderate,gain_weight,59,118,2385,92,345,70
female,69,171,32,low,gain_weight,81,137,2154,148,274,51
female,89,154,35,moderate,build_muscle,108,116,2722,184,356,61
female,50,174,45,low,gain_weight,57,51,1773,83,253,47
male,54,162,31,moderate,build_muscle,69,100,2499,109,359,69
female,74,187,33,moderate,gain_weight,82,60,2753,154,367,73
female,55,190,25,moderate,lose_weight,50,145,1962,99,277,50
female,57,177,47,low,gain_weight,60,63,1859,102,264,43
female,65,159,29,high,build_muscle,73,107,2597,126,333,84
male,78,175,25,low,build_muscle,96,134,2457,153,294,73
male,86,152,21,high,lose_weight,72,149,2228,144,292,53
female,67,171,21,low,build_muscle,81,72,2127,127,271,59
female,66,163,19,moderate,build_muscle,74,73,2408,131,320,66
female,84,153,36,low,build_muscle,108,83,2089,163,243,51
female,75,186,47,moderate,build_muscle,90,126,2581,131,331,80
female,54,174,43,low,lose_weight,37,120,766,116,28,20
male,59,186,44,low,lose_weight,43,83,1092,103,105,28
male,81,169,20,low,gain_weight,91,109,2464,149,312,68
female,96,181,19,moderate,gain_weight,115,90,3064,183,429,68
male,59,151,45,low,gain_weight,71,145,1825,114,247,42
male,68,168,31,moderate,lose_weight,51,66,1722,123,184,54
female,55,159,30,moderate,build_muscle,62,55,2234,113,291,68
female,56,173,19,high,lose_weight,49,109,1961,110,261,52
male,82,158,44,high,build_muscle,104,121,3062,140,436,83
female,70,173,46,moderate,lose_weight,51,165,1423,153,121,36
female,90,183,49,low,build_muscle,116,119,2250,154,283,55
male,79,158,37,low,build_muscle,92,43,2287,143,264,72
male,97,167,37,low,build_muscle,112,64,2510,189,294,64
male,67,155,39,moderate,gain_weight,74,125,2687,115,383,76
male,56,170,46,low,build_muscle,69,138,1997,105,289,46
male,86,181,35,moderate,gain_weight,104,136,3202,146,457,87
female,99,163,49,high,lose_weight,68,33,2146,190,208,61
male,92,175,29,high,lose_weight,57,173,2613,194,299,70
male,68,151,33,moderate,lose_weight,41,101,1539,130,173,35
female,96,173,26,high,lose_weight,60,70,2371,174,247,76
female,84,161,43,low,gain_weight,96,138,2112,160,211,69
female,82,172,40,moderate,lose_weight,54,60,1688,177,127,51
female,91,184,22,moderate,build_muscle,113,75,3164,156,448,82
female,73,161,44,moderate,lose_weight,57,57,1304,138,108,35
female,86,158,39,high,gain_weight,93,68,2775,156,365,76
male,92,173,44,moderate,lose_weight,55,140,2041,158,213,61
female,96,166,33,low,build_muscle,103,72,2314,164,297,51
male,65,181,47,moderate,gain_weight,76,81,2674,132,384,67
male,68,157,34,high,lose_weight,54,167,1856,136,234,41
female,56,163,33,low,lose_weight,35,83,805,91,49,26
female,88,177,38,high,lose_weight,58,59,2198,166,253,57
male,92,183,42,high,build_muscle,114,108,3569,191,440,115
male,99,177,40,moderate,gain_weight,124,39,3346,185,482,74
female,89,175,25,high,build_muscle,102,126,3300,194,462,74
male,63,153,23,high,lose_weight,41,158,1774,137,177,57
male,98,169,45,high,gain_weight,103,48,3494,209,432,103
male,70,181,19,low,lose_weight,58,121,1369,134,112,42
female,76,164,25,moderate,build_muscle,91,120,2658,122,388,68
male,81,165,30,moderate,lose_weight,53,104,2012,143,229,57
male,78,166,28,moderate,gain_weight,99,134,2774,168,380,64
female,75,150,30,low,gain_weight,80,149,2000,146,248,46
female,99,160,19,low,build_muscle,117,50,2511,180,281,73
female,80,173,26,high,gain_weight,102,90,3105,166,413,87
male,59,175,23,moderate,lose_weight,40,114,1785,108,205,58
male,93,178,32,moderate,lose_weight,69,116,2268,176,232,70
female,53,164,42,low,lose_weight,38,39,808,112,32,25
male,94,172,39,moderate,build_muscle,118,154,3219,178,393,103
male,80,189,40,moderate,gain_weight,86,41,3053,165,418,79
male,80,166,26,moderate,build_muscle,89,76,3053,174,382,91
female,97,189,23,high,build_muscle,110,175,3524,162,533,82
female,68,175,39,moderate,gain_weight,81,168,2517,123,358,65
female,92,151,40,high,gain_weight,118,101,2869,192,310,95
male,89,161,32,low,build_muscle,108,51,2459,188,247,79
female,96,159,25,low,lose_weight,63,87,1260,206,30,34
male,74,174,39,low,lose_weight,54,159,1220,121,108,33
male,74,160,36,moderate,build_muscle,76,59,2909,123,450,68
female,83,151,49,moderate,build_muscle,90,95,2318,149,276,68
female,55,150,46,moderate,build_muscle,71,144,2085,105,279,60
female,56,187,22,moderate,lose_weight,36,92,1531,114,185,36
female,66,190,42,moderate,lose_weight,53,168,1715,137,174,51
female,59,160,43,moderate,lose_weight,37,133,1137,112,109,27
male,91,177,26,low,build_muscle,96,142,2508,160,305,71
male,69,168,22,moderate,build_muscle,71,99,2765,119,419,67
male,74,163,27,low,gain_weight,95,134,2271,138,290,61
male,81,153,24,high,gain_weight,96,154,3182,172,426,87
male,54,162,49,low,gain_weight,57,107,1977,104,287,45
male,78,183,30,moderate,gain_weight,101,94,3046,166,382,94
male,98,155,26,high,build_muscle,108,142,3515,193,468,96
male,89,175,46,moderate,gain_weight,98,64,3161,146,483,71
female,66,189,41,low,lose_weight,41,110,1121,111,107,27
male,92,173,47,high,build_muscle,115,99,3388,150,512,82
female,51,186,28,low,build_muscle,58,93,1949,82,271,59
female,80,176,39,moderate,build_muscle,88,45,2693,132,391,66
female,58,168,38,moderate,gain_weight,63,152,2340,112,341,58
male,88,170,38,low,lose_weight,75,87,1392,169,91,38
male,63,151,49,high,build_muscle,75,118,2666,130,395,62
male,71,171,25,moderate,build_muscle,86,111,2972,149,386,91
male,57,178,33,high,lose_weight,40,174,1890,113,257,45
female,67,154,43,moderate,build_muscle,73,71,2326,114,301,73
female,64,178,21,high,lose_weight,56,41,1859,112,223,57
female,78,180,45,high,build_muscle,93,76,3059,153,437,77
female,50,183,46,low,lose_weight,38,165,1013,87,90,33
male,55,186,42,high,lose_weight,42,60,1825,114,229,49
male,58,178,35,moderate,build_muscle,62,155,2732,95,442,64
male,57,171,48,low,build_muscle,71,98,1984,96,260,62
male,84,150,32,moderate,lose_weight,74,158,2084,154,253,50
female,73,161,19,moderate,gain_weight,92,54,2665,129,375,71
female,87,164,42,low,build_muscle,95,151,2274,172,255,62
female,91,173,25,high,lose_weight,69,125,2220,177,232,64
female,83,160,46,low,gain_weight,95,107,2107,136,276,50
male,86,175,20,low,build_muscle,106,115,2655,141,335,82
male,62,160,44,high,lose_weight,57,61,1873,123,240,46
male,86,186,29,low,gain_weight,91,118,2701,179,340,68
female,56,167,48,moderate,build_muscle,69,151,2192,108,315,55
female,58,180,22,low,lose_weight,44,69,989,92,98,25
male,96,170,23,low,lose_weight,80,40,1566,172,118,44
female,100,187,39,high,build_muscle,117,78,3453,194,458,93
female,65,158,33,high,build_muscle,75,39,2713,139,388,66
male,70,162,20,moderate,gain_weight,81,168,2776,134,386,77
female,75,160,37,moderate,build_muscle,90,161,2523,157,314,70
male,86,171,29,low,build_muscle,90,123,2363,181,244,73
female,67,164,42,moderate,lose_weight,59,122,1469,128,146,40
female,74,162,33,high,build_muscle,83,126,2735,151,350,80
female,99,157,22,high,lose_weight,67,44,2237,170,247,62
female,50,172,34,moderate,gain_weight,64,155,2236,99,318,62
female,66,163,44,high,gain_weight,75,178,2579,113,398,59
male,67,173,49,low,lose_weight,40,81,1026,126,69,27
male,84,154,50,low,lose_weight,63,43,1126,164,58,25
male,74,157,35,moderate,build_muscle,84,48,2706,140,349,82
female,95,150,50,moderate,lose_weight,72,167,1682,173,135,49
male,70,158,30,high,gain_weight,81,155,2965,150,430,71
male,99,170,36,low,gain_weight,111,81,2633,176,340,62
male,69,170,25,low,gain_weight,77,81,2269,132,300,59
female,71,151,43,moderate,build_muscle,77,178,2205,142,283,55
female,64,157,41,high,lose_weight,57,62,1393,119,156,31
male,70,180,48,moderate,lose_weight,57,114,1842,140,198,53
male,80,150,20,low,gain_weight,93,60,2188,173,259,50
female,62,187,23,high,build_muscle,67,145,3014,127,451,77
female,57,182,18,moderate,lose_weight,34,153,1598,108,177,50
male,81,152,31,low,build_muscle,84,121,2130,148,260,54
female,94,163,32,high,lose_weight,75,134,2110,158,215,68
male,100,157,42,low,build_muscle,120,122,2480,212,245,72
female,100,154,18,moderate,gain_weight,104,51,2912,191,378,70
male,97,156,44,high,gain_weight,124,119,3333,181,472,79
male,94,158,25,high,build_muscle,99,155,3423,173,444,105
male,66,151,40,low,build_muscle,71,139,2054,136,228,66
male,64,164,18,high,lose_weight,56,67,2023,103,277,55
male,94,171,47,low,build_muscle,117,123,2444,191,289,57
female,65,156,34,moderate,lose_weight,52,80,1210,125,95,36
male,60,164,49,low,gain_weight,75,143,2103,117,257,67
male,100,189,25,high,lose_weight,76,118,2910,213,347,74
female,100,173,44,moderate,lose_weight,77,74,1997,208,159,58
female,95,156,30,moderate,lose_weight,85,109,1731,154,156,54
female,87,190,49,low,lose_weight,59,72,1356,141,97,44
male,87,185,23,low,gain_weight,96,89,2561,148,361,58
male,82,189,50,moderate,build_muscle,92,162,3055,171,368,99
male,78,164,18,moderate,gain_weight,84,131,3009,166,420,73
male,62,171,31,moderate,build_muscle,80,121,2771,118,433,62
male,57,181,41,moderate,gain_weight,66,59,2765,105,412,77
female,60,173,30,high,lose_weight,45,117,1675,121,203,41
male,99,176,43,low,build_muscle,108,128,2562,176,324,61
male,64,177,50,high,build_muscle,72,129,3031,132,409,96
male,55,158,35,high,build_muscle,58,131,2612,117,352,81
female,90,177,41,low,gain_weight,98,102,2313,192,235,67
female,97,156,35,high,gain_weight,102,137,3074,166,388,94
female,61,186,28,high,gain_weight,69,175,2886,132,425,72
male,81,176,34,moderate,gain_weight,89,41,3139,147,468,74
female,99,175,20,moderate,gain_weight,120,147,3011,167,396,84
male,92,154,27,moderate,gain_weight,96,119,2975,196,337,93
female,95,186,26,moderate,build_muscle,100,136,3150,155,412,97
female,78,171,49,low,build_muscle,85,75,2164,143,283,50
male,60,172,49,high,build_muscle,77,148,2829,118,422,73
male,58,189,19,low,lose_weight,38,138,1230,101,117,39
male,79,154,34,low,lose_weight,57,117,1246,161,63,38
female,92,189,28,high,gain_weight,113,39,3453,182,475,91
male,76,158,40,low,build_muscle,85,39,2082,131,265,55
female,95,177,25,high,build_muscle,119,98,3333,152,496,81
male,60,163,22,high,build_muscle,71,127,2898,101,437,82
male,100,180,33,high,gain_weight,118,92,3787,193,556,87
male,51,175,19,high,gain_weight,59,138,2864,112,427,78
female,91,184,36,low,gain_weight,113,104,2439,158,270,80
female,62,188,45,high,gain_weight,77,90,2814,100,448,68
male,60,150,46,low,gain_weight,69,62,1824,117,225,49
female,76,151,25,low,gain_weight,90,59,2091,147,265,48
female,96,187,40,high,lose_weight,71,45,2431,201,232,77
male,77,189,50,low,lose_weight,58,136,1379,157,85,45
female,96,177,38,low,gain_weight,116,169,2437,199,246,72
female,66,188,36,moderate,lose_weight,59,48,1547,121,177,39
male,66,161,25,low,gain_weight,83,165,2154,121,268,66
male,71,190,44,low,build_muscle,80,38,2201,153,232,72
male,69,189,36,low,lose_weight,49,134,1257,136,114,28
male,62,150,44,moderate,gain_weight,64,65,2497,128,361,59
female,76,158,21,high,lose_weight,45,106,1880,140,193,60
female,96,172,23,high,gain_weight,112,172,3249,186,426,88
female,65,177,21,low,lose_weight,54,36,1131,136,83,28
male,76,158,25,high,lose_weight,54,32,2187,163,239,63
male,93,171,29,high,build_muscle,103,111,3509,185,475,95
male,98,180,48,moderate,gain_weight,100,143,3218,169,440,86
female,84,178,39,moderate,gain_weight,86,38,2873,176,364,78
female,60,162,39,low,build_muscle,70,142,1667,108,205,45
female,89,187,26,moderate,gain_weight,107,175,3031,179,377,89
male,98,157,41,high,build_muscle,127,92,3343,174,475,82
male,86,189,22,moderate,build_muscle,98,30,3488,177,449,109
male,94,165,21,moderate,gain_weight,102,88,3282,201,431,83
male,79,176,48,moderate,gain_weight,102,106,2919,137,404,83
female,68,158,29,low,gain_weight,71,37,1912,136,242,44
male,63,153,20,low,build_muscle,70,49,2194,127,306,50
female,57,178,47,high,gain_weight,72,180,2634,112,393,67
male,60,172,46,high,gain_weight,73,94,2806,104,450,65
female,54,164,19,high,gain_weight,69,35,2545,102,356,78
female,76,185,35,moderate,lose_weight,53,168,1759,156,171,49
male,85,172,30,high,lose_weight,51,46,2364,138,304,65
female,56,159,19,moderate,lose_weight,43,92,1381,101,166,34
male,74,151,48,low,lose_weight,62,110,940,138,30,29
female,83,166,22,moderate,build_muscle,103,139,2809,174,372,69
male,75,188,44,moderate,gain_weight,86,167,2956,150,429,70
male,81,187,22,low,build_muscle,90,130,2663,129,359,78
male,73,150,37,moderate,gain_weight,89,149,2762,138,375,78
female,75,180,29,high,lose_weight,68,123,2352,147,265,78
male,66,184,48,low,gain_weight,75,157,2101,109,289,55
male,56,176,19,low,lose_weight,49,66,1175,113,94,37
male,100,162,46,moderate,lose_weight,73,66,2026,168,224,50
female,97,177,19,moderate,lose_weight,64,57,2119,156,242,58
female,85,167,46,high,lose_weight,64,180,1856,157,194,49
male,62,182,40,moderate,lose_weight,56,48,1742,100,243,40
female,53,176,24,low,build_muscle,68,79,1960,93,281,51
female,55,163,43,high,gain_weight,66,39,2452,113,356,63
female,61,175,47,low,gain_weight,70,178,1941,133,216,60
female,50,190,50,high,gain_weight,56,161,2379,101,341,67
male,71,171,39,high,build_muscle,79,77,2982,127,427,85
female,99,164,47,high,lose_weight,92,72,2018,173,213,52
male,95,184,50,low,gain_weight,99,118,2483,191,249,79
male,53,164,47,moderate,lose_weight,37,74,1445,95,158,47
male,89,180,23,moderate,lose_weight,72,118,2175,186,219,61
male,86,162,37,low,gain_weight,105,54,2385,153,293,66
male,76,159,40,low,build_muscle,78,100,2187,153,245,65
female,59,175,20,high,build_muscle,74,172,2816,109,445,66
female,70,190,50,low,gain_weight,80,51,2074,112,302,46
female,78,172,45,high,build_muscle,82,41,2923,153,417,70
male,100,158,28,low,build_muscle,109,137,2483,185,277,69
female,79,187,47,high,gain_weight,95,174,3003,139,412,88
male,66,178,29,high,lose_weight,44,77,2175,112,278,67
female,93,165,27,low,lose_weight,86,161,1676,198,105,51
male,96,167,29,moderate,gain_weight,112,62,3261,181,395,106
male,89,188,26,moderate,build_muscle,110,110,3294,158,475,84
female,86,164,33,moderate,build_muscle,96,49,2768,161,326,90
male,79,158,38,high,gain_weight,96,105,3196,170,448,80
male,98,185,28,high,lose_weight,70,99,2824,174,330,89
female,73,189,43,high,build_muscle,84,175,3101,140,424,93
female,51,189,23,low,lose_weight,30,97,921,83,79,30
male,93,156,28,moderate,lose_weight,85,68,2034,150,232,55
male,96,153,25,high,gain_weight,124,167,3338,178,439,96
female,53,167,38,high,build_muscle,55,100,2448,93,349,74
male,60,158,42,moderate,lose_weight,55,117,1789,119,218,48
female,55,159,31,low,build_muscle,66,56,1894,98,259,51
female,73,176,41,moderate,build_muscle,77,93,2521,128,374,56
female,50,172,20,low,gain_weight,64,180,1987,88,274,59
male,97,179,35,low,build_muscle,119,93,2591,157,347,63
male,55,168,37,moderate,lose_weight,46,84,1567,89,196,47
male,96,187,47,high,build_muscle,117,110,3563,185,503,89
male,80,164,39,moderate,build_muscle,104,101,2877,173,395,66
male,78,178,35,low,gain_weight,83,98,2457,153,325,60
female,57,151,42,moderate,lose_weight,36,175,1168,106,121,28
female,56,154,24,low,build_muscle,60,133,1717,101,226,45
female,76,151,28,moderate,gain_weight,93,104,2573,139,322,80
female,88,189,31,low,build_muscle,99,102,2448,176,271,72
female,77,178,30,moderate,gain_weight,92,133,2908,157,407,71
female,100,177,32,high,build_muscle,108,73,3286,189,461,76
male,91,178,32,moderate,lose_weight,80,160,2342,193,258,59
female,57,187,30,high,lose_weight,35,141,1664,102,218,42
male,98,168,40,moderate,lose_weight,92,130,2401,197,265,60
male,54,170,33,moderate,lose_weight,32,164,1562,103,198,39
male,88,176,38,high,gain_weight,113,65,3546,176,523,82
female,82,162,21,high,build_muscle,85,101,2938,172,354,92
male,86,160,35,moderate,build_muscle,108,99,3106,185,387,90
male,96,186,26,high,build_muscle,109,124,3608,197,448,114
male,99,159,24,low,build_muscle,125,118,2662,164,305,86
male,53,182,46,moderate,lose_weight,38,162,1441,114,151,42
female,72,177,23,low,lose_weight,60,99,1177,142,81,31
male,90,168,40,moderate,build_muscle,100,165,3060,151,404,92
male,78,183,25,high,gain_weight,91,134,3443,152,499,92
female,99,173,37,high,gain_weight,107,134,3242,214,375,97
male,100,177,22,high,build_muscle,113,137,3827,195,507,112
male,74,178,29,low,build_muscle,88,172,2427,124,351,58
male,100,185,20,low,build_muscle,120,67,2768,196,316,79
female,96,156,35,low,gain_weight,115,100,2293,174,250,65
female,92,161,26,moderate,gain_weight,95,110,2953,180,365,85
male,97,179,27,high,lose_weight,86,125,2755,194,305,84
female,72,162,25,high,lose_weight,44,41,1804,136,202,49
male,81,154,29,moderate,gain_weight,90,47,2819,142,352,93
female,59,166,39,high,gain_weight,70,153,2498,119,337,74
female,61,169,23,high,lose_weight,49,113,1704,124,197,46
male,87,166,25,low,gain_weight,98,58,2397,146,310,63
female,86,152,28,moderate,gain_weight,92,67,2658,165,328,75
female,78,182,40,low,build_muscle,83,179,2253,162,260,62
male,67,178,46,high,lose_weight,62,43,2001,108,282,48
female,73,173,40,low,gain_weight,85,66,2052,146,236,57
male,61,160,36,moderate,gain_weight,70,142,2508,127,334,73
male,92,165,50,low,gain_weight,95,96,2417,192,244,74
male,52,162,26,moderate,build_muscle,63,62,2515,85,380,72
male,56,153,21,low,gain_weight,64,168,1966,105,253,59
female,52,153,35,high,gain_weight,67,103,2363,106,362,54
male,100,181,41,moderate,build_muscle,111,157,3275,168,469,80
male,66,154,28,high,gain_weight,76,51,3049,123,413,100
male,52,184,21,high,build_muscle,58,111,3071,87,453,100
male,76,153,34,moderate,build_muscle,97,158,2694,124,381,74
male,67,188,30,high,build_muscle,84,132,3254,122,487,90
female,87,161,36,high,lose_weight,74,91,1984,154,195,64
male,50,163,32,high,gain_weight,60,90,2618,100,392,71
female,61,186,39,moderate,gain_weight,76,56,2437,125,326,69
male,85,174,49,high,build_muscle,106,38,3290,171,413,105
male,67,183,25,high,gain_weight,81,64,3286,141,443,105
female,69,152,42,moderate,build_muscle,88,57,2245,122,317,53
male,54,174,32,moderate,gain_weight,57,65,2668,111,388,74
female,55,180,19,moderate,build_muscle,63,80,2477,113,346,71
female,97,175,44,moderate,lose_weight,88,147,2040,192,181,60
male,66,167,43,high,lose_weight,60,93,2002,144,229,56
female,99,164,49,low,gain_weight,102,176,2179,161,236,65
male,60,171,26,moderate,gain_weight,68,84,2694,104,393,78
female,66,159,46,low,build_muscle,79,175,1701,113,217,41
male,74,161,36,high,build_muscle,93,133,2978,160,381,89
female,67,190,36,high,lose_weight,47,141,1858,130,204,57
male,81,171,36,low,gain_weight,100,65,2368,174,262,68
female,100,164,26,moderate,gain_weight,114,71,2921,174,403,67
male,95,163,24,low,gain_weight,97,173,2650,196,289,78
male,80,159,32,high,build_muscle,104,55,3125,151,434,86
male,90,190,40,moderate,build_muscle,94,65,3401,173,461,95
male,97,187,39,low,build_muscle,110,107,2651,177,288,87
male,99,181,18,low,lose_weight,71,75,1723,174,130,56
male,83,183,46,moderate,build_muscle,98,129,3105,164,448,72
female,79,150,34,low,lose_weight,53,61,899,149,29,20
female,56,162,46,high,lose_weight,44,39,1344,106,141,39
female,80,179,19,moderate,gain_weight,92,71,3006,155,434,71
male,51,152,40,high,gain_weight,54,126,2627,88,386,80
male,85,167,40,moderate,lose_weight,66,172,1878,175,155,61
female,58,184,46,low,lose_weight,48,67,832,94,71,18
male,74,158,42,moderate,lose_weight,52,31,1741,144,163,56
female,70,178,33,moderate,gain_weight,85,41,2636,137,345,78
male,63,172,27,moderate,build_muscle,70,137,2668,126,390,66
female,74,150,27,moderate,lose_weight,56,140,1378,152,93,44
female,96,150,23,low,build_muscle,102,65,2366,164,263,72
male,89,181,29,moderate,lose_weight,57,180,2230,195,231,58
male,54,151,42,high,build_muscle,67,142,2532,102,360,75
female,62,186,40,moderate,gain_weight,71,133,2495,118,342,72
male,51,177,37,high,gain_weight,64,49,2661,106,413,64
female,69,160,21,low,gain_weight,87,130,1944,137,243,46
male,68,151,50,low,build_muscle,74,99,1923,128,242,49
male,77,151,44,moderate,gain_weight,90,78,2729,167,355,70
male,67,171,22,low,gain_weight,81,38,2226,109,315,58
male,98,176,27,high,lose_weight,93,53,2672,214,309,64
male,96,187,40,high,gain_weight,122,57,3743,183,484,119
male,86,184,47,moderate,lose_weight,73,126,1964,148,208,59
female,90,188,37,high,build_muscle,93,30,3432,192,484,80
male,79,187,18,low,gain_weight,83,54,2554,173,276,83
male,95,150,48,low,gain_weight,122,107,2226,162,274,53
male,54,153,29,high,gain_weight,59,77,2539,96,359,79
female,61,176,20,moderate,build_muscle,77,120,2596,98,406,63
female,63,176,46,low,gain_weight,71,47,1916,120,245,50
male,97,165,40,high,lose_weight,65,169,2428,158,311,61
male,65,164,49,low,lose_weight,50,94,1113,105,115,25
male,60,190,44,low,build_muscle,68,53,2163,108,322,48
female,67,161,38,low,gain_weight,76,120,1920,141,200,61
male,53,154,30,moderate,gain_weight,61,176,2374,110,322,71
male,83,156,29,high,gain_weight,91,51,3094,177,436,70
male,85,175,35,high,lose_weight,77,125,2469,147,340,57
female,69,174,38,high,gain_weight,82,166,2849,136,428,65
female,93,190,23,moderate,build_muscle,104,57,3312,198,385,108
female,84,163,47,high,build_muscle,86,169,2823,144,408,67
female,50,184,30,high,lose_weight,33,144,1580,100,196,43
female,66,179,46,high,lose_weight,56,102,1593,121,191,37
male,90,188,29,high,gain_weight,105,52,3683,160,573,82
female,62,185,25,low,gain_weight,73,80,2174,111,279,67
male,50,174,31,high,lose_weight,35,94,1758,93,239,47
female,100,160,33,low,gain_weight,116,147,2297,165,262,65
male,90,155,38,moderate,lose_weight,67,97,1932,187,173,54
male,93,165,33,high,gain_weight,118,31,3446,148,491,98
female,83,174,25,low,build_muscle,87,174,2336,170,252,71
male,92,182,48,high,lose_weight,67,62,2511,198,251,79
female,53,180,35,low,gain_weight,55,38,1768,105,219,52
male,64,189,39,moderate,gain_weight,75,59,2862,130,376,92
male,92,164,34,moderate,gain_weight,102,140,3014,181,383,83
male,69,190,21,moderate,build_muscle,74,70,3005,120,432,87
male,100,160,39,moderate,lose_weight,62,56,2091,187,224,49
female,57,151,19,high,gain_weight,72,103,2486,93,377,66
female,73,178,26,low,gain_weight,87,88,2279,156,285,56
male,70,159,28,moderate,lose_weight,45,39,1658,127,167,53
male,69,184,31,low,gain_weight,89,31,2331,147,269,73
male,88,154,48,low,lose_weight,63,81,1248,164,54,41
male,99,168,29,moderate,build_muscle,107,59,3274,188,408,98
male,62,172,31,moderate,gain_weight,70,160,2848,116,398,87
male,86,164,32,low,build_muscle,101,99,2476,139,315,72
male,62,160,28,moderate,lose_weight,47,48,1505,101,193,36
female,90,150,19,low,lose_weight,57,61,1201,156,73,31
male,50,188,21,low,lose_weight,30,46,1122,107,107,29
male,54,153,23,high,gain_weight,66,164,2609,102,377,76
male,52,161,31,high,gain_weight,64,109,2643,83,394,81
male,78,158,39,high,lose_weight,46,94,1929,153,191,60
male,65,172,45,moderate,gain_weight,68,48,2709,105,411,71
female,56,179,32,low,build_muscle,59,178,2044,120,262,56
female,92,184,48,high,gain_weight,108,84,3118,200,398,80
male,97,186,18,high,lose_weight,86,124,2943,183,364,83
female,97,150,34,moderate,build_muscle,101,56,2617,190,306,70
male,67,175,39,low,lose_weight,56,161,1366,121,148,32
female,97,160,50,moderate,build_muscle,108,169,2773,183,359,66
female,83,188,25,low,build_muscle,91,91,2467,139,351,55
male,84,150,36,moderate,lose_weight,59,132,1744,159,172,46
male,74,186,33,low,gain_weight,80,160,2373,160,274,70
male,85,180,25,moderate,build_muscle,104,100,3097,164,405,90
male,69,159,43,high,lose_weight,49,39,1765,133,191,51
female,58,190,49,high,lose_weight,37,121,1718,103,218,47
male,74,157,18,moderate,gain_weight,87,137,2935,140,429,72
female,81,186,19,low,lose_weight,58,124,1299,172,55,42
female,74,157,49,moderate,build_muscle,83,158,2489,157,295,75
female,83,165,45,low,lose_weight,64,148,1013,139,60,23
male,59,156,19,high,lose_weight,48,137,1864,101,242,54
male,78,172,19,high,lose_weight,72,134,2624,170,320,73
male,60,167,30,moderate,build_muscle,77,142,2624,107,353,86
male,78,186,31,low,lose_weight,63,120,1463,166,114,37
male,53,177,48,moderate,build_muscle,56,166,2395,110,359,57
male,54,176,26,low,gain_weight,69,127,2052,108,270,59
male,80,178,31,moderate,build_muscle,87,143,3092,144,405,99
female,98,187,47,low,build_muscle,108,92,2559,174,329,60
male,73,151,32,moderate,gain_weight,79,172,2704,159,375,62
female,54,157,20,low,gain_weight,61,72,1727,87,238,47
male,80,164,38,low,gain_weight,92,64,2257,154,292,52
female,91,153,26,low,gain_weight,109,95,2207,156,247,65
female,52,164,20,high,gain_weight,62,149,2535,86,398,66
female,89,188,46,high,gain_weight,106,71,3330,159,434,106
male,50,186,46,low,gain_weight,57,179,2098,99,286,61
male,62,167,42,high,gain_weight,65,164,2764,129,354,91
female,76,157,47,moderate,build_muscle,78,40,2498,130,313,80
female,89,175,19,high,build_muscle,91,99,3304,158,500,74
male,94,163,27,low,build_muscle,112,52,2487,192,248,80
female,79,155,26,moderate,lose_weight,71,118,1719,149,193,38
female,50,170,46,low,lose_weight,33,139,689,100,21,22
female,51,158,33,low,lose_weight,41,126,852,101,67,19
female,77,190,31,high,lose_weight,54,111,2200,127,300,54
female,75,167,29,high,lose_weight,57,162,1837,152,170,60
male,71,151,32,moderate,build_muscle,87,64,2684,144,334,85
female,71,162,29,high,gain_weight,78,140,2751,143,380,72
male,96,189,34,moderate,gain_weight,101,44,3335,175,431,101
male,71,153,44,low,gain_weight,85,163,2188,151,274,53
male,95,182,35,high,lose_weight,65,163,2593,189,318,62
female,79,183,24,high,lose_weight,66,149,2175,172,243,57
female,56,185,38,low,lose_weight,50,30,1029,115,75,29
female,92,189,42,moderate,gain_weight,109,145,3093,156,408,92
female,65,155,35,high,build_muscle,73,88,2671,138,395,59
male,81,152,45,moderate,build_muscle,96,119,2795,162,379,69
female,52,175,34,low,lose_weight,38,42,742,94,51,17
male,72,160,43,low,gain_weight,74,172,2283,132,323,51
female,78,163,38,high,build_muscle,94,134,2895,160,359,90
female,84,175,30,moderate,gain_weight,95,102,2681,171,357,62
male,74,163,38,high,lose_weight,64,108,2011,123,262,51
male,66,159,18,low,build_muscle,74,115,2163,121,281,61
female,90,170,33,moderate,build_muscle,113,35,2758,186,353,66
female,80,169,31,moderate,lose_weight,72,106,1796,148,210,40
female,56,183,32,high,build_muscle,68,87,2603,93,423,59
male,80,151,26,low,gain_weight,90,87,2230,161,259,60
female,86,171,49,moderate,lose_weight,62,113,1612,177,129,42
male,94,179,50,low,build_muscle,122,149,2481,183,289,65
male,61,188,26,high,build_muscle,74,81,3208,107,503,84
female,91,181,50,low,lose_weight,70,79,1334,187,55,40
male,80,179,41,moderate,lose_weight,70,123,1945,150,215,53
male,66,189,23,low,gain_weight,70,100,2272,131,287,66
male,97,160,29,high,lose_weight,69,102,2457,171,309,59
male,58,179,32,low,build_muscle,72,49,2287,110,326,59
female,62,150,38,low,lose_weight,38,80,748,135,5,20
male,88,176,18,low,build_muscle,90,45,2765,190,308,85
female,84,156,18,high,lose_weight,61,85,2021,136,230,61
female,65,177,38,high,build_muscle,73,170,2779,128,399,74
female,100,162,35,moderate,lose_weight,78,89,1951,195,167,55
female,71,162,30,low,gain_weight,79,148,1867,151,193,54
male,70,177,38,high,build_muscle,89,80,3029,120,429,92
male,84,159,37,high,lose_weight,51,131,2169,166,219,69
male,53,152,46,low,gain_weight,58,159,1865,113,225,56
female,86,161,42,low,build_muscle,100,100,2117,186,214,57
female,52,186,48,moderate,lose_weight,40,114,1366,91,161,39
female,51,171,31,high,gain_weight,60,112,2475,107,383,56
male,52,173,21,low,build_muscle,64,86,2140,102,309,54
female,78,189,34,low,build_muscle,82,66,2200,157,262,57
female,100,164,41,moderate,lose_weight,68,161,1847,177,151,59
male,51,167,38,low,gain_weight,56,57,1971,90,280,53
male,54,159,25,moderate,lose_weight,45,121,1606,100,216,37
female,75,154,49,moderate,lose_weight,56,83,1255,140,100,32
female,64,167,49,high,build_muscle,69,68,2566,112,374,68
female,75,186,41,high,gain_weight,91,114,3009,123,416,94
male,56,161,41,moderate,lose_weight,46,73,1404,99,166,37
male,62,156,34,moderate,build_muscle,69,148,2571,127,354,71
female,93,169,25,high,gain_weight,109,115,3245,151,494,73
female,83,157,44,high,lose_weight,69,147,1702,136,198,40
female,100,152,39,high,build_muscle,116,142,3005,199,350,89
male,64,161,44,high,build_muscle,78,36,2835,117,397,86
female,97,182,31,high,build_muscle,104,37,3481,162,503,90
male,59,150,31,low,gain_weight,74,108,1985,101,278,51
female,75,186,18,moderate,gain_weight,89,31,2820,125,414,73
female,59,185,23,high,gain_weight,69,94,2967,108,439,86
female,89,157,33,moderate,build_muscle,111,61,2757,173,328,83
female,84,182,48,high,lose_weight,72,154,2103,146,237,63
male,55,186,33,low,lose_weight,34,38,1090,104,90,34
male,58,168,42,moderate,lose_weight,36,150,1457,110,155,43
female,54,178,23,low,lose_weight,47,130,1175,88,117,38
male,87,173,30,moderate,gain_weight,98,138,3088,179,378,95
female,86,164,43,high,lose_weight,57,34,1874,182,190,42
female,61,164,38,high,lose_weight,48,173,1732,117,188,56
male,59,169,41,high,lose_weight,46,76,1729,95,224,49
male,91,150,42,high,build_muscle,107,130,3174,146,427,97
male,100,153,33,moderate,lose_weight,92,89,2088,174,215,58
female,60,161,43,low,build_muscle,73,180,1782,105,250,40
male,94,172,28,high,lose_weight,65,155,2525,155,298,78
female,56,159,42,moderate,gain_weight,59,143,2228,93,340,54
male,67,161,40,moderate,gain_weight,73,156,2495,137,357,57
male,52,163,25,low,build_muscle,67,59,1923,97,258,55
male,84,189,36,moderate,gain_weight,107,118,3027,151,427,78
female,78,178,45,high,gain_weight,90,62,2938,139,404,84
male,98,179,39,high,gain_weight,127,180,3603,204,513,81
male,56,189,43,low,lose_weight,44,33,1051,92,94,33
male,65,185,50,low,gain_weight,70,151,2121,116,297,51
male,90,173,41,high,build_muscle,115,91,3399,192,467,84
male,81,152,48,high,gain_weight,105,141,2878,140,385,86
female,60,170,40,moderate,gain_weight,73,38,2408,106,373,54
female,57,170,48,moderate,lose_weight,38,63,1297,95,160,30
female,77,168,32,low,gain_weight,83,122,2048,132,245,59
female,65,177,41,low,build_muscle,76,171,1945,116,235,59
male,86,160,29,high,build_muscle,108,47,3313,137,463,100
female,88,174,23,low,build_muscle,113,163,2484,158,282,80
female,57,152,25,moderate,lose_weight,45,31,1300,115,116,41
male,67,155,24,moderate,build_muscle,70,48,2734,114,398,76
male,100,181,43,low,lose_weight,64,60,1582,206,104,37
female,72,170,31,high,gain_weight,86,156,2793,150,400,65
male,64,160,25,low,build_muscle,66,162,2033,114,276,52
female,54,180,25,moderate,lose_weight,34,57,1440,108,157,41
female,82,170,22,high,lose_weight,55,161,2173,180,211,67
female,56,167,50,high,build_muscle,59,59,2310,120,300,69
male,91,178,19,high,gain_weight,94,75,3698,165,485,121
male,77,178,49,moderate,build_muscle,92,90,2871,168,362,83
female,81,155,50,high,build_muscle,99,127,2623,148,363,63
female,84,154,26,low,build_muscle,106,130,2296,166,289,52
male,87,182,38,low,lose_weight,57,115,1481,190,98,36
male,64,176,45,high,gain_weight,79,88,3015,139,419,86
male,87,158,46,moderate,build_muscle,109,92,2931,163,384,81
female,59,150,23,moderate,gain_weight,63,101,2139,99,313,54
female,83,173,23,high,lose_weight,60,76,2092,177,196,66
male,63,180,39,low,build_muscle,73,96,2082,109,290,53
male,90,164,19,high,gain_weight,104,163,3515,196,501,80
male,100,176,47,high,lose_weight,73,115,2496,174,300,66
male,68,164,31,low,build_muscle,78,99,2099,120,261,63
female,84,159,44,moderate,build_muscle,88,65,2538,159,317,69
female,64,168,45,high,gain_weight,67,113,2543,134,331,75
female,80,160,49,low,build_muscle,84,50,2123,147,236,65
male,89,152,47,high,build_muscle,96,69,3107,154,436,82
male,96,183,44,moderate,lose_weight,76,67,2231,155,266,60
male,55,172,34,high,build_muscle,63,150,2832,117,440,66
female,65,154,20,low,gain_weight,72,81,1916,132,239,47
male,93,150,21,high,lose_weight,55,30,2364,173,285,58
female,72,161,32,high,lose_weight,49,63,1740,154,185,42
male,77,167,40,low,build_muscle,81,152,2274,123,277,74
male,52,154,19,low,gain_weight,57,152,2145,96,310,57
male,85,176,18,moderate,build_muscle,100,34,3252,181,410,98
male,92,170,48,high,gain_weight,116,91,3303,174,405,109
female,96,177,33,low,gain_weight,108,58,2451,197,252,72
male,79,185,48,high,build_muscle,86,164,3257,141,478,86
male,52,166,43,moderate,gain_weight,55,48,2473,113,342,71
male,86,155,39,high,build_muscle,91,104,3258,177,436,88
female,63,175,20,moderate,build_muscle,70,132,2444,111,366,59
female,78,173,22,high,build_muscle,100,92,3059,130,445,84
male,94,189,42,low,lose_weight,60,65,1593,203,111,37
female,84,188,30,low,lose_weight,79,69,1479,159,112,43
male,68,187,35,moderate,gain_weight,74,143,3082,131,425,94
female,51,158,36,high,lose_weight,35,92,1287,108,124,39
male,89,188,34,low,build_muscle,98,153,2511,180,277,75
male,81,183,28,moderate,lose_weight,75,91,2402,130,329,62
male,63,163,34,low,build_muscle,70,96,2140,114,277,63
male,97,169,24,high,build_muscle,115,159,3599,196,433,119
male,81,174,28,low,lose_weight,64,149,1341,149,111,33
male,58,165,31,low,gain_weight,64,113,2083,100,316,46
male,82,171,18,low,gain_weight,90,78,2456,152,325,60
male,91,171,29,low,build_muscle,102,35,2440,171,316,54
female,70,175,32,moderate,lose_weight,45,159,1605,132,167,45
male,51,185,19,low,build_muscle,57,125,2198,90,299,70
male,56,167,39,low,lose_weight,44,118,1018,106,88,26
female,57,185,21,moderate,gain_weight,61,44,2689,91,392,83
female,66,162,40,low,lose_weight,47,52,806,140,2,26
male,53,176,34,low,build_muscle,61,109,2201,109,276,73
male,63,174,18,low,lose_weight,58,173,1781,129,219,42
male,78,150,29,low,lose_weight,55,119,1094,144,70,25
male,55,170,38,low,build_muscle,65,169,2031,116,281,48
male,68,160,38,low,build_muscle,76,63,2189,141,241,72
female,77,170,31,moderate,gain_weight,85,100,2718,138,351,84
male,65,168,18,moderate,lose_weight,50,112,1782,133,216,42
female,89,186,46,low,lose_weight,76,140,1308,188,42,43
female,61,190,45,low,gain_weight,71,111,1990,124,233,62
female,99,176,33,high,build_muscle,127,85,3434,210,460,83
male,70,173,48,low,build_muscle,75,174,2066,152,246,52
female,84,178,24,low,gain_weight,105,102,2382,135,307,67
male,86,181,33,high,gain_weight,109,149,3427,164,486,91
male,86,176,29,moderate,build_muscle,110,90,3073,143,425,88
male,100,163,39,low,build_muscle,115,52,2595,211,302,59
male,69,183,30,low,build_muscle,77,65,2389,140,314,63
male,100,171,48,moderate,lose_weight,61,36,2058,211,186,51
male,91,181,45,high,build_muscle,113,174,3559,169,494,99
female,97,181,39,moderate,build_muscle,115,79,2921,194,332,90
male,68,172,19,high,build_muscle,74,151,3366,129,518,85
male,76,156,50,moderate,lose_weight,48,114,1688,139,165,52
male,79,169,26,low,build_muscle,101,62,2389,155,314,56
male,79,174,20,low,lose_weight,67,82,1373,141,110,40
female,69,179,21,low,gain_weight,79,54,2230,122,322,50
female,60,153,45,high,gain_weight,71,141,2353,112,358,52
male,85,180,32,high,build_muscle,110,161,3519,165,523,84
male,92,177,25,low,lose_weight,75,162,1517,196,71,49
male,87,160,45,low,build_muscle,99,118,2282,189,248,58
male,97,174,22,low,gain_weight,124,175,2563,180,291,74
female,60,177,47,low,build_muscle,76,75,1942,108,277,44
male,99,186,24,moderate,build_muscle,112,116,3389,186,462,88
female,99,153,23,high,gain_weight,104,87,3189,185,416,86
female,94,189,30,high,build_muscle,120,169,3481,197,444,101
male,85,173,42,high,gain_weight,89,147,3251,146,434,102
male,69,161,43,low,lose_weight,51,98,1090,135,71,28
male,75,175,28,moderate,gain_weight,97,40,3115,138,410,102
female,96,177,28,low,lose_weight,82,66,1402,157,115,34
male,78,165,46,low,gain_weight,83,115,2316,163,242,76
female,74,184,48,low,lose_weight,58,178,1146,154,51,35
male,81,159,34,high,gain_weight,88,34,3087,161,404,91
male,69,190,44,moderate,lose_weight,59,132,1904,134,234,47
male,84,168,44,high,build_muscle,86,118,3144,173,389,99
male,60,156,32,moderate,gain_weight,78,105,2402,96,350,68
female,68,153,34,low,lose_weight,61,81,960,121,65,23
male,83,181,40,low,build_muscle,86,94,2478,164,315,62
female,60,155,21,moderate,gain_weight,66,165,2475,106,332,80
female,87,172,28,high,gain_weight,105,96,3189,152,482,72
male,52,155,34,low,build_muscle,62,45,1900,101,239,59
male,80,189,31,high,lose_weight,70,117,2503,158,329,60
female,95,164,40,low,lose_weight,59,91,1150,208,5,32
male,61,185,49,low,gain_weight,76,154,2034,133,230,64
male,77,184,30,high,lose_weight,51,170,2348,151,273,72
male,79,159,24,low,build_muscle,83,135,2315,169,280,57
female,71,189,34,high,build_muscle,81,89,3123,121,461,87
female,91,173,28,low,gain_weight,115,55,2424,163,313,57
female,81,165,21,moderate,build_muscle,89,107,2762,175,371,63
female,54,164,20,low,gain_weight,68,175,2045,95,263,67
female,98,176,24,low,gain_weight,108,113,2489,210,278,59
male,52,152,21,high,build_muscle,57,117,2843,83,469,70
male,86,163,19,moderate,build_muscle,95,178,3139,183,376,99
male,98,179,33,moderate,gain_weight,100,37,3328,209,405,96
female,89,179,18,low,lose_weight,54,98,1484,163,105,45
female,88,179,24,high,lose_weight,74,178,2305,160,260,68
male,75,189,47,high,lose_weight,53,36,2306,156,257,72
female,77,176,23,moderate,lose_weight,64,100,1808,130,225,42
female,66,171,27,low,lose_weight,47,117,950,112,69,24
male,77,155,46,low,build_muscle,92,142,2007,149,209,63
male,63,150,37,low,build_muscle,66,157,1991,118,238,62
female,96,172,37,low,gain_weight,111,58,2349,155,257,77
male,98,173,24,low,build_muscle,126,46,2718,197,285,87
female,93,179,18,moderate,build_muscle,103,141,3098,202,407,73
female,81,172,30,low,build_muscle,102,67,2163,175,203,72
female,52,162,24,low,gain_weight,55,169,1926,104,254,54
female,92,176,36,high,lose_weight,74,173,2199,197,230,54
female,65,190,25,moderate,build_muscle,71,82,2753,107,394,82
male,64,150,28,high,build_muscle,70,84,2870,115,457,64
female,69,164,29,moderate,lose_weight,41,101,1513,127,159,40
female,75,189,37,moderate,lose_weight,55,166,1817,120,207,56
female,80,156,40,low,build_muscle,96,92,2010,131,266,46
female,68,190,42,high,gain_weight,78,77,2860,118,402,86
male,72,168,18,high,build_muscle,84,109,3168,148,463,80
male,65,153,49,moderate,lose_weight,47,59,1318,105,144,35
male,52,159,20,low,lose_weight,34,123,1040,106,94,26
female,50,189,24,high,gain_weight,56,122,2703,95,420,70
female,91,159,31,high,gain_weight,94,115,3169,167,422,89
male,61,167,38,low,lose_weight,48,112,993,100,77,31
male,58,160,20,moderate,gain_weight,73,44,2522,114,342,77
female,68,158,26,low,gain_weight,75,158,2057,130,230,68
male,90,152,26,moderate,gain_weight,105,149,3018,167,400,82
male,88,180,37,high,lose_weight,62,133,2453,176,289,65
male,65,167,45,moderate,lose_weight,44,159,1583,119,178,43
male,74,160,42,moderate,lose_weight,55,75,1658,136,190,38
male,82,186,45,low,lose_weight,67,92,1513,133,137,47
female,96,156,32,high,build_muscle,114,72,3075,159,442,74
male,100,168,35,high,gain_weight,120,47,3564,217,443,101
female,88,187,41,moderate,lose_weight,79,153,2091,161,214,65
female,100,179,43,high,build_muscle,122,163,3251,164,478,75
male,68,161,50,low,build_muscle,71,42,2159,146,273,53
female,72,176,49,moderate,gain_weight,85,76,2533,144,356,59
female,83,179,21,low,gain_weight,96,89,2438,140,317,67
female,52,170,50,low,build_muscle,67,77,1714,101,226,44
female,65,159,37,high,lose_weight,48,167,1551,125,153,48
male,76,190,39,moderate,build_muscle,95,108,3014,125,475,67
female,91,150,21,moderate,lose_weight,65,37,1691,147,187,38
male,75,186,42,high,lose_weight,59,88,2195,122,268,69
female,91,161,44,high,build_muscle,103,40,3092,190,362,97
male,78,186,47,high,gain_weight,97,58,3354,158,501,79
male,72,190,35,low,gain_weight,80,59,2560,133,374,58
male,55,168,49,moderate,gain_weight,64,79,2404,96,354,66
female,72,167,36,high,gain_weight,77,88,2894,119,429,77
male,89,158,25,high,gain_weight,96,147,3346,180,405,111
male,82,151,20,moderate,gain_weight,91,167,2978,145,385,94
female,65,176,45,moderate,build_muscle,77,40,2430,125,301,80
male,75,162,41,high,build_muscle,93,50,3107,152,409,95
male,74,168,22,low,lose_weight,44,166,1288,142,87,40
male,51,188,37,high,build_muscle,64,109,2770,101,383,92
female,55,155,37,low,build_muscle,57,42,1733,100,210,54
male,85,175,38,low,gain_weight,89,115,2265,162,233,75
female,71,181,44,high,lose_weight,56,51,1802,151,178,53
male,94,150,48,high,build_muscle,111,95,3177,152,422,97
male,97,170,34,moderate,lose_weight,91,38,2163,211,215,50
male,73,153,23,moderate,lose_weight,58,139,1671,135,172,49
male,93,184,50,moderate,build_muscle,98,86,3184,150,416,101
female,85,180,33,moderate,build_muscle,110,127,2864,147,420,65
male,65,167,28,high,build_muscle,75,97,3072,142,413,94
male,62,176,44,low,lose_weight,37,68,1147,101,126,25
male,86,151,48,moderate,build_muscle,97,43,2782,162,342,84
female,53,186,40,low,lose_weight,39,105,876,91,77,22
female,93,188,46,moderate,build_muscle,102,65,3053,178,413,76
male,62,188,45,moderate,build_muscle,72,117,2675,127,372,74
male,53,173,48,moderate,lose_weight,38,42,1458,87,180,43
female,55,164,20,low,build_muscle,57,140,1818,99,220,60
male,93,161,29,low,lose_weight,73,61,1474,154,114,44
male,67,156,35,moderate,build_muscle,78,157,2647,138,343,79
male,51,153,39,high,lose_weight,38,160,1608,108,181,49
female,74,156,33,moderate,gain_weight,83,105,2473,123,358,60
female,94,174,23,low,lose_weight,80,123,1442,173,110,34
female,96,170,49,moderate,lose_weight,69,172,1796,173,149,55
female,82,161,33,low,lose_weight,54,97,1187,177,52,30
male,93,187,39,low,gain_weight,114,65,2586,166,314,73
male,100,150,21,moderate,gain_weight,119,115,3144,190,390,91
male,91,161,49,high,lose_weight,69,160,2280,157,290,54
female,67,186,27,low,build_muscle,71,133,2041,142,242,55
female,90,187,46,low,lose_weight,76,30,1259,177,61,33
female,83,154,25,high,build_muscle,107,60,2926,136,414,80
male,61,173,27,high,gain_weight,71,98,3163,131,443,95
female,50,155,28,high,build_muscle,57,124,2345,92,326,74
female,85,183,49,high,lose_weight,70,61,2015,177,209,51
female,77,185,43,moderate,gain_weight,79,76,2735,149,385,66
female,72,176,40,moderate,gain_weight,92,131,2642,144,355,71
female,87,171,31,moderate,build_muscle,91,170,2887,185,346,84
male,55,159,46,high,gain_weight,64,97,2459,113,349,67
male,88,176,41,moderate,gain_weight,98,134,3068,170,412,81
female,78,179,40,moderate,gain_weight,97,126,2734,147,399,60
female,71,180,31,low,build_muscle,81,118,2092,120,266,60
male,92,190,21,high,gain_weight,118,70,3688,196,515,93
female,72,187,27,high,build_muscle,91,74,3184,145,465,82
male,85,156,23,high,lose_weight,53,179,2316,158,291,57
female,55,157,47,high,lose_weight,46,135,1390,90,153,46
female,81,168,25,low,gain_weight,95,30,2151,148,235,68
female,51,174,42,high,lose_weight,45,41,1464,89,193,36
male,91,175,32,high,lose_weight,70,141,2555,166,336,60
female,90,166,20,moderate,gain_weight,115,163,2988,145,394,92
male,67,161,39,moderate,build_muscle,69,150,2511,123,328,78
male,68,171,43,moderate,gain_weight,80,39,2755,138,362,83
male,82,172,21,moderate,gain_weight,98,110,3200,166,469,72
male,83,179,26,high,build_muscle,89,164,3330,156,472,90
male,87,175,41,low,gain_weight,89,81,2561,146,362,58
male,65,172,22,low,build_muscle,79,118,2312,142,303,58
male,76,176,33,low,build_muscle,82,94,2382,149,307,61
female,54,182,40,moderate,lose_weight,38,132,1276,111,125,36
female,88,181,41,high,gain_weight,97,80,3085,193,365,94
female,78,184,39,moderate,lose_weight,46,84,1713,168,137,54
male,82,156,46,low,gain_weight,86,113,2304,154,297,54
female,60,158,29,high,gain_weight,72,63,2616,97,395,71
female,61,173,42,moderate,build_muscle,66,152,2454,125,355,58
female,92,163,47,moderate,build_muscle,107,136,2616,186,313,68
male,77,150,27,low,build_muscle,95,31,2247,131,307,54
female,71,179,28,moderate,gain_weight,87,139,2673,130,358,79
female,98,172,22,moderate,gain_weight,109,179,3156,162,442,81
female,99,181,35,low,gain_weight,113,135,2379,203,235,69
male,98,175,20,moderate,gain_weight,121,159,3329,210,396,100
female,86,177,21,low,build_muscle,100,66,2399,157,296,64
male,98,183,18,moderate,gain_weight,122,90,3586,158,508,101
male,58,161,34,low,lose_weight,42,173,1059,120,78,29
female,54,151,45,high,build_muscle,60,85,2221,89,342,55
male,100,165,21,high,build_muscle,129,67,3688,207,514,89
male,79,154,42,high,build_muscle,99,33,2947,152,375,92
female,69,169,25,high,gain_weight,80,173,2854,143,367,90
female,77,162,40,low,lose_weight,68,84,1076,133,80,24
male,61,173,31,low,build_muscle,71,76,2169,129,302,49
male,76,190,46,low,gain_weight,78,97,2297,133,287,67
female,57,166,39,low,build_muscle,72,86,1891,91,272,48
female,59,181,38,high,build_muscle,65,58,2700,106,386,81
male,64,153,34,high,build_muscle,72,86,2806,115,391,86
female,91,181,43,moderate,lose_weight,85,148,2186,157,271,52
male,51,175,38,high,lose_weight,32,32,1788,97,233,51
male,72,161,18,low,gain_weight,80,109,2152,122,259,69
female,77,150,33,low,build_muscle,88,55,1833,159,164,59
female,86,180,45,moderate,build_muscle,97,69,2831,180,347,79
female,60,182,22,high,lose_weight,43,34,1757,120,213,46
male,71,171,25,moderate,gain_weight,89,144,2880,130,388,89
female,52,168,28,high,gain_weight,55,121,2476,86,348,82
female,77,174,43,moderate,gain_weight,100,64,2679,167,338,72
female,79,167,37,high,gain_weight,95,100,2936,135,411,83
male,99,189,20,high,gain_weight,102,71,3831,215,499,107
female,65,189,48,high,build_muscle,74,105,2749,104,419,72
female,54,190,38,high,lose_weight,40,175,1758,116,201,54
female,89,152,50,high,lose_weight,58,122,1832,187,150,53
male,88,189,40,high,lose_weight,81,170,3000,149,394,91
male,65,154,44,high,build_muscle,84,58,2752,106,380,89
male,88,153,22,low,lose_weight,75,173,1578,180,101,50
female,69,162,20,low,build_muscle,77,39,1982,130,219,64
male,82,173,44,high,build_muscle,98,74,3179,175,451,74
female,54,178,50,high,lose_weight,43,95,1523,95,188,43
female,61,176,33,moderate,lose_weight,40,66,1470,129,144,41
male,61,155,40,high,build_muscle,77,95,2727,102,403,78
female,88,166,50,high,lose_weight,64,57,1856,184,155,55
female,65,168,29,low,gain_weight,77,147,2114,128,268,58
female,53,155,26,high,lose_weight,44,71,1460,107,172,37
male,69,166,47,high,gain_weight,79,115,2938,129,420,82
female,74,180,44,moderate,build_muscle,81,96,2648,160,357,63
male,79,154,34,high,build_muscle,102,52,2907,135,432,70
male,62,156,27,high,build_muscle,76,172,2832,127,432,65
female,53,152,40,low,lose_weight,44,94,688,110,10,22
female,82,184,33,high,gain_weight,98,103,3102,167,422,82
female,95,188,50,high,gain_weight,113,79,3298,199,432,85
female,92,155,39,high,lose_weight,65,77,1882,149,223,43
female,50,163,42,high,gain_weight,61,30,2321,98,331,66
male,66,171,35,moderate,lose_weight,39,125,1794,130,196,53
male,80,163,46,moderate,build_muscle,96,167,2796,156,337,91
male,99,180,38,low,gain_weight,115,165,2542,176,312,65
female,79,184,30,low,lose_weight,60,128,1247,145,98,30
male,89,174,44,low,gain_weight,106,52,2417,166,261,78
male,56,167,22,low,lose_weight,48,43,1186,100,135,26
female,81,180,25,moderate,build_muscle,94,148,2937,158,361,95
female,73,165,31,low,build_muscle,83,60,2059,139,268,47
female,99,178,31,high,build_muscle,114,69,3550,171,486,101
male,75,185,44,low,gain_weight,94,95,2369,148,292,67
male,66,185,47,moderate,gain_weight,71,82,2681,141,347,80
female,81,156,32,moderate,gain_weight,98,104,2611,138,376,61
female,56,167,35,high,lose_weight,45,38,1513,100,174,46
female,64,178,21,low,lose_weight,56,67,1086,133,60,34
male,79,181,28,low,gain_weight,97,155,2521,131,357,62
female,57,186,21,low,gain_weight,66,111,2057,96,300,52
female,75,180,44,low,build_muscle,83,171,2212,147,263,63
female,64,158,30,moderate,gain_weight,70,133,2345,120,307,70
female,62,184,21,high,build_muscle,64,102,2767,119,417,68
female,85,179,22,moderate,build_muscle,94,167,2882,138,427,68
female,89,156,25,moderate,lose_weight,83,121,1985,189,186,53
male,68,187,20,high,lose_weight,58,72,2421,132,326,64
female,55,166,30,low,build_muscle,71,120,1950,96,265,55
female,85,174,45,moderate,build_muscle,107,93,2884,183,365,76
female,62,158,35,high,gain_weight,74,132,2564,133,342,73
male,78,172,25,low,build_muscle,84,94,2411,147,299,69
female,91,166,39,high,gain_weight,93,41,3126,188,417,77
male,94,176,30,high,gain_weight,116,110,3549,203,432,111
male,58,168,29,moderate,gain_weight,74,56,2604,117,383,66
female,57,187,18,low,lose_weight,46,67,1177,113,110,31
female,65,165,18,high,build_muscle,68,63,2845,118,409,81
male,88,170,30,low,gain_weight,95,161,2395,172,294,58
male,71,161,32,high,gain_weight,81,95,3083,153,410,91
female,56,184,50,moderate,lose_weight,44,35,1385,117,157,31
female,96,180,35,low,lose_weight,80,130,1343,174,91,31
male,65,187,45,low,build_muscle,73,128,2383,120,335,62
male,63,165,40,high,lose_weight,44,67,1761,128,221,40
female,99,158,19,moderate,gain_weight,117,103,2854,165,372,77
female,80,175,19,high,build_muscle,97,165,3076,158,425,82
male,87,155,49,moderate,build_muscle,89,127,2685,167,357,65
female,67,183,44,low,lose_weight,44,163,978,113,68,27
male,76,161,27,high,gain_weight,85,98,3002,149,415,82
female,57,165,23,high,build_muscle,67,38,2654,115,358,84
female,69,159,28,high,lose_weight,44,89,1773,137,211,41
male,92,185,28,low,gain_weight,107,80,2619,178,344,58
female,56,152,49,low,gain_weight,64,137,1608,104,211,38
female,91,156,19,low,build_muscle,114,78,2324,151,279,66
male,61,174,48,low,lose_weight,47,127,1007,132,63,24
female,59,179,28,moderate,lose_weight,41,162,1434,123,138,42
male,72,189,41,high,build_muscle,86,167,3189,132,460,90
female,89,159,40,high,lose_weight,80,137,2109,172,249,47
male,56,160,20,high,build_muscle,72,168,2762,102,440,65
male,52,163,34,moderate,gain_weight,58,108,2444,93,338,79
female,85,156,29,low,gain_weight,97,47,2104,172,198,69
male,58,155,38,high,build_muscle,69,177,2659,119,352,85
male,54,153,49,low,lose_weight,33,46,883,106,50,28
male,66,186,37,low,build_muscle,79,41,2247,130,302,57
male,81,176,36,high,gain_weight,98,47,3182,141,416,105
male,85,190,37,moderate,lose_weight,56,126,2093,181,203,61
male,52,155,43,low,gain_weight,67,46,1812,106,230,51
male,74,170,36,low,gain_weight,86,113,2259,148,265,67
female,58,176,37,high,gain_weight,75,139,2584,125,383,61
female,63,153,39,low,lose_weight,47,134,746,117,30,16
male,92,155,33,high,lose_weight,58,120,2246,196,234,57
female,98,166,28,low,build_muscle,114,38,2382,176,247,76
female,83,170,44,low,build_muscle,93,59,2200,145,284,53
female,96,157,32,high,build_muscle,107,179,3124,199,353,101
male,56,170,27,low,gain_weight,65,171,2096,93,290,62
female,79,180,36,moderate,build_muscle,91,56,2798,171,340,83
male,54,176,44,moderate,gain_weight,57,174,2510,109,352,73
male,66,162,44,low,build_muscle,84,142,2131,112,268,67
female,54,179,37,moderate,build_muscle,60,68,2325,102,344,59
female,83,156,29,low,lose_weight,74,59,1146,140,76,30
male,59,189,50,low,lose_weight,51,176,1426,114,165,34
male,98,164,20,low,lose_weight,79,176,1680,174,155,40
male,56,179,44,moderate,lose_weight,35,45,1585,97,198,44
male,52,151,36,moderate,build_muscle,54,65,2233,99,333,55
male,78,167,28,moderate,lose_weight,46,126,1978,167,218,48
male,73,187,25,high,lose_weight,68,117,2780,149,338,92
female,69,190,47,high,lose_weight,61,148,2085,142,236,63
female,63,158,22,high,build_muscle,77,91,2664,106,424,59
female,52,159,38,low,lose_weight,32,93,726,111,22,21
male,83,166,21,moderate,lose_weight,67,42,2091,162,221,61
female,84,153,42,moderate,build_muscle,92,59,2435,142,310,69
male,95,190,28,low,build_muscle,115,165,2673,198,327,63
male,76,189,45,moderate,lose_weight,49,65,1950,142,204,62
female,55,172,34,high,build_muscle,63,137,2629,118,403,59
male,88,180,32,moderate,gain_weight,92,101,3115,156,411,93
male,59,186,24,low,lose_weight,44,104,1176,97,109,38
male,81,169,43,moderate,build_muscle,98,149,2835,159,393,69
male,83,177,23,low,gain_weight,94,36,2543,142,327,73
male,80,170,43,low,build_muscle,98,104,2238,175,238,64
female,67,163,31,low,gain_weight,85,56,2032,122,254,58
male,87,163,23,moderate,lose_weight,80,157,2512,150,345,58
male,80,184,28,moderate,gain_weight,89,114,3170,137,475,79
female,92,186,46,moderate,gain_weight,113,136,3012,159,435,70
male,92,179,30,moderate,build_muscle,114,171,3223,183,448,77
male,53,175,48,high,gain_weight,55,164,2685,94,385,85
male,92,152,25,high,lose_weight,64,78,2345,160,253,76
female,66,165,43,high,gain_weight,72,152,2673,108,382,78
female,53,156,47,low,lose_weight,40,137,571,113,-7,16
female,91,181,47,moderate,lose_weight,54,46,1854,176,148,61
female,96,184,36,high,lose_weight,60,70,2323,160,288,58
female,55,162,32,low,lose_weight,48,92,923,105,65,26
male,72,166,21,high,gain_weight,90,118,3128,133,471,78
male,100,187,23,low,build_muscle,129,138,2850,174,390,65
male,51,184,27,high,build_muscle,62,125,3056,97,512,68
male,87,174,36,high,gain_weight,97,92,3362,172,422,109
female,55,186,19,high,gain_weight,64,91,2883,119,394,91
male,92,159,19,moderate,build_muscle,106,44,3142,157,425,89
female,57,170,43,high,gain_weight,71,103,2518,105,357,73
female,73,176,35,high,build_muscle,87,91,2841,143,375,84
female,97,159,41,high,build_muscle,113,147,2948,202,327,92
female,85,190,44,high,gain_weight,103,155,3132,172,447,72
female,95,153,24,moderate,lose_weight,69,131,1856,161,208,41
female,70,153,24,low,gain_weight,88,105,1871,121,218,56
female,55,189,46,moderate,lose_weight,42,55,1449,107,148,47
female,77,167,26,low,build_muscle,83,151,2019,163,204,60
male,73,151,24,high,gain_weight,84,147,2958,151,420,74
male,65,161,39,low,build_muscle,72,36,2008,116,239,65
male,67,164,44,low,build_muscle,85,69,2048,119,264,56
male,72,177,38,moderate,gain_weight,80,84,2846,140,370,88
female,56,181,21,high,build_muscle,71,85,2732,107,379,87
female,52,162,35,high,gain_weight,67,70,2361,111,328,66
male,76,175,41,high,gain_weight,81,153,3315,140,449,106
male,89,179,48,moderate,build_muscle,104,46,3137,150,464,75
female,76,179,38,moderate,build_muscle,98,156,2752,146,355,82
female,53,179,49,moderate,lose_weight,37,150,1234,112,103,41
female,79,183,34,low,lose_weight,51,178,1204,160,79,27
male,53,150,44,high,gain_weight,64,63,2376,88,330,77
male,75,175,38,moderate,build_muscle,96,142,2861,155,345,95
female,96,169,35,low,lose_weight,83,153,1394,161,91,42
male,71,158,48,high,lose_weight,49,164,1746,136,190,48
female,97,160,49,low,gain_weight,119,160,2169,204,204,59
male,53,175,19,high,build_muscle,64,61,2889,105,406,93
male,89,185,28,high,build_muscle,104,90,3698,175,540,92
male,67,150,31,high,lose_weight,54,117,1738,112,219,45
female,92,154,20,high,build_muscle,109,112,3113,199,413,73
male,50,170,41,low,build_muscle,58,93,2038,85,312,49
male,98,187,26,high,lose_weight,80,170,2870,173,342,89
male,69,163,45,low,lose_weight,51,167,1125,110,103,29
male,81,182,47,moderate,build_muscle,96,161,2934,140,394,88
male,66,179,45,high,gain_weight,76,133,3063,118,439,92
male,87,160,34,high,lose_weight,60,77,2192,150,262,60
female,92,173,45,high,build_muscle,113,36,3038,189,374,87
female,73,176,41,low,lose_weight,56,37,1056,147,62,24
male,65,182,36,low,build_muscle,74,170,2253,114,308,62
male,86,163,35,high,build_muscle,89,115,3275,157,496,73
female,62,152,44,low,lose_weight,57,104,1047,106,100,24
female,98,150,22,moderate,build_muscle,104,134,2829,196,363,65
female,94,157,18,moderate,gain_weight,105,126,2985,164,385,87
female,77,157,32,high,lose_weight,72,107,2196,163,261,55
female,81,153,50,moderate,lose_weight,53,122,1447,154,124,36
male,86,183,29,moderate,lose_weight,78,49,2282,161,273,60
female,86,160,47,low,lose_weight,54,156,969,153,26,27
male,59,157,29,high,gain_weight,69,47,2780,103,428,72
male,68,152,43,moderate,build_muscle,81,111,2428,114,348,63
female,80,158,32,low,lose_weight,53,43,962,152,36,23
male,98,184,41,high,lose_weight,70,120,2642,175,311,77
female,51,179,36,moderate,gain_weight,61,123,2258,86,324,68
male,54,167,47,moderate,gain_weight,66,142,2475,96,396,55
male,96,151,20,high,gain_weight,106,127,3411,154,468,102
male,66,172,46,high,gain_weight,85,57,3054,119,478,73
male,59,177,27,high,build_muscle,61,71,2961,101,439,88
male,66,173,30,moderate,gain_weight,77,140,2727,141,402,61
male,89,157,44,moderate,build_muscle,96,39,2987,192,367,82
male,75,153,28,low,lose_weight,67,68,1224,147,70,39
male,94,187,46,low,lose_weight,68,80,1645,187,125,43
female,50,168,37,moderate,build_muscle,56,174,2236,109,284,73
male,98,188,48,high,build_muscle,120,180,3550,207,421,114
male,74,175,25,moderate,build_muscle,86,62,3111,160,399,96
female,74,189,41,high,lose_weight,59,57,1930,148,229,46
male,82,179,42,moderate,gain_weight,94,115,3054,147,407,92
male,100,171,42,moderate,gain_weight,111,131,3138,211,388,82
female,96,158,46,moderate,build_muscle,99,141,2620,165,326,72
male,58,162,28,high,build_muscle,69,85,2820,103,437,72
male,72,151,35,high,gain_weight,81,158,2919,120,460,66
male,61,186,22,high,build_muscle,65,152,3333,101,552,79
male,88,169,43,moderate,build_muscle,107,105,2984,159,405,80
female,93,186,21,moderate,gain_weight,97,152,3222,160,459,82
male,65,152,31,high,lose_weight,52,44,1760,105,205,57
female,78,178,27,low,lose_weight,57,65,1245,160,60,40
male,91,179,47,low,build_muscle,107,155,2526,163,333,59
female,61,179,33,low,lose_weight,52,127,1124,104,117,26
male,93,165,46,moderate,gain_weight,105,147,2906,152,369,91
female,82,160,48,high,gain_weight,99,162,2673,176,312,79
female,91,157,47,low,lose_weight,71,42,1181,175,57,28
female,100,190,46,high,gain_weight,113,118,3392,180,478,83
male,74,184,44,low,gain_weight,84,103,2235,152,267,61
female,71,174,33,moderate,gain_weight,90,61,2508,141,306,79
female,89,161,22,moderate,build_muscle,96,106,2816,145,399,70
male,88,169,25,moderate,gain_weight,111,162,3137,162,388,103
male,89,185,33,low,build_muscle,113,113,2598,186,294,74
female,60,153,18,moderate,lose_weight,45,67,1393,101,146,44
male,87,160,46,moderate,lose_weight,76,55,1814,143,182,57
male,56,173,20,low,lose_weight,49,65,1059,101,94,30
male,89,174,26,low,gain_weight,115,152,2620,163,300,84
female,90,177,21,low,build_muscle,102,60,2381,173,280,62
female,86,170,20,moderate,gain_weight,107,61,2809,150,352,88
male,69,158,47,high,lose_weight,55,122,1881,124,238,47
male,57,170,46,high,lose_weight,51,83,1814,117,207,57
male,57,152,28,high,lose_weight,36,62,1768,102,217,54
male,72,175,28,moderate,gain_weight,85,46,2909,123,387,95
female,66,165,24,moderate,lose_weight,49,71,1394,135,141,31
male,93,152,44,high,lose_weight,84,61,2148,156,220,71
female,83,176,23,moderate,build_muscle,86,78,2998,142,413,86
female,98,176,47,moderate,build_muscle,107,176,2999,210,362,78
male,52,153,44,high,lose_weight,38,105,1560,86,224,34
male,51,170,26,high,gain_weight,57,163,2825,109,436,71
male,51,174,33,low,build_muscle,58,54,2031,92,291,54
male,55,183,46,moderate,lose_weight,48,47,1543,104,178,45
male,70,179,24,low,build_muscle,81,95,2388,133,323,62
male,73,172,21,low,build_muscle,86,148,2336,129,336,52
female,63,154,31,low,build_muscle,70,93,1822,118,243,41
female,63,166,44,high,build_muscle,68,114,2391,133,317,65
male,67,160,28,high,build_muscle,73,92,2850,127,376,92
male,66,171,47,high,lose_weight,52,154,1899,138,228,47
female,83,150,47,high,gain_weight,102,42,2662,177,314,77
female,98,179,22,high,gain_weight,124,64,3532,184,453,108
male,99,178,39,high,gain_weight,105,34,3621,191,484,101
female,84,159,49,low,build_muscle,96,88,2065,146,264,46
female,97,150,21,high,build_muscle,110,158,3204,166,469,73
female,98,176,28,moderate,build_muscle,120,61,3136,200,375,92
male,97,187,40,high,gain_weight,103,60,3657,159,485,119
male,99,163,18,moderate,lose_weight,94,108,2703,173,315,83
male,50,188,44,moderate,gain_weight,56,47,2647,102,392,74
male,68,175,28,high,build_muscle,78,111,3117,113,490,77
female,57,171,49,low,build_muscle,69,30,1691,99,213,49
female,96,183,29,moderate,lose_weight,86,107,1998,158,209,58
female,100,177,49,low,lose_weight,77,75,1257,190,33,40
female,50,167,25,moderate,gain_weight,53,91,2288,90,324,70
male,74,153,41,high,gain_weight,92,137,2821,159,345,89
female,54,151,32,moderate,build_muscle,65,67,2057,107,281,55
male,68,171,50,moderate,gain_weight,84,129,2696,144,362,74
female,79,168,36,moderate,lose_weight,71,164,2004,168,210,54
female,82,154,35,low,gain_weight,88,57,2109,143,273,49
female,93,179,25,moderate,build_muscle,107,33,3120,163,420,87
male,90,166,26,moderate,lose_weight,58,148,2094,155,244,54
male,97,168,40,moderate,build_muscle,111,124,3153,195,390,89
male,63,186,20,low,build_muscle,75,77,2494,111,357,68
male,59,162,43,high,build_muscle,76,44,2685,109,389,76
male,84,167,32,low,build_muscle,89,74,2303,156,286,59
female,59,174,50,moderate,build_muscle,65,139,2363,128,289,76
male,67,178,49,moderate,lose_weight,49,75,1593,128,169,44
male,74,169,43,moderate,build_muscle,87,130,2873,135,432,67
female,86,155,34,high,build_muscle,89,66,2883,165,345,93
male,98,169,36,low,gain_weight,116,81,2484,188,261,76
male,76,180,20,low,gain_weight,90,32,2577,146,343,68
female,72,167,32,high,gain_weight,90,85,2773,144,394,68
female,77,158,49,low,lose_weight,71,47,906,164,-4,29
female,63,170,39,high,lose_weight,55,145,1887,119,228,55
male,90,190,20,low,build_muscle,115,131,2681,177,298,86
male,82,182,41,high,build_muscle,89,117,3276,137,502,79
female,95,188,29,moderate,gain_weight,119,152,3206,163,441,87
male,75,190,25,low,lose_weight,67,146,1669,160,154,45
male,93,190,37,low,lose_weight,86,134,1839,195,163,44
female,74,174,20,high,lose_weight,59,129,2045,137,256,51
male,51,160,34,high,build_muscle,64,76,2694,94,394,81
male,75,155,18,moderate,lose_weight,62,180,2062,149,257,48
male,63,187,26,low,build_muscle,72,155,2348,101,330,68
male,69,159,47,low,lose_weight,54,179,1044,111,78,31
female,99,187,42,low,gain_weight,105,127,2323,174,284,54
female,74,186,20,high,build_muscle,86,115,3185,143,449,90
male,74,153,25,moderate,gain_weight,85,108,2835,153,350,90
female,85,152,28,high,build_muscle,87,162,2765,160,379,67
female,91,182,21,low,lose_weight,68,47,1503,186,102,38
female,52,158,26,moderate,lose_weight,33,147,1144,99,122,28
male,59,162,18,low,gain_weight,71,106,2120,104,276,66
male,85,164,43,moderate,build_muscle,89,164,3055,152,415,87
female,70,172,39,high,gain_weight,86,59,2814,121,414,74
male,92,176,50,low,gain_weight,102,51,2468,167,308,62
male,68,190,29,high,lose_weight,60,48,2324,131,318,58
male,96,173,26,high,gain_weight,113,111,3603,199,501,88
male,100,161,41,moderate,gain_weight,124,160,3193,166,441,84
female,84,171,48,low,lose_weight,60,156,1115,182,32,28
male,100,179,44,moderate,lose_weight,60,150,2261,171,250,63
male,92,185,49,moderate,lose_weight,80,154,2321,155,284,62
female,67,151,33,high,build_muscle,76,105,2426,123,335,65
male,77,179,40,low,gain_weight,96,169,2265,159,274,58
male,59,170,47,low,gain_weight,76,64,2046,113,266,58
female,93,168,33,high,build_muscle,119,129,3152,179,409,88
male,95,154,30,low,build_muscle,111,74,2410,164,289,65
female,61,159,36,moderate,build_muscle,74,148,2347,107,346,59
male,68,183,46,high,lose_weight,53,159,2142,120,273,62
male,72,165,33,low,lose_weight,54,159,1234,147,89,31
female,77,167,34,high,build_muscle,90,79,2867,158,357,89
female,91,171,48,high,lose_weight,77,134,1996,199,167,58
female,95,183,39,high,build_muscle,118,101,3202,160,478,71
male,94,170,48,high,gain_weight,97,64,3338,173,452,92
female,60,180,36,high,lose_weight,42,30,1735,96,239,43
female,62,166,21,moderate,build_muscle,78,82,2427,101,362,63
male,92,169,47,high,build_muscle,97,39,3340,188,404,107
male,55,150,32,moderate,build_muscle,69,33,2226,103,307,64
male,70,158,39,moderate,build_muscle,89,144,2676,118,356,86
male,91,158,43,high,build_muscle,107,179,3263,167,405,107
male,95,164,25,high,build_muscle,114,47,3517,169,499,93
female,55,188,24,high,build_muscle,61,157,2833,97,452,70
female,66,163,19,moderate,lose_weight,49,97,1410,120,144,39
male,80,186,39,low,lose_weight,62,119,1419,129,129,42
female,55,160,44,low,build_muscle,61,46,1725,101,236,41
female,76,184,19,moderate,lose_weight,54,138,1818,131,211,49
male,68,165,35,low,build_muscle,74,147,2245,137,276,65
female,76,190,43,moderate,gain_weight,84,161,2794,144,367,83
female,85,167,28,moderate,lose_weight,73,128,1715,136,165,56
female,53,164,43,low,lose_weight,44,142,995,85,98,28
female,89,179,27,low,gain_weight,96,111,2339,188,272,55
male,68,173,18,low,gain_weight,87,127,2334,122,322,61
male,63,183,33,high,gain_weight,65,56,3143,105,514,73
male,65,163,41,high,build_muscle,78,157,2869,137,375,91
male,100,169,24,high,lose_weight,61,100,2565,216,252,76
female,80,154,28,low,lose_weight,56,86,992,144,41,27
male,75,164,24,high,gain_weight,92,95,3125,125,474,80
male,89,179,40,moderate,gain_weight,91,70,3080,169,376,99
male,55,177,35,low,build_muscle,68,152,2066,102,290,54
female,77,174,41,moderate,build_muscle,98,55,2671,140,363,72
male,65,168,41,moderate,build_muscle,83,152,2580,123,343,79
male,52,153,41,low,lose_weight,37,74,865,106,60,22
male,88,161,50,moderate,lose_weight,65,94,1942,157,226,45
male,75,188,22,low,gain_weight,78,133,2585,135,344,73
female,75,162,50,low,gain_weight,88,131,1945,145,230,48
female,65,186,34,high,gain_weight,67,97,2969,134,391,95
male,74,151,37,high,lose_weight,65,169,2219,141,264,66
female,93,156,32,high,build_muscle,103,171,3142,150,409,100
female,96,154,47,moderate,lose_weight,89,60,1754,210,115,50
female,87,187,21,low,gain_weight,92,48,2480,156,313,66
male,81,189,45,low,build_muscle,97,99,2472,143,326,66
male,80,157,45,high,lose_weight,59,66,1907,175,197,45
male,79,180,26,low,lose_weight,70,118,1648,133,182,42
female,62,163,41,moderate,lose_weight,39,68,1199,132,100,29
male,77,190,30,moderate,build_muscle,79,148,3061,168,430,73
male,81,169,47,high,gain_weight,100,52,3187,158,405,103
male,98,175,46,low,gain_weight,122,68,2558,215,284,62
female,81,171,22,high,build_muscle,93,33,3114,170,423,81
male,52,184,23,high,lose_weight,39,145,1989,87,270,61
male,68,180,18,high,gain_weight,87,95,3279,113,476,102
female,52,184,45,low,build_muscle,63,115,1836,102,222,59
female,99,182,42,high,build_muscle,109,163,3342,171,447,96
male,78,174,18,moderate,build_muscle,90,158,3076,168,438,72
male,89,164,45,moderate,build_muscle,112,30,3049,169,370,98
female,100,153,30,low,build_muscle,116,72,2365,215,220,69
male,57,153,44,low,gain_weight,67,140,1969,109,267,51
female,57,190,36,high,lose_weight,44,61,1733,109,235,39
female,91,175,40,low,build_muscle,95,140,2131,151,226,68
female,52,156,31,low,lose_weight,34,167,664,113,15,16
female,60,175,19,high,build_muscle,73,145,2788,104,431,71
female,83,177,46,moderate,lose_weight,65,106,1626,136,157,49
female,64,181,34,low,lose_weight,58,158,1442,112,139,48
male,88,181,37,high,gain_weight,95,68,3505,166,512,87
male,82,172,48,low,build_muscle,96,66,2352,172,262,68
male,82,168,48,low,lose_weight,58,83,1254,179,62,31
male,72,187,19,low,build_muscle,74,113,2590,117,346,81
male,57,186,20,moderate,gain_weight,68,49,2827,116,446,63
female,95,150,22,low,build_muscle,107,98,2253,168,249,64
female,100,179,43,low,build_muscle,108,97,2293,184,249,61
female,98,181,34,high,lose_weight,59,130,2310,206,243,56
female,72,185,21,moderate,gain_weight,76,101,2707,119,420,61
male,65,180,22,low,lose_weight,52,115,1217,109,115,35
female,91,157,40,high,build_muscle,118,37,2960,156,428,68
male,62,166,39,high,lose_weight,50,32,1850,118,242,45
male,69,185,35,high,lose_weight,44,46,2097,131,252,62
female,74,173,20,low,build_muscle,77,88,2060,127,240,65
male,80,182,39,low,build_muscle,92,132,2450,155,297,71
male,74,151,28,low,lose_weight,69,109,1572,126,154,49
male,97,187,41,low,gain_weight,124,61,2511,158,310,70
female,65,171,49,low,lose_weight,41,108,902,117,48,26
male,74,162,33,low,gain_weight,84,35,2253,145,255,72
female,63,177,49,high,gain_weight,65,89,2598,130,376,63
male,77,163,42,moderate,gain_weight,99,53,2885,131,420,75
male,56,162,35,high,build_muscle,72,136,2759,114,434,62
female,89,171,44,moderate,build_muscle,113,61,2778,160,394,61
male,88,171,21,moderate,build_muscle,102,93,3205,163,397,106
male,76,187,47,moderate,lose_weight,55,105,1879,166,179,54
male,79,159,32,high,build_muscle,95,66,3205,144,476,80
male,93,189,24,high,lose_weight,63,157,2783,161,345,83
female,96,172,44,low,gain_weight,114,98,2231,156,254,65
male,85,162,43,high,lose_weight,55,107,2052,142,264,47
female,78,182,25,moderate,gain_weight,85,126,2899,158,417,66
female,67,158,38,moderate,gain_weight,70,51,2264,144,262,70
female,78,169,19,moderate,build_muscle,84,127,2676,160,330,79
male,70,172,30,high,gain_weight,89,86,3189,130,482,81
female,74,152,48,low,lose_weight,44,74,860,124,44,20
male,57,153,33,low,build_muscle,63,126,1912,120,247,48
male,82,174,29,moderate,lose_weight,50,126,2082,174,239,47
male,88,177,35,high,lose_weight,65,108,2402,176,298,55
male,88,152,44,high,lose_weight,63,170,2138,146,275,49
male,64,151,29,low,build_muscle,81,67,2021,138,231,60
male,50,175,47,high,build_muscle,60,99,2696,103,390,79
female,96,165,43,low,build_muscle,112,45,2288,191,212,74
female,88,184,36,moderate,gain_weight,110,82,2827,157,342,91
male,97,155,47,low,gain_weight,105,71,2461,208,227,79
male,51,182,36,moderate,lose_weight,45,140,1897,108,252,50
female,64,190,40,low,build_muscle,69,149,2147,138,267,58
female,68,184,41,moderate,lose_weight,47,52,1631,145,141,53
female,52,188,44,moderate,lose_weight,38,125,1271,110,117,40
male,79,185,21,high,build_muscle,91,159,3543,164,470,111
male,93,179,45,high,gain_weight,119,123,3584,170,477,110
male,94,185,21,moderate,build_muscle,114,171,3448,175,432,112
male,95,180,45,moderate,gain_weight,122,135,3049,190,371,88
female,91,171,28,moderate,build_muscle,103,135,2989,161,362,99
male,83,170,46,moderate,lose_weight,66,126,1802,174,166,48
male,72,175,26,moderate,gain_weight,81,31,2947,140,396,88
male,82,188,39,moderate,gain_weight,98,101,3129,168,438,78
male,73,155,25,moderate,lose_weight,66,125,1952,152,190,64
male,71,184,22,moderate,gain_weight,83,30,2980,114,480,66
male,94,189,38,high,lose_weight,66,118,2570,198,252,85
female,64,184,22,moderate,lose_weight,56,165,1948,106,256,55
female,82,163,39,moderate,gain_weight,97,129,2745,143,382,71
female,82,150,38,high,lose_weight,61,77,1762,132,213,42
male,67,170,48,moderate,build_muscle,69,121,2690,134,387,67
male,81,156,44,low,gain_weight,86,74,2235,133,300,55
male,87,152,45,low,lose_weight,62,52,1268,157,78,35
male,98,187,50,moderate,build_muscle,110,59,3342,169,416,110
male,88,151,40,low,build_muscle,101,49,2176,189,238,51
male,98,150,49,high,lose_weight,65,166,2245,159,273,57
female,64,159,28,high,build_muscle,68,143,2708,128,347,89
female,92,187,39,low,gain_weight,114,105,2417,160,312,58
female,64,164,47,low,build_muscle,71,120,1837,136,211,49
female,55,186,41,high,lose_weight,40,69,1530,116,176,39
male,63,189,39,low,lose_weight,47,133,1178,106,115,32
female,100,153,43,moderate,gain_weight,124,74,2741,216,301,74
male,95,150,45,high,gain_weight,117,149,3210,204,426,76
male,88,189,39,moderate,lose_weight,71,110,2300,145,312,52
female,68,171,33,moderate,build_muscle,81,102,2411,124,314,72
female,60,186,43,moderate,lose_weight,37,102,1544,129,176,35
male,58,169,40,high,lose_weight,36,146,1849,105,243,50
female,59,150,31,low,lose_weight,50,101,836,104,53,23
male,95,182,38,low,build_muscle,104,164,2716,174,303,89
male,97,157,44,low,lose_weight,84,113,1290,206,46,30
female,93,158,39,low,build_muscle,108,92,2184,186,223,60
female,96,156,31,low,gain_weight,115,104,2285,162,247,71
male,84,167,31,low,build_muscle,87,125,2498,135,345,63
male,62,178,21,moderate,lose_weight,56,173,2197,131,267,67
female,99,163,47,moderate,lose_weight,73,148,1825,167,183,47
female,78,183,19,moderate,gain_weight,81,49,2909,164,379,81
female,91,165,47,low,gain_weight,99,155,2135,176,202,68
male,62,160,28,low,build_muscle,65,33,2086,125,255,62
female,59,174,48,moderate,lose_weight,44,73,1240,105,135,30
male,78,185,21,low,gain_weight,94,98,2581,129,335,80
female,91,157,39,low,build_muscle,103,73,2317,162,256,71
male,77,165,48,moderate,lose_weight,58,119,1795,129,206,49
male,68,152,46,high,lose_weight,62,176,2255,112,296,68
male,75,154,18,low,gain_weight,88,154,2217,143,298,50
male,59,178,47,low,lose_weight,39,94,1107,98,98,35
male,99,159,33,high,build_muscle,118,36,3396,214,464,75
female,84,178,34,moderate,gain_weight,107,34,2858,177,383,68
female,70,182,18,high,build_muscle,76,159,3122,119,476,81
male,87,163,43,moderate,build_muscle,107,75,2917,141,374,95
female,78,157,34,low,gain_weight,99,44,2029,126,272,47
male,75,174,21,high,lose_weight,55,32,2232,139,284,59
female,91,156,41,low,gain_weight,93,127,2003,145,250,46
female,99,179,31,high,build_muscle,128,154,3371,195,464,81
female,74,163,43,moderate,gain_weight,94,35,2394,138,287,76
female,88,172,22,low,build_muscle,92,154,2289,146,262,72
male,94,172,38,moderate,build_muscle,119,127,3124,155,451,77
male,98,185,23,moderate,gain_weight,103,45,3450,167,510,81
female,85,164,35,low,build_muscle,96,163,2298,164,270,62
male,68,156,37,high,gain_weight,83,159,2748,139,352,86
male,73,178,19,low,gain_weight,79,160,2305,120,308,65
female,77,156,35,low,build_muscle,80,49,2123,140,278,49
female,81,152,26,low,gain_weight,91,114,2056,136,238,62
male,65,153,18,low,build_muscle,69,106,2104,112,295,52
female,59,184,19,moderate,gain_weight,76,130,2636,114,363,80
female,86,170,25,high,build_muscle,103,131,3190,159,423,95
male,60,181,44,high,lose_weight,54,42,1968,117,259,51
female,99,181,31,low,build_muscle,128,100,2459,200,288,56
female,64,169,45,low,build_muscle,80,157,1953,103,285,43
male,98,182,28,high,gain_weight,127,162,3823,172,548,104
male,65,167,44,moderate,gain_weight,81,61,2762,134,349,91
female,91,174,49,high,gain_weight,97,79,3022,169,383,90
female,96,176,33,high,gain_weight,122,88,3240,169,453,83
male,90,171,39,low,build_muscle,117,96,2457,155,277,80
female,94,178,18,low,lose_weight,75,58,1428,202,76,35
female,78,187,26,high,gain_weight,91,165,3236,148,484,78
male,75,171,46,high,build_muscle,82,78,3026,142,413,89
male,50,157,26,low,gain_weight,52,152,1924,90,280,48
female,54,187,32,high,lose_weight,39,87,1739,114,231,39
female,64,172,40,moderate,build_muscle,83,87,2363,123,336,58
male,52,176,38,low,lose_weight,36,79,1099,113,95,29
female,93,153,24,high,build_muscle,109,44,3012,166,377,93
male,58,150,42,moderate,gain_weight,74,62,2354,122,298,74
male,58,167,20,moderate,lose_weight,49,148,1808,109,206,60
male,52,152,23,high,build_muscle,67,120,2631,83,403,76
female,88,156,34,moderate,lose_weight,83,47,1647,189,114,47
female,89,175,40,moderate,lose_weight,72,53,1738,180,133,53
female,77,169,20,moderate,lose_weight,66,119,1812,139,196,52
male,100,189,40,low,gain_weight,115,178,2770,172,340,79
female,63,174,18,high,build_muscle,69,168,2955,105,450,81
male,57,179,24,low,build_muscle,72,180,2319,114,295,75
male,88,173,24,low,build_muscle,93,103,2553,188,277,76
female,81,185,37,low,gain_weight,101,98,2129,149,235,65
female,64,155,38,moderate,gain_weight,71,137,2276,125,304,61
male,94,179,44,high,gain_weight,96,155,3621,202,499,90
male,82,188,50,moderate,lose_weight,63,73,1993,155,200,63
female,61,154,21,moderate,gain_weight,65,134,2333,109,317,69
male,99,174,21,moderate,lose_weight,63,141,2333,170,270,63
female,65,188,20,low,lose_weight,42,75,1078,132,80,25
female,94,153,20,low,gain_weight,109,39,2249,194,216,67
male,67,175,18,low,gain_weight,87,96,2243,135,301,55
female,76,174,28,moderate,lose_weight,70,172,2093,162,236,55
female,75,159,22,high,gain_weight,83,123,2795,120,424,68
male,78,153,45,low,gain_weight,91,143,2036,151,242,51
male,88,172,19,moderate,build_muscle,91,155,3242,157,411,107
female,63,173,45,moderate,lose_weight,42,87,1416,114,152,38
